fold,model,dimension,value,rows,mean_prediction,positive_prediction_fraction,mae,rmse,r2,smape_pct
fold_1,latest_available,borough,Bronx,28896,1.2059108527131783,0.5158153377630121,1.0453696013289036,1.6918535675138058,0.08208086161061023,80.93730840535245
fold_1,previous_day_24h,borough,Bronx,28896,1.1995431893687707,0.5133236434108527,1.0574127906976745,1.7195882255817079,0.0517391788313355,81.13008343758811
fold_1,previous_week_168h,borough,Bronx,28896,1.2190268549280177,0.5166112956810631,1.0474114064230344,1.709000018467795,0.06338088520860663,80.23373502230694
fold_1,zone_hour_average,borough,Bronx,28896,1.1981328139273875,0.9718992248062015,0.8841837766740869,1.3314959120753829,0.43146323142663945,120.25978483450722
fold_1,rolling_mean_24h,borough,Bronx,28896,1.20078326873385,0.9554263565891473,1.0634718761535622,1.571813902443227,0.20771554790071578,118.61157754521435
fold_1,hist_gradient_boosting,borough,Bronx,28896,1.2480271764117674,1.0,0.898020387493043,1.3030748113261976,0.45547530345823517,125.45989494282703
fold_1,xgboost_depth4,borough,Bronx,28896,1.2804089784622192,1.0,0.9119522614424671,1.3071307468240003,0.4520802655196742,124.60991832858326
fold_1,xgboost_depth6,borough,Bronx,28896,1.2590718269348145,1.0,0.8824809465966917,1.28250526235891,0.4725306929967943,124.59179954707821
fold_1,latest_available,borough,Brooklyn,40992,3.647467798594848,0.7073575331772053,2.027078454332553,3.3942784319174777,0.6173520636442088,75.03912794093132
fold_1,previous_day_24h,borough,Brooklyn,40992,3.6573965651834506,0.7080893832943014,2.4449404761904763,4.691193249714518,0.2690778990816869,79.72621097110043
fold_1,previous_week_168h,borough,Brooklyn,40992,3.74756049960968,0.7154810694769711,2.2249951209992194,3.7886732099307734,0.5232631303021469,76.93874315090795
fold_1,zone_hour_average,borough,Brooklyn,40992,3.46665286747254,0.9897540983606558,2.132247238189861,3.92280430129984,0.4889095899026574,95.40592784994287
fold_1,rolling_mean_24h,borough,Brooklyn,40992,3.6545687776476705,0.9858752927400468,2.5709467701014828,4.350292547558618,0.37144776786763745,98.74580465672165
fold_1,hist_gradient_boosting,borough,Brooklyn,40992,3.6761847845804656,1.0,1.721177888328903,2.761811746558704,0.7466665186562823,92.86165415530246
fold_1,xgboost_depth4,borough,Brooklyn,40992,3.668266773223877,1.0,1.7381301296756375,2.7917628738139575,0.7411420536059796,92.42935940672702
fold_1,xgboost_depth6,borough,Brooklyn,40992,3.675884246826172,1.0,1.6993987306941207,2.735664655783352,0.7514406151746387,92.13705767393367
fold_1,latest_available,borough,Manhattan,46368,62.73365251897861,0.8772644927536232,15.856452726017944,29.639436639025597,0.8834167741706072,42.84811887361245
fold_1,previous_day_24h,borough,Manhattan,46368,62.90221704623878,0.8773076259489303,20.339415113871635,44.70428823746661,0.7347871589715516,47.619628646966085
fold_1,previous_week_168h,borough,Manhattan,46368,63.83531746031746,0.8800897170462388,15.174861973775018,30.153142450745236,0.8793405510845854,40.70826378404754
fold_1,zone_hour_average,borough,Manhattan,46368,65.39476955545796,0.9577294685990339,21.36867321710317,42.20705074107084,0.7635898102768701,55.970168662605836
fold_1,rolling_mean_24h,borough,Manhattan,46368,62.83463990970784,0.9554649758454107,38.14292723429951,64.39473560904202,0.4497033012990068,75.2510092005159
fold_1,hist_gradient_boosting,borough,Manhattan,46368,63.87059869629732,0.9995471014492754,9.978453482566373,17.99564317672326,0.9570235117381541,49.42486061430254
fold_1,xgboost_depth4,borough,Manhattan,46368,63.88874816894531,0.9996765010351967,10.48640221195987,19.23012094241531,0.9509250111235249,49.86789931667677
fold_1,xgboost_depth6,borough,Manhattan,46368,63.878257751464844,0.9999784334023465,9.97755401246882,18.171234822535524,0.9561807378928212,49.09206379598395
fold_1,latest_available,borough,Queens,46368,6.477311939268461,0.5596532091097308,2.6700094893029678,10.39384145208714,0.8948003151485063,75.97776653117818
fold_1,previous_day_24h,borough,Queens,46368,6.4644151138716355,0.5598257418909592,2.9990726363008973,13.561127519739104,0.8209172054671309,77.66159897621505
fold_1,previous_week_168h,borough,Queens,46368,6.6125992063492065,0.568301414768806,3.049646307798482,15.33261880592794,0.7710740947178158,76.08853488888728
fold_1,zone_hour_average,borough,Queens,46368,6.963032905544984,0.9752415458937198,2.574756275662073,11.630206031423326,0.8682844407989203,115.72869494522071
fold_1,rolling_mean_24h,borough,Queens,46368,6.465586899010812,0.9601449275362319,4.08528511042098,18.350527564740002,0.6720864430867567,115.52961428118265
fold_1,hist_gradient_boosting,borough,Queens,46368,6.517560879227634,0.9998706004140787,2.0802069575045943,7.525620299495095,0.9448498283914769,118.26744234756599
fold_1,xgboost_depth4,borough,Queens,46368,6.558736801147461,0.9999137336093857,2.1663553277662073,8.053839260644128,0.936836210355938,117.57421846357147
fold_1,xgboost_depth6,borough,Queens,46368,6.535085678100586,0.9996333678398895,2.0734468139481077,7.601182404483592,0.9437367815192081,117.86653113066644
fold_1,latest_available,borough,Staten Island,13440,0.03169642857142857,0.02924107142857143,0.05677083333333333,0.25689885910514243,-0.7908104334753059,10.50793650793651
fold_1,previous_day_24h,borough,Staten Island,13440,0.03184523809523809,0.029389880952380952,0.056026785714285716,0.25631895123440396,-0.7827346254325762,10.287698412698415
fold_1,previous_week_168h,borough,Staten Island,13440,0.03563988095238095,0.03184523809523809,0.05892857142857143,0.26753949419175654,-0.9422318342764873,10.610119047619047
fold_1,zone_hour_average,borough,Staten Island,13440,0.03245510662177328,0.5333333333333333,0.057190606461439794,0.1873655459430448,0.04741282410878622,106.36708949269287
fold_1,rolling_mean_24h,borough,Staten Island,13440,0.03180803571428571,0.3885416666666667,0.05951760912698413,0.1923171437059825,-0.00360141581012674,78.55317461670859
fold_1,hist_gradient_boosting,borough,Staten Island,13440,0.22196356416440086,1.0,0.23622716748649658,0.2733547055781848,-1.0275817497649604,197.4856763132177
fold_1,xgboost_depth4,borough,Staten Island,13440,0.2970411479473114,1.0,0.3052315876630711,0.34800196151354024,-2.2861595729962367,196.88789994166518
fold_1,xgboost_depth6,borough,Staten Island,13440,0.14917786419391632,1.0,0.1648306272702203,0.24360201679290464,-0.6102267010046123,197.8225370811465
fold_1,latest_available,local_hour,0,7336,19.289258451472193,0.6120501635768811,7.304798255179935,21.518765111139555,0.7967143979984479,68.15048111808575
fold_1,previous_day_24h,local_hour,0,7336,13.745501635768811,0.5344874591057798,8.895992366412214,37.38052395872176,0.3865732659922413,69.88355691548028
fold_1,previous_week_168h,local_hour,0,7336,14.004907306434024,0.5505725190839694,4.491003271537623,15.655184040759615,0.8924059426074291,62.36207104597269
fold_1,zone_hour_average,local_hour,0,7336,14.979643765903306,0.9312977099236641,10.1153671392221,33.72386811474537,0.500717097153561,116.88460730463215
fold_1,rolling_mean_24h,local_hour,0,7336,19.319145310796074,0.920392584514722,13.168063885859686,40.34229614919435,0.2855149326938562,115.28287757911369
fold_1,hist_gradient_boosting,local_hour,0,7336,14.44630769405933,0.9998636859323882,3.3262689101281486,9.840952650646706,0.9574846053690581,119.23193598970352
fold_1,xgboost_depth4,local_hour,0,7336,14.519527435302734,1.0,3.5304414490654237,10.427900658217832,0.9522618372736436,119.09057277279085
fold_1,xgboost_depth6,local_hour,0,7336,14.471846580505371,0.9998636859323882,3.3657439139487795,10.04919035998249,0.9556662899828704,117.8125594446634
fold_1,latest_available,local_hour,1,7336,13.718102508178845,0.5338058887677208,5.374591057797165,15.90996683563527,0.8604023928107574,65.97688831047554
fold_1,previous_day_24h,local_hour,1,7336,9.18784078516903,0.4326608505997819,7.185932388222464,37.127154112846895,0.23980895904738142,62.85120064768357
fold_1,previous_week_168h,local_hour,1,7336,9.221237731733915,0.43784078516902947,3.0396673936750274,11.328620831569674,0.9292227787626073,54.87571339855782
fold_1,zone_hour_average,local_hour,1,7336,9.920836867401752,0.9274809160305344,8.539071650712872,33.179883357577744,0.39285959585140906,134.69567221315546
fold_1,rolling_mean_24h,local_hour,1,7336,19.318003680479826,0.9198473282442748,15.656198882224645,45.06595827482901,-0.12004802869282782,139.04006835293816
fold_1,hist_gradient_boosting,local_hour,1,7336,9.79151170517677,0.9989094874591058,2.3625983971253826,7.528331964514136,0.9687437445285481,135.6131166246636
fold_1,xgboost_depth4,local_hour,1,7336,10.016302108764648,0.9994547437295529,2.580303298254602,8.19848549273919,0.9629313567649567,135.2815794933515
fold_1,xgboost_depth6,local_hour,1,7336,9.890066146850586,0.9997273718647764,2.3642273605288278,7.380484784647231,0.9699593583996854,134.00624480503055
fold_1,latest_available,local_hour,2,7336,9.157306434023992,0.4323882224645583,3.40567066521265,12.725169333617826,0.8459738234264788,54.93615161019636
fold_1,previous_day_24h,local_hour,2,7336,6.273718647764449,0.38208833151581245,5.328516902944384,28.95497670725665,0.20253095475631433,58.592545164042974
fold_1,previous_week_168h,local_hour,2,7336,6.218375136314068,0.3914940021810251,2.0828789531079606,7.174108298600156,0.9510443015119636,51.476186894053825
fold_1,zone_hour_average,local_hour,2,7336,6.649561775515974,0.9198473282442748,6.316041641423322,25.788261296653562,0.3674257364249509,139.95222843792996
fold_1,rolling_mean_24h,local_hour,2,7336,19.316731415848786,0.9199836423118866,16.387342102871685,43.433206589333516,-0.7943666211653437,149.36210016642485
fold_1,hist_gradient_boosting,local_hour,2,7336,6.711603042009595,0.997546346782988,1.7517453681261912,5.3893428317233205,0.9723726635275316,143.17235241032395
fold_1,xgboost_depth4,local_hour,2,7336,6.887819766998291,0.9982279171210469,1.8510575102959053,5.649723945623305,0.969638596007574,143.2046799877821
fold_1,xgboost_depth6,local_hour,2,7336,6.786975383758545,0.9997273718647764,1.7314901305707893,5.31101745147166,0.9731698653947439,142.29847016344357
fold_1,latest_available,local_hour,3,7336,6.255179934569248,0.3814067611777535,2.5817884405670664,11.680334207435282,0.7239462718973017,56.3607518463489
fold_1,previous_day_24h,local_hour,3,7336,4.503544165757906,0.4048527808069793,4.091057797164668,20.27679239193324,0.16807995803204756,67.01935371449335
fold_1,previous_week_168h,local_hour,3,7336,4.386723009814613,0.41098691384950925,1.762131952017448,6.482959375799457,0.9149587415423976,58.494300100255515
fold_1,zone_hour_average,local_hour,3,7336,4.638394119310149,0.9427480916030534,4.580854436770467,17.76792742502273,0.36121218807436184,141.12073133074276
fold_1,rolling_mean_24h,local_hour,3,7336,19.315958969465644,0.9198473282442748,16.338950608869503,41.78218439314469,-2.5323632735020736,147.23880791450068
fold_1,hist_gradient_boosting,local_hour,3,7336,4.834401184273268,1.0,1.615387697156232,5.140430514192596,0.9465334620309912,140.4339565806109
fold_1,xgboost_depth4,local_hour,3,7336,4.880692005157471,1.0,1.628950871492664,5.1953857157512005,0.9453841534162171,140.85608036716204
fold_1,xgboost_depth6,local_hour,3,7336,4.715297222137451,0.9994547437295529,1.555898778628042,5.204381558211325,0.9451948543202291,140.80375973486136
fold_1,latest_available,local_hour,4,7336,4.52453653217012,0.4068974918211559,2.6878407851690294,12.064044381898583,-0.01658470860846739,71.41007659362114
fold_1,previous_day_24h,local_hour,4,7336,3.8035714285714284,0.5231733914940022,3.033124318429662,10.415305981649553,0.24229214985069658,70.83857884337321
fold_1,previous_week_168h,local_hour,4,7336,3.5826063249727373,0.5174482006543075,1.920937840785169,5.189011962524194,0.8119267349867346,65.77411902453221
fold_1,zone_hour_average,local_hour,4,7336,3.7308453491659597,0.916030534351145,2.9176057191324367,9.020073727002119,0.43169968733794095,113.0859543549881
fold_1,rolling_mean_24h,local_hour,4,7336,19.316833651399488,0.9201199563794984,16.02491707560887,41.171324383979716,-10.83988257576885,129.0776291109607
fold_1,hist_gradient_boosting,local_hour,4,7336,3.7008263869625715,1.0,1.6319187466333638,3.7436506223913826,0.9021077427429774,124.72250045675644
fold_1,xgboost_depth4,local_hour,4,7336,3.839536190032959,0.9998636859323882,1.7226142835180756,4.195454017689834,0.8770536467669938,122.78458286150457
fold_1,xgboost_depth6,local_hour,4,7336,3.7164924144744873,0.9998636859323882,1.606667971832631,3.7501180984481475,0.9017692161149924,123.60518019294751
fold_1,latest_available,local_hour,5,7336,3.838876772082879,0.527535441657579,3.5383042529989095,10.56763412258136,-0.448739282479679,79.5858202026444
fold_1,previous_day_24h,local_hour,5,7336,4.2534078516902945,0.6164122137404581,2.3996728462377317,5.348666503875873,0.6288702757361209,72.81383282834315
fold_1,previous_week_168h,local_hour,5,7336,4.290757906215921,0.6252726281352236,2.0916030534351147,4.634956788092087,0.7213069886856681,69.46609085347899
fold_1,zone_hour_average,local_hour,5,7336,4.144048628781453,0.9351145038167938,1.942657215557979,4.208577092572461,0.7702236782186719,94.48337501182264
fold_1,rolling_mean_24h,local_hour,5,7336,19.318304707379138,0.9199836423118866,15.7175913304253,40.505373314954525,-20.284329689970676,114.50769308620174
fold_1,hist_gradient_boosting,local_hour,5,7336,4.337377928922422,1.0,1.9885397523684314,4.2211355013486775,0.7688503255296405,106.99826782091404
fold_1,xgboost_depth4,local_hour,5,7336,4.446732997894287,0.9998636859323882,2.135084690890735,4.651944649023483,0.7192603356097931,106.78227117216287
fold_1,xgboost_depth6,local_hour,5,7336,4.428969860076904,0.9998636859323882,1.9191828343160084,3.958283433037768,0.7967416122561067,106.94574396710934
fold_1,latest_available,local_hour,6,7336,4.277126499454743,0.6185932388222465,4.85278080697928,11.405997676135321,0.5743054287018639,77.00565518892878
fold_1,previous_day_24h,local_hour,6,7336,8.347464558342422,0.7026990185387132,3.7587241003271536,8.873013624145063,0.7423833959216051,67.09832920161234
fold_1,previous_week_168h,local_hour,6,7336,8.45474372955289,0.7140130861504908,3.1669847328244276,7.335482030474283,0.8239285789382927,61.439269950219064
fold_1,zone_hour_average,local_hour,6,7336,8.026925746009715,0.9580152671755725,3.4740036680876374,7.758846704370845,0.8030182928122556,86.7902578384919
fold_1,rolling_mean_24h,local_hour,6,7336,19.319292984369323,0.9201199563794984,13.238856324972737,34.90135615242586,-2.985806025864713,99.62263874885753
fold_1,hist_gradient_boosting,local_hour,6,7336,8.0671048964003,1.0,2.6841774736367032,5.494967149023076,0.9011989056263368,91.43792542826523
fold_1,xgboost_depth4,local_hour,6,7336,7.914939880371094,1.0,2.7944774979617826,5.759636542375897,0.8914520286829978,91.52757325852242
fold_1,xgboost_depth6,local_hour,6,7336,8.019335746765137,0.9998636859323882,2.625563644678124,5.400804014702499,0.904556053210934,91.96892333864619
fold_1,latest_available,local_hour,7,7336,8.352099236641221,0.7001090512540894,7.1872955288985825,20.313820630670367,0.6218656932785376,65.920905124742
fold_1,previous_day_24h,local_hour,7,7336,14.383724100327154,0.7287350054525628,6.449291166848419,17.963468624304095,0.7043054950389895,68.59656769904157
fold_1,previous_week_168h,local_hour,7,7336,14.597055616139585,0.7407306434023991,5.20324427480916,12.994887217058812,0.845258114773898,64.35908019566308
fold_1,zone_hour_average,local_hour,7,7336,14.046564885496181,0.9541984732824428,7.073557549320909,16.9628049496447,0.7363315349462866,86.0678957383425
fold_1,rolling_mean_24h,local_hour,7,7336,19.319486095965104,0.9206652126499455,11.65069520174482,29.555783263477764,0.19952494861836245,95.60198893526103
fold_1,hist_gradient_boosting,local_hour,7,7336,14.466121482391939,1.0,3.848474541133097,8.332821050087958,0.9363721915438729,85.92898495343583
fold_1,xgboost_depth4,local_hour,7,7336,14.327401161193848,1.0,4.048044818994816,8.94189127217297,0.926730770586483,85.27797190263587
fold_1,xgboost_depth6,local_hour,7,7336,14.568395614624023,0.9998636859323882,3.8504056535456064,8.3027792000479,0.9368301520262133,85.3332518216168
fold_1,latest_available,local_hour,8,7336,14.368729552889858,0.7283260632497274,6.290076335877862,14.813636913470775,0.8816439885563974,61.251677975157456
fold_1,previous_day_24h,local_hour,8,7336,18.7904852780807,0.7435932388222465,7.440839694656488,20.556462658585158,0.7720898342476827,66.77139716783087
fold_1,previous_week_168h,local_hour,8,7336,19.020992366412212,0.7547709923664122,5.958969465648855,15.312293441065577,0.8735416776179549,62.22395652006175
fold_1,zone_hour_average,local_hour,8,7336,18.53435114503817,0.950381679389313,7.966905422821454,20.121834489693548,0.781625424131829,80.60477530239879
fold_1,rolling_mean_24h,local_hour,8,7336,19.318861323155215,0.920392584514722,11.228098873137041,28.01196230042106,0.5767918759162337,90.25354633583605
fold_1,hist_gradient_boosting,local_hour,8,7336,19.066395997025896,1.0,3.914294776556855,8.121742471546689,0.9644233248136141,82.5643986343561
fold_1,xgboost_depth4,local_hour,8,7336,18.725271224975586,1.0,4.024101747734108,8.498954564771037,0.9610418841545566,81.76657132599064
fold_1,xgboost_depth6,local_hour,8,7336,18.785921096801758,1.0,3.8159665203629918,7.952816863638444,0.9658878656851441,81.200127281677
fold_1,latest_available,local_hour,9,7336,18.74850054525627,0.7425027262813523,5.040757906215921,11.09642848806947,0.9376423575557248,59.70466469481807
fold_1,previous_day_24h,local_hour,9,7336,19.18879498364231,0.7141494002181025,6.242230098146129,17.082769670905996,0.8522117792162823,63.4378846482152
fold_1,previous_week_168h,local_hour,9,7336,19.582197382769902,0.7300981461286805,5.544302071973828,14.571538825036733,0.8924689006805503,61.87518112627693
fold_1,zone_hour_average,local_hour,9,7336,20.00673143650243,0.9465648854961832,6.087355011400813,16.82415610397988,0.8566525971691563,78.98079503321603
fold_1,rolling_mean_24h,local_hour,9,7336,19.31711195928753,0.920392584514722,8.783135677935297,23.13159069538938,0.7290218657638097,83.0374809540544
fold_1,hist_gradient_boosting,local_hour,9,7336,20.056861678088087,1.0,3.9508387388606008,8.618796344478568,0.9623801995347604,87.11796738811658
fold_1,xgboost_depth4,local_hour,9,7336,20.423795700073242,1.0,4.08556817947697,8.912682615932468,0.9597709170200304,86.38043652852205
fold_1,xgboost_depth6,local_hour,9,7336,20.178077697753906,1.0,3.931566571406492,8.631052702139607,0.9622731289992033,86.29150924916522
fold_1,latest_available,local_hour,10,7336,19.110687022900763,0.7134678298800436,4.935796074154853,11.470892707124596,0.9358152409560443,62.368476642550014
fold_1,previous_day_24h,local_hour,10,7336,19.222737186477644,0.6811613958560524,5.184432933478735,14.852340286824766,0.8923962859263272,65.0219021722844
fold_1,previous_week_168h,local_hour,10,7336,19.585741548527807,0.6947928026172301,5.290076335877862,14.99714622071612,0.8902878485650565,64.82036336957707
fold_1,zone_hour_average,local_hour,10,7336,20.97418459403192,0.9389312977099237,4.786574303559037,14.308394796034722,0.9001336196357091,80.66068637411932
fold_1,rolling_mean_24h,local_hour,10,7336,19.3138574609233,0.9202562704471101,7.000051117775355,18.943975242054425,0.8249429059665353,82.95164123352374
fold_1,hist_gradient_boosting,local_hour,10,7336,19.854011324365178,1.0,3.7468366941111357,8.472046387844053,0.9649882249060365,92.43522142557491
fold_1,xgboost_depth4,local_hour,10,7336,19.948232650756836,1.0,3.773044777808624,8.583916666424265,0.964057484761797,92.03231286253838
fold_1,xgboost_depth6,local_hour,10,7336,19.921112060546875,0.9998636859323882,3.6563178589029266,8.332459581769147,0.966132439807428,91.44889498572134
fold_1,latest_available,local_hour,11,7336,19.123091603053435,0.6812977099236641,4.282306434023991,10.601967626683829,0.9537816753376002,60.17591682496277
fold_1,previous_day_24h,local_hour,11,7336,20.589558342420936,0.6815703380588877,5.495229007633588,15.871970211225872,0.8964135544800286,63.22224690827868
fold_1,previous_week_168h,local_hour,11,7336,20.891221374045802,0.6898854961832062,5.646401308615049,16.75496150414714,0.8845674950657397,63.34257940154367
fold_1,zone_hour_average,local_hour,11,7336,22.599514226231786,0.950381679389313,4.993769207891345,15.0336247493409,0.9070672769149843,83.34030525723642
fold_1,rolling_mean_24h,local_hour,11,7336,19.30970556161396,0.9198473282442748,6.663326972010179,18.84248594101522,0.8540118344906328,80.76350311891908
fold_1,hist_gradient_boosting,local_hour,11,7336,20.584367682588834,1.0,3.5214854632802206,8.41202704059775,0.9709033780343526,91.34905964934603
fold_1,xgboost_depth4,local_hour,11,7336,20.680070877075195,1.0,3.5902121410610697,8.67488525042475,0.9690565503017414,90.94556787342944
fold_1,xgboost_depth6,local_hour,11,7336,20.669919967651367,0.9998636859323882,3.469597800199101,8.380482945982243,0.9711211865891543,90.35636179278734
fold_1,latest_available,local_hour,12,7336,20.496455834242095,0.6804798255179935,4.044029443838604,9.594810427098183,0.9671119451006412,59.84241655483667
fold_1,previous_day_24h,local_hour,12,7336,22.110687022900763,0.6793893129770993,5.84201199563795,16.531903824324246,0.9023637407188017,64.1413750672013
fold_1,previous_week_168h,local_hour,12,7336,22.337786259541986,0.6842966194111232,5.9276172300981465,17.672999849038707,0.8884201073179336,63.039475086423174
fold_1,zone_hour_average,local_hour,12,7336,24.484038861901457,0.9465648854961832,5.4767596906909874,16.000601543517337,0.9085385647015893,83.02480503722691
fold_1,rolling_mean_24h,local_hour,12,7336,19.305826290439843,0.9202562704471101,7.031096646673936,20.04835831166096,0.8564103876434066,80.86415924697555
fold_1,hist_gradient_boosting,local_hour,12,7336,22.22627958686977,1.0,3.532534439484551,8.166632102029299,0.9761739869708973,91.21136051967343
fold_1,xgboost_depth4,local_hour,12,7336,22.09671974182129,1.0,3.603286274468106,8.37414267697489,0.9749477865133246,91.47187955769064
fold_1,xgboost_depth6,local_hour,12,7336,22.17194366455078,1.0,3.4580638092904956,8.011462398452094,0.9770707954180603,90.80331387120985
fold_1,latest_available,local_hour,13,7336,21.977508178844058,0.679525627044711,4.133724100327154,10.425901758644958,0.9643812238474735,59.187161160149344
fold_1,previous_day_24h,local_hour,13,7336,23.238276990185387,0.690567066521265,6.215648854961832,17.50668979470868,0.8995708448124465,64.5850184164464
fold_1,previous_week_168h,local_hour,13,7336,23.419847328244273,0.695474372955289,6.244002181025082,18.814032791510797,0.8840113403549767,62.49705610467169
fold_1,zone_hour_average,local_hour,13,7336,25.545523941707145,0.9427480916030534,5.843407356002777,16.778322734761936,0.9077537278921164,81.72020424835284
fold_1,rolling_mean_24h,local_hour,13,7336,19.300277171937473,0.920392584514722,7.113458742275536,20.56869962910828,0.8613673871128609,79.23367231178293
fold_1,hist_gradient_boosting,local_hour,13,7336,23.401526662479988,1.0,3.701153166600743,9.176804735753066,0.9724047255144898,90.2624904042533
fold_1,xgboost_depth4,local_hour,13,7336,23.256582260131836,1.0,3.7825644886488807,9.514992193676026,0.9703333430855652,90.45927245556534
fold_1,xgboost_depth6,local_hour,13,7336,23.370105743408203,1.0,3.64754070938771,9.137987298366188,0.972637685102327,89.76815354698294
fold_1,latest_available,local_hour,14,7336,23.091603053435115,0.6889312977099237,4.672709923664122,12.034613610525046,0.9594743477764783,59.998523722488045
fold_1,previous_day_24h,local_hour,14,7336,24.62718102508179,0.6983369683751364,6.329607415485278,18.849335195054728,0.9005836565098446,63.9095470944191
fold_1,previous_week_168h,local_hour,14,7336,24.858914940021812,0.7071973827699018,6.432115594329335,19.71341150686056,0.8912600106373525,64.19635124844862
fold_1,zone_hour_average,local_hour,14,7336,27.203053435114505,0.9541984732824428,6.1683131753742435,18.339997232316957,0.9058838306677269,81.72259903481586
fold_1,rolling_mean_24h,local_hour,14,7336,19.294165757906217,0.9205288985823337,8.200608869502,25.011559079919305,0.8249559959931541,78.37801346870033
fold_1,hist_gradient_boosting,local_hour,14,7336,24.742938753251263,1.0,3.9356161548626667,9.784683548008038,0.973210828671019,88.58120420000532
fold_1,xgboost_depth4,local_hour,14,7336,24.66202163696289,1.0,4.01556140728368,10.085159719274502,0.9715402374724669,87.55576993083451
fold_1,xgboost_depth6,local_hour,14,7336,24.74585723876953,1.0,3.90237400919654,9.793875385371491,0.9731604729562312,88.19467851744686
fold_1,latest_available,local_hour,15,7336,24.511859323882224,0.6980643402399127,4.854007633587786,12.84243600281382,0.959856672665887,59.69077229127403
fold_1,previous_day_24h,local_hour,15,7336,26.106052344601963,0.6928844056706652,6.710468920392585,20.16713831533567,0.9010064040964713,62.97194050643135
fold_1,previous_week_168h,local_hour,15,7336,26.54293893129771,0.70092693565976,6.815294438386042,20.86922136108826,0.8939938558922977,62.471722141731846
fold_1,zone_hour_average,local_hour,15,7336,29.081818181818182,0.9351145038167938,6.890358877763458,20.781676849680668,0.8948813630025052,79.4688835787232
fold_1,rolling_mean_24h,local_hour,15,7336,19.289360687022906,0.9205288985823337,9.336048255179934,29.216133663173217,0.7922389976839903,79.8459106624983
fold_1,hist_gradient_boosting,local_hour,15,7336,26.20964070763835,1.0,4.313522046884994,11.29913249363822,0.9689251709079623,89.42413493945271
fold_1,xgboost_depth4,local_hour,15,7336,26.2239933013916,1.0,4.3610057429925435,11.50198120722568,0.9677994081835519,88.35364051915691
fold_1,xgboost_depth6,local_hour,15,7336,26.32063865661621,1.0,4.253637955772854,11.171239070782592,0.9696246536613438,89.07342414758465
fold_1,latest_available,local_hour,16,7336,25.985550708833152,0.6911123227917121,5.080697928026172,12.945601729697529,0.9612930429211112,60.23564499006177
fold_1,previous_day_24h,local_hour,16,7336,27.32129225736096,0.6922028353326063,7.193429661941113,21.01281285913428,0.898020487259823,62.59794267882649
fold_1,previous_week_168h,local_hour,16,7336,27.716057797164666,0.6961559432933478,7.1473555070883314,21.54034597928516,0.892835758001751,64.37876955293986
fold_1,zone_hour_average,local_hour,16,7336,29.86655100624567,0.9351145038167938,6.975696440963617,20.77394099052641,0.900325897346302,79.49348491529173
fold_1,rolling_mean_24h,local_hour,16,7336,19.28433978553253,0.9208015267175572,10.214183478735006,29.920104618105107,0.7932379817949565,80.27584738689656
fold_1,hist_gradient_boosting,local_hour,16,7336,27.5898755690132,1.0,4.3733947725339455,11.053241052544166,0.9717821558882173,88.64520293950679
fold_1,xgboost_depth4,local_hour,16,7336,27.97780418395996,1.0,4.662443163005418,12.00187371787756,0.966730777395322,87.17425989704468
fold_1,xgboost_depth6,local_hour,16,7336,27.779916763305664,1.0,4.368722955683082,11.225250765638654,0.9708970743013801,87.62670798508223
fold_1,latest_available,local_hour,17,7336,27.232006543075244,0.6941112322791713,7.218920392584515,19.15365037771422,0.9360149818856892,61.208279970147046
fold_1,previous_day_24h,local_hour,17,7336,31.917529989094874,0.6982006543075245,8.445610687022901,24.658786516243115,0.8939480673861753,62.66364057246253
fold_1,previous_week_168h,local_hour,17,7336,32.39013086150491,0.6938386041439476,8.632769901853871,24.813788512179148,0.8926106191198638,65.2034301141214
fold_1,zone_hour_average,local_hour,17,7336,32.36884108258154,0.9351145038167938,8.137097253891147,23.886926739708432,0.900483351631027,78.89949746644308
fold_1,rolling_mean_24h,local_hour,17,7336,19.280619547437297,0.9205288985823337,14.12134791893857,39.66804364573859,0.7255540978427534,83.3879641464176
fold_1,hist_gradient_boosting,local_hour,17,7336,30.8441221685684,1.0,5.197228558401131,13.26741582006582,0.969299329021482,87.8264459413515
fold_1,xgboost_depth4,local_hour,17,7336,30.726659774780273,1.0,5.420865786528965,14.014362243483237,0.9657451662828509,86.64611653584613
fold_1,xgboost_depth6,local_hour,17,7336,30.684646606445312,0.9998636859323882,5.211901332122744,13.534697277182074,0.9680498957938469,87.3448313197175
fold_1,latest_available,local_hour,18,7336,31.857960741548528,0.6995637949836423,6.637131952017448,16.24088537266714,0.9604317016367716,58.50374570746927
fold_1,previous_day_24h,local_hour,18,7336,35.08110687022901,0.7006543075245365,9.543484187568158,27.665352491200565,0.8851845353743386,62.81422687040789
fold_1,previous_week_168h,local_hour,18,7336,35.42052889858233,0.6946564885496184,8.74850054525627,23.988589503978833,0.9136748389717583,62.7736385815776
fold_1,zone_hour_average,local_hour,18,7336,33.682075204975966,0.9389312977099237,9.414733026374247,26.960482873948973,0.8909606373783787,81.40113771336932
fold_1,rolling_mean_24h,local_hour,18,7336,19.278137495456196,0.9206652126499455,17.03212468193384,45.82756564098633,0.6849485027961653,87.1848861201497
fold_1,hist_gradient_boosting,local_hour,18,7336,34.75683679547002,1.0,5.174541475918963,12.418038761298344,0.9768668915557535,86.97340480788264
fold_1,xgboost_depth4,local_hour,18,7336,34.96466827392578,1.0,5.303757522937678,12.905126055852165,0.9750165463699441,85.91467410440636
fold_1,xgboost_depth6,local_hour,18,7336,34.66158676147461,0.9998636859323882,5.08221048069153,12.337770622457551,0.9771649821650756,86.60230032609223
fold_1,latest_available,local_hour,19,7336,35.11641221374046,0.70092693565976,7.822246455834242,21.33167478103895,0.914198139117287,59.193634156525185
fold_1,previous_day_24h,local_hour,19,7336,30.72396401308615,0.6653489640130862,10.060387131952018,29.798837099381302,0.8325653142690177,64.20045067020568
fold_1,previous_week_168h,local_hour,19,7336,31.048391494002182,0.6556706652126499,7.437431842966194,21.053920882218634,0.9164179974216831,62.90705223384353
fold_1,zone_hour_average,local_hour,19,7336,29.964942041277915,0.9427480916030534,9.619562583303043,27.332327388013255,0.8591359964803544,90.63805335468874
fold_1,rolling_mean_24h,local_hour,19,7336,19.27960855143584,0.9210741548527808,13.59378975826972,37.64117967482042,0.732838882900227,89.68398005244522
fold_1,hist_gradient_boosting,local_hour,19,7336,32.126110475788465,1.0,5.3527314187195625,14.024221793631021,0.9629144826166117,94.52518905081716
fold_1,xgboost_depth4,local_hour,19,7336,32.522918701171875,1.0,5.755586846133403,15.613106772193715,0.9540351911262681,94.55244074989511
fold_1,xgboost_depth6,local_hour,19,7336,32.12729263305664,1.0,5.398571671516865,14.281199521175619,0.9615429317871722,94.77113610828326
fold_1,latest_available,local_hour,20,7336,30.754089422028354,0.6669847328244275,6.525081788440567,16.74613189601512,0.9425207936607044,60.79321751573617
fold_1,previous_day_24h,local_hour,20,7336,27.587922573609596,0.6229552889858233,9.352371864776446,30.018081156067545,0.8153082047658472,65.83142627533749
fold_1,previous_week_168h,local_hour,20,7336,28.21264994547437,0.6142311886586695,6.790076335877862,20.844369305256393,0.9109448035420563,62.69567240090439
fold_1,zone_hour_average,local_hour,20,7336,27.49681933842239,0.9274809160305344,9.296740579183327,29.15148741737753,0.8258180349161258,93.8242425803599
fold_1,rolling_mean_24h,local_hour,20,7336,19.280863776808435,0.9214830970556162,11.431558978553252,36.23844676252418,0.7308335680325206,93.02862755192633
fold_1,hist_gradient_boosting,local_hour,20,7336,28.83846267701454,1.0,4.855154684184104,12.932998678529206,0.9657168898314216,100.86659683864026
fold_1,xgboost_depth4,local_hour,20,7336,28.74396324157715,1.0,5.207515158778871,14.778000799072066,0.9552376251992998,101.10539705333485
fold_1,xgboost_depth6,local_hour,20,7336,28.754758834838867,1.0,4.868106932370926,13.153353834633885,0.9645386917161016,101.59594101663349
fold_1,latest_available,local_hour,21,7336,27.543075245365323,0.6239094874591058,6.30984187568157,17.504840427322993,0.9416084078235497,61.16272775467567
fold_1,previous_day_24h,local_hour,21,7336,28.078789531079607,0.6083696837513631,9.773854961832061,31.168022245356262,0.8148803606598368,65.21135524181861
fold_1,previous_week_168h,local_hour,21,7336,29.023582333696837,0.6064612868047983,7.614776444929117,23.67918760948414,0.8931517036186307,64.60109099439083
fold_1,zone_hour_average,local_hour,21,7336,27.700664404862877,0.9351145038167938,9.500459428894544,30.354199222826608,0.8244214065677585,96.84633070656162
fold_1,rolling_mean_24h,local_hour,21,7336,19.278995138131584,0.9214830970556162,12.470198336968373,39.750453326826594,0.6988948546670198,95.16536843351383
fold_1,hist_gradient_boosting,local_hour,21,7336,28.20631387126888,1.0,5.051959763337839,13.822609071047538,0.9635905552226373,103.8308129988731
fold_1,xgboost_depth4,local_hour,21,7336,27.391450881958008,1.0,5.235508339243942,14.999670981200216,0.9571256577021596,103.98269701869332
fold_1,xgboost_depth6,local_hour,21,7336,27.934419631958008,1.0,5.057701915695008,14.003295592606129,0.9626324591603418,104.23234924217434
fold_1,latest_available,local_hour,22,7336,28.017039258451472,0.6083696837513631,8.30916030534351,25.612214873158337,0.8498662807447976,61.89045802434904
fold_1,previous_day_24h,local_hour,22,7336,25.287077426390404,0.6094601962922573,10.400081788440566,32.76837227226958,0.7542498973471373,68.99494715337256
fold_1,previous_week_168h,local_hour,22,7336,26.34446564885496,0.6181842966194111,8.067611777535442,26.370928029692454,0.8408396823903723,63.66604698241421
fold_1,zone_hour_average,local_hour,22,7336,25.432357930449534,0.950381679389313,10.20304232804233,29.938527965545507,0.7948625956753826,101.13586047331194
fold_1,rolling_mean_24h,local_hour,22,7336,19.276422210105412,0.9212104689203926,11.916768902217376,36.30743728958237,0.6983001029507232,96.49375159554111
fold_1,hist_gradient_boosting,local_hour,22,7336,25.817268629405906,1.0,5.370348272759949,16.305240728292947,0.9391531079362535,104.67787010256461
fold_1,xgboost_depth4,local_hour,22,7336,25.89077377319336,1.0,5.717051866800487,17.279751398983198,0.9316625214992144,105.29950745446669
fold_1,xgboost_depth6,local_hour,22,7336,25.8614444732666,0.9998636859323882,5.515525407101979,16.93729662473121,0.9343443421748752,105.2590163697358
fold_1,latest_available,local_hour,23,7336,25.297846237731733,0.6097328244274809,9.55752453653217,30.0591383666547,0.6959992660271999,63.858399859413105
fold_1,previous_day_24h,local_hour,23,7336,19.289258451472193,0.6120501635768811,10.071019629225736,34.45278128823699,0.6006348616811704,71.69114251706709
fold_1,previous_week_168h,local_hour,23,7336,19.92952562704471,0.6209105779716467,5.800708833151581,18.830508726204854,0.8806985606825152,64.67868443859678
fold_1,zone_hour_average,local_hour,23,7336,20.416949392140232,0.9389312977099237,10.51922028353326,31.20525553013923,0.6723749776883143,102.07325567309617
fold_1,rolling_mean_24h,local_hour,23,7336,19.276870910577973,0.9210741548527808,11.253561205016357,34.645494052679226,0.5961546424474979,98.45540969195999
fold_1,hist_gradient_boosting,local_hour,23,7336,20.08416569085629,1.0,4.60494409771951,13.545227349503579,0.938270298808062,106.96216325200761
fold_1,xgboost_depth4,local_hour,23,7336,20.288406372070312,1.0,5.007726531731718,14.919437760626872,0.9251095412082971,107.90665157864467
fold_1,xgboost_depth6,local_hour,23,7336,20.263076782226562,1.0,4.786586867212222,13.96020914058483,0.934429963377154,105.96109239240616
fold_1,latest_available,weekend,0,125760,18.780287849872774,0.6260019083969466,5.383540076335878,16.03462974767544,0.9129274219901159,63.179192682585864
fold_1,previous_day_24h,weekend,0,125760,18.189472010178118,0.6243718193384223,6.254476781170483,22.157085244379903,0.8337396127123854,65.30460290135237
fold_1,previous_week_168h,weekend,0,125760,19.690314885496182,0.6351065521628498,5.035233778625954,15.834372789637781,0.9150887446975731,62.000006442876376
fold_1,zone_hour_average,weekend,0,125760,20.062301556703588,0.9397264631043257,6.303414863220842,19.72636472118037,0.8682175286270111,95.20942458738575
fold_1,rolling_mean_24h,weekend,0,125760,18.065271814037317,0.9209128498727736,11.584009886556403,33.65763280383677,0.6163540067317466,99.91984032827554
fold_1,hist_gradient_boosting,weekend,0,125760,19.402811560651774,0.9997932569974555,3.558969015573474,9.590871234955076,0.968848450669674,102.04194789559418
fold_1,xgboost_depth4,weekend,0,125760,19.385400772094727,0.9998648218829517,3.734536895601425,10.353376826844425,0.9636982490528955,101.4466427563114
fold_1,xgboost_depth6,weekend,0,125760,19.376689910888672,0.9998648218829517,3.543538301369666,9.731404951447901,0.9679288435016863,101.46804772757649
fold_1,latest_available,weekend,1,50304,20.518328562340965,0.6400087468193384,5.885516062340967,16.661777869185705,0.904723568094156,62.028833603485246
fold_1,previous_day_24h,weekend,1,50304,22.143328562340965,0.6434875954198473,8.490915235368957,28.35361530378737,0.7240949248225443,66.53688572209268
fold_1,previous_week_168h,weekend,1,50304,19.473580629770993,0.6355955788804071,6.640982824427481,21.008129939071104,0.8485331499296407,64.27759456617979
fold_1,zone_hour_average,weekend,1,50304,20.062301556703595,0.9397264631043257,8.57217279881084,28.416019402524803,0.7228790971635031,95.4849692160194
fold_1,rolling_mean_24h,weekend,1,50304,22.391017612913487,0.9194497455470738,12.685888133481763,36.295754310852665,0.5478792316931709,95.64129425093188
fold_1,hist_gradient_boosting,weekend,1,50304,20.145534184396077,0.99998012086514,4.1992413751011135,11.311800879801883,0.9560856653259717,99.96904575059098
fold_1,xgboost_depth4,weekend,1,50304,20.275951385498047,0.9999602417302799,4.348187360283089,11.833682100749728,0.9519401290349018,100.22646708492569
fold_1,xgboost_depth6,weekend,1,50304,20.220705032348633,0.99998012086514,4.185008654799501,11.310338156457894,0.9560970216732199,99.72837654245735
fold_1,latest_available,rush_hour,0,144624,18.560301194822436,0.6083568425710809,5.273170428144707,15.987391444431378,0.9046400242098764,63.343693639897715
fold_1,previous_day_24h,rush_hour,0,144624,18.266712302245825,0.6116481358557363,6.83970157097024,24.728008324050286,0.7718664327640617,66.2382875616177
fold_1,previous_week_168h,rush_hour,0,144624,18.036909503263637,0.6131969797543976,5.218165726297157,17.265226984862075,0.888787014457282,62.80354206413414
fold_1,zone_hour_average,rush_hour,0,144624,19.043051360304375,0.9389312977099237,6.895615133709779,22.97501744466065,0.803065132786071,99.2428707056499
fold_1,rolling_mean_24h,rush_hour,0,144624,19.589799238024117,0.9202967695541542,11.892480097816867,34.58922152592882,0.5536325777330899,101.67575416671454
fold_1,hist_gradient_boosting,rush_hour,0,144624,18.150162854077614,0.9998133089943578,3.5707656225054953,10.009993058391956,0.9626166284178543,105.29549491532597
fold_1,xgboost_depth4,rush_hour,0,144624,18.185943603515625,0.9998686248478814,3.7262660842680453,10.678571597376715,0.9574561055397929,105.13192834625309
fold_1,xgboost_depth6,rush_hour,0,144624,18.17320442199707,0.9998962827746433,3.5604715838504095,10.111167596353502,0.96185711548505,104.93034348003133
fold_1,latest_available,rush_hour,1,31440,22.573091603053435,0.7295801526717557,6.694402035623409,17.230101551966957,0.9273943463025964,60.581913752390314
fold_1,previous_day_24h,rush_hour,1,31440,24.160337150127226,0.7134860050890586,7.14074427480916,20.910463583511333,0.89306445478408,62.98130597731628
fold_1,previous_week_168h,rush_hour,1,31440,26.9492048346056,0.7366730279898219,6.7629452926208655,18.380718026382823,0.9173734325893866,61.947883582376136
fold_1,zone_hour_average,rush_hour,1,31440,24.750852460139992,0.943384223918575,7.209306315915731,20.5025255046363,0.8971961244334032,77.09644384918448
fold_1,rolling_mean_24h,rush_hour,1,31440,17.973638941899914,0.9214058524173028,11.928052109838848,33.699411016822054,0.7222593889118435,84.99696294770631
fold_1,hist_gradient_boosting,rush_hour,1,31440,26.353351808883808,1.0,4.529140398930396,10.571204570868911,0.9726697427144425,83.75898817282288
fold_1,xgboost_depth4,rush_hour,1,31440,26.327791213989258,1.0,4.754423371225633,11.326102503321282,0.9686270222748187,82.54204796836255
fold_1,xgboost_depth6,rush_hour,1,31440,26.263153076171875,0.9999045801526718,4.49199776744598,10.639299850771058,0.9723165084926979,82.75801337009364
fold_1,latest_available,zone_cohort,dense,114912,29.33162768031189,0.838119604566973,8.226321010860485,20.05986519545196,0.9045543950973463,67.58121296777388
fold_1,previous_day_24h,zone_cohort,dense,114912,29.3973649401281,0.8380586883876358,10.31598962684489,29.81018412831182,0.7892200818986929,71.7825590019105
fold_1,previous_week_168h,zone_cohort,dense,114912,29.864122110832636,0.8441764132553606,8.171844541910332,21.611114802322543,0.889221812501436,67.38157981785552
fold_1,zone_hour_average,zone_cohort,dense,114912,30.542137587702886,0.9997563352826511,10.433504554971416,27.91098648187771,0.8152219893366165,73.23169886400025
fold_1,rolling_mean_24h,zone_cohort,dense,114912,29.36929128376497,1.0,17.989659478557506,42.615869365293285,0.5692328079145305,83.80524462977955
fold_1,hist_gradient_boosting,zone_cohort,dense,114912,29.784663660993782,0.9997650375939849,5.468942574057657,12.504449077162432,0.9629123736483791,65.60950091330734
fold_1,xgboost_depth4,zone_cohort,dense,114912,29.795124053955078,0.999834656084656,5.707008133690874,13.352127995388779,0.9577135830053246,65.65294572394374
fold_1,xgboost_depth6,zone_cohort,dense,114912,29.805002212524414,0.9998433583959899,5.4634088516368005,12.622477910872703,0.9622089330851655,64.7300410152167
fold_1,latest_available,zone_cohort,sparse,61152,0.38276753008895864,0.2389292255363684,0.4545395081109367,0.9808141194927492,-0.211601865871057,53.96097221348263
fold_1,previous_day_24h,zone_cohort,sparse,61152,0.38095238095238093,0.23855311355311357,0.4621108058608059,1.0287675967798542,-0.33297212825594413,54.14542353824379
fold_1,previous_week_168h,zone_cohort,sparse,61152,0.3942144165358451,0.2426412872841444,0.4620617477760335,1.0244907862006092,-0.3219122553727465,53.76093712852936
fold_1,zone_hour_average,zone_cohort,sparse,61152,0.3694228610895277,0.8269230769230769,0.4087709028185219,0.7756420120296973,0.24227927938850424,136.73489252505684
fold_1,rolling_mean_24h,zone_cohort,sparse,61152,0.38203710971568117,0.7710949764521193,0.4534316130298273,0.8283500075402064,0.13579997174941782,126.68155603717916
fold_1,hist_gradient_boosting,zone_cohort,sparse,61152,0.5050245759306391,1.0,0.49658968572561835,0.777503404312782,0.23863814638197656,168.79773802717295
fold_1,xgboost_depth4,zone_cohort,sparse,61152,0.5568476915359497,1.0,0.5328175415984764,0.7930147466564124,0.2079564860123384,167.70360240456571
fold_1,xgboost_depth6,zone_cohort,sparse,61152,0.4749186038970947,1.0,0.46354680455251157,0.7672705934324485,0.2585470073350917,169.07213930323152
fold_1,latest_available,target_cohort,positive,110922,30.3402120408936,0.8485872955770721,8.515290023620201,20.41374365526566,0.9036087213157338,69.48047923181804
fold_1,previous_day_24h,target_cohort,positive,110922,30.33352265555976,0.8452606335983844,10.610510088170065,30.269238494087002,0.7880685457370764,73.3234016717894
fold_1,previous_week_168h,target_cohort,positive,110922,30.829429689331242,0.8540055173905988,8.394259028867133,21.722409095744485,0.8908538541172769,68.58279626506231
fold_1,zone_hour_average,target_cohort,positive,110922,31.448979299130755,0.999197634373704,10.638706967136855,28.27937578404212,0.8150168946622963,52.766927458504824
fold_1,rolling_mean_24h,target_cohort,positive,110922,29.988410399499948,0.998025639638665,18.23879956185428,43.195308600076466,0.5684157474497267,64.04914070863137
fold_1,hist_gradient_boosting,target_cohort,positive,110922,30.77262904284668,0.9998196931176863,5.577591521454884,12.715473827024136,0.9626012123170644,43.585927451611525
fold_1,xgboost_depth4,target_cohort,positive,110922,30.781396865844727,0.9998467391500333,5.813552070086713,13.577626182751972,0.9573577489243551,43.01871579374539
fold_1,xgboost_depth6,target_cohort,positive,110922,30.790132522583008,0.9998737851823805,5.566669811561214,12.83798480849769,0.9618770813225156,42.820702257548504
fold_1,latest_available,target_cohort,zero,65142,0.43851892788063,0.25780602376347056,0.43851892788063,1.0779254070666389,,51.56120475269412
fold_1,previous_day_24h,target_cohort,zero,65142,0.5641675109760216,0.2630100396057843,0.5641675109760216,2.9089342758943677,,52.602007921156854
fold_1,previous_week_168h,target_cohort,zero,65142,0.5555709066347364,0.26274907125970953,0.5555709066347364,4.623829695178427,,52.54981425194191
fold_1,zone_hour_average,target_cohort,zero,65142,0.6733809134088523,0.8384605937797427,0.6733809134088523,3.610166312322546,,167.69211875594854
fold_1,rolling_mean_24h,target_cohort,zero,65142,1.1033108440023334,0.7884774799668417,1.1033108440023334,5.216954178101358,,157.69549599336833
fold_1,hist_gradient_boosting,target_cohort,zero,65142,0.6161458780631203,0.9998925424457339,0.6161458780631203,1.0404493348573451,,199.97850848914678
fold_1,xgboost_depth4,target_cohort,zero,65142,0.6683208346366882,0.9999692978416382,0.6683208106038707,1.081587530038987,,199.99385956832765
fold_1,xgboost_depth6,target_cohort,zero,65142,0.5939624309539795,0.9999385956832766,0.5939624714207474,0.984174059399069,,199.9877191366553
fold_2,latest_available,borough,Bronx,31949,1.2508059720179034,0.5193902782559705,1.0639769632852358,1.7296456951657313,0.09645816520889494,79.6726568198808
fold_2,previous_day_24h,borough,Bronx,31949,1.2531534633321857,0.5222698676014899,1.0625058687282858,1.7266119337018242,0.09962497152662564,79.54933797769179
fold_2,previous_week_168h,borough,Bronx,31949,1.2483019812826692,0.5221446680647281,1.0436946383298382,1.682384387545325,0.14516081042963735,79.14494673255656
fold_2,zone_hour_average,borough,Bronx,31949,1.200728682090829,0.9768067858148924,0.8637570629733895,1.295355534032248,0.49322878963256356,119.96756346218162
fold_2,rolling_mean_24h,borough,Bronx,31949,1.2563160557972604,0.9616576418667251,1.1216039625653385,1.6458109767109386,0.18192358158797406,119.28471353481395
fold_2,hist_gradient_boosting,borough,Bronx,31949,1.2668467739426152,1.0,0.9012351225532079,1.3181861239523174,0.4752077216419397,125.15966750193935
fold_2,xgboost_depth4,borough,Bronx,31949,1.2721011638641357,1.0,0.9043699120441271,1.323406556268325,0.47104280525711284,125.02622046061461
fold_2,xgboost_depth6,borough,Bronx,31949,1.2722769975662231,0.9825659645059314,0.8851412829725261,1.3013101623341086,0.4885589210080714,121.22729522947947
fold_2,latest_available,borough,Brooklyn,45323,3.5415131390243366,0.6917900403768507,2.04275974670697,3.5378562065751256,0.6239557709091508,75.65529334160452
fold_2,previous_day_24h,borough,Brooklyn,45323,3.592282064294067,0.693202126955409,2.45294883392538,5.130684108655454,0.20912267126494177,79.50995459213856
fold_2,previous_week_168h,borough,Brooklyn,45323,3.6148092579926305,0.6961586832292654,2.0859166427641593,3.6678682811497523,0.595809561497963,75.57893293382277
fold_2,zone_hour_average,borough,Brooklyn,45323,3.5312947061685147,0.9938662489243871,2.0995904448384586,4.215061429287169,0.4662149696650997,97.45796482523872
fold_2,rolling_mean_24h,borough,Brooklyn,45323,3.5712469386404253,0.9845553030470181,2.6480328236583337,4.818594711617408,0.30241140311788395,101.71217666782074
fold_2,hist_gradient_boosting,borough,Brooklyn,45323,3.5077934007979246,1.0,1.6953611123634427,2.852922862728304,0.7554663489404714,95.78125541721185
fold_2,xgboost_depth4,borough,Brooklyn,45323,3.5089731216430664,1.0,1.7067895374841278,2.8789620972826655,0.7509821563931014,95.77517834244081
fold_2,xgboost_depth6,borough,Brooklyn,45323,3.518967390060425,0.9947488030359861,1.6721872947161107,2.8365195460905435,0.7582702323273305,94.42548050919653
fold_2,latest_available,borough,Manhattan,51267,66.26878888953908,0.8808785378508592,16.460666705678115,30.766328557475752,0.8862400399873,42.41990451640723
fold_2,previous_day_24h,borough,Manhattan,51267,66.55021748883297,0.8814246981489067,20.94366746640139,46.63596716690627,0.7386153623373639,44.972986442065405
fold_2,previous_week_168h,borough,Manhattan,51267,64.47964577603527,0.8769773928648058,15.467552226578501,31.569335047251915,0.8802242353258405,39.52095241419793
fold_2,zone_hour_average,borough,Manhattan,51267,64.56019558424207,0.9583357715489497,20.51663372331428,41.71977668824691,0.7908190968495136,52.21400012678777
fold_2,rolling_mean_24h,borough,Manhattan,51267,66.34559105597494,0.9557415101332241,39.92886587213347,67.75522732512374,0.4482736869310918,73.78979071743528
fold_2,hist_gradient_boosting,borough,Manhattan,51267,65.78773374296698,0.999707414126046,10.343644962188847,19.267156125726107,0.9553857787551985,47.660010787008645
fold_2,xgboost_depth4,borough,Manhattan,51267,65.5821762084961,0.9994928511518131,10.844391359836118,20.55063045098736,0.9492438838149976,48.33226319554578
fold_2,xgboost_depth6,borough,Manhattan,51267,65.77327728271484,0.9911053894317983,10.31964429052876,19.425534139655547,0.954649297152021,45.83216438718152
fold_2,latest_available,borough,Queens,51267,6.889207482396083,0.5531628532974427,2.7561394269218016,11.384723694605519,0.8940842778408284,74.64708555562568
fold_2,previous_day_24h,borough,Queens,51267,6.900228216981684,0.5534554391713968,2.9511771704995415,12.863700433799274,0.8647780241132029,76.02826316807403
fold_2,previous_week_168h,borough,Queens,51267,6.794175590535822,0.5586244562779176,3.0015604579944215,14.271640953386193,0.8335578702106146,75.72256339699442
fold_2,zone_hour_average,borough,Queens,51267,6.801695996129258,0.9867556127723487,2.409019237419471,10.173729620500916,0.9154184138617116,117.44511934914235
fold_2,rolling_mean_24h,borough,Queens,51267,6.900046163549002,0.952074433846334,4.2137242280609355,19.765228180935885,0.6807586733290604,114.71897557033138
fold_2,hist_gradient_boosting,borough,Queens,51267,6.818945203956596,0.9999804942750697,2.1606936126065226,8.50669948014252,0.9408659501366614,119.73651664731432
fold_2,xgboost_depth4,borough,Queens,51267,6.865239143371582,0.9999414828252092,2.244407621069827,9.035005331130058,0.9332928681060693,119.50170170302975
fold_2,xgboost_depth6,borough,Queens,51267,6.88434362411499,0.9845514658552285,2.1422799693063315,8.529639381427724,0.9405465881240075,116.55034820926737
fold_2,latest_available,borough,Staten Island,14860,0.0338492597577389,0.026985195154777927,0.06063257065948856,0.31590839771517903,-0.7422947263228468,9.686983272447605
fold_2,previous_day_24h,borough,Staten Island,14860,0.03371467025572005,0.027321668909825035,0.05969044414535666,0.3033017056165014,-0.606012738289502,9.779529577645325
fold_2,previous_week_168h,borough,Staten Island,14860,0.034320323014804845,0.029071332436069987,0.06244952893674294,0.3200353277941971,-0.7881136705754368,10.207267833109018
fold_2,zone_hour_average,borough,Staten Island,14860,0.032254959502521136,0.6147375504710633,0.06003624187192917,0.23595982660195727,0.027979516020804285,122.70797853789685
fold_2,rolling_mean_24h,borough,Staten Island,14860,0.03363055181695828,0.3962314939434724,0.0630327501121579,0.23921909181676243,0.000941417466762795,80.3707790388528
fold_2,hist_gradient_boosting,borough,Staten Island,14860,0.21470198413754008,1.0,0.23305963790680076,0.3013539224513567,-0.5854515605209791,197.99218358425148
fold_2,xgboost_depth4,borough,Staten Island,14860,0.23851822316646576,1.0,0.2540013318881392,0.33763983775909384,-0.9902454801057199,197.73841316181506
fold_2,xgboost_depth6,borough,Staten Island,14860,0.12661761045455933,0.8446164199192463,0.14831777289473735,0.26677237550935334,-0.24245592806038663,167.62086246598489
fold_2,latest_available,local_hour,0,8122,20.5940655011081,0.56981039152918,7.587909381925634,23.08306201060151,0.8064454229227318,64.13588226369365
fold_2,previous_day_24h,local_hour,0,8122,15.759911351883773,0.5139128293523763,9.841910859394238,40.77761141498058,0.39596768258189075,68.83444002023678
fold_2,previous_week_168h,local_hour,0,8122,15.525609455799064,0.5313962078305836,4.699458261511943,15.436356059701119,0.9134422050341673,62.05320548210093
fold_2,zone_hour_average,local_hour,0,8122,14.548873580338856,0.9427480916030534,10.556861520351228,36.098595736135955,0.5266338214425931,124.61961708766275
fold_2,rolling_mean_24h,local_hour,0,8122,20.40537018796684,0.9196010834769761,14.44219404087663,43.693650107278245,0.3064891462109841,121.71287241261427
fold_2,hist_gradient_boosting,local_hour,0,8122,15.146883542736406,1.0,3.5280434480602727,10.922580935796372,0.9566621709431948,124.10577364617177
fold_2,xgboost_depth4,local_hour,0,8122,15.226348876953125,1.0,3.719155302049711,11.700084123536195,0.9502727345205009,125.41453839676436
fold_2,xgboost_depth6,local_hour,0,8122,15.163022994995117,0.8760157596651071,3.5353263552543783,11.090889759523078,0.9553162733581706,99.17550438456104
fold_2,latest_available,local_hour,1,8122,14.949273577936468,0.5073873430189608,5.78490519576459,17.367619393520165,0.8500995147740207,61.94241855842112
fold_2,previous_day_24h,local_hour,1,8122,10.616227530164984,0.4296971189362226,8.117458754001477,40.26540245445226,0.1942755532378838,62.43003402515735
fold_2,previous_week_168h,local_hour,1,8122,10.51699088894361,0.4397931543954691,3.3814331445456784,11.792394846372618,0.9308922939930019,54.47378349858703
fold_2,zone_hour_average,local_hour,1,8122,9.660119158443491,0.9427480916030534,8.841045999723724,34.64585895880126,0.403479849759805,139.3593646224035
fold_2,rolling_mean_24h,local_hour,1,8122,20.371593614052365,0.9194779610933268,16.522459574817372,47.04129456259692,-0.09971711029723074,139.9669436658571
fold_2,hist_gradient_boosting,local_hour,1,8122,10.520717292187728,0.999630632849052,2.591784191622788,8.718908005506226,0.962221331852358,137.17402630109564
fold_2,xgboost_depth4,local_hour,1,8122,10.525603294372559,0.9992612656981039,2.7293123496445,9.459395914126667,0.9555318299154528,137.53084082010497
fold_2,xgboost_depth6,local_hour,1,8122,10.497897148132324,0.8633341541492243,2.60729891872413,8.878938449080477,0.9608217942046785,109.18914576953644
fold_2,latest_available,local_hour,2,7860,9.33117048346056,0.4198473282442748,3.577608142493639,13.627934938464556,0.8225974654665329,53.18231903962584
fold_2,previous_day_24h,local_hour,2,7860,7.11412213740458,0.38282442748091605,6.181933842239186,33.473136850095806,-0.07026800673766775,56.86506938967392
fold_2,previous_week_168h,local_hour,2,7860,6.708142493638677,0.38091603053435114,2.393765903307888,10.287638027419419,0.898904676238932,50.04472052341103
fold_2,zone_hour_average,local_hour,2,7860,6.514894805436604,0.9236641221374046,6.405148017129026,26.077234864892944,0.3504347336293593,142.2095645104314
fold_2,rolling_mean_24h,local_hour,2,7860,20.305279898218828,0.9189567430025445,17.310019083969465,45.518685059930064,-0.9791519228858832,151.22695879439476
fold_2,hist_gradient_boosting,local_hour,2,7860,6.5628859478157064,0.9984732824427481,1.8397242178522335,6.256199689406127,0.9626129738327232,143.8965839991215
fold_2,xgboost_depth4,local_hour,2,7860,6.643497943878174,0.9973282442748092,1.8714315158264052,6.427211054241829,0.9605411122037267,144.29574704737266
fold_2,xgboost_depth6,local_hour,2,7860,6.560859680175781,0.8597964376590331,1.7923148770252024,6.303591027369387,0.9620444075649741,116.44911890722726
fold_2,latest_available,local_hour,3,8122,6.9247722235902485,0.37897069687269147,2.7901994582615117,12.65241965874044,0.7469588737514885,54.90036701718394
fold_2,previous_day_24h,local_hour,3,8122,5.508249199704506,0.40888943609948286,4.709800541738488,24.019509533235432,0.08804752676011274,64.86253143536133
fold_2,previous_week_168h,local_hour,3,8122,5.32824427480916,0.3974390544200936,2.123984240334893,10.895312321526175,0.8123609162691346,57.94383206876777
fold_2,zone_hour_average,local_hour,3,8122,4.599515918823311,0.9618320610687023,4.96799718920607,20.598110331402296,0.3293457278051797,144.85138162981173
fold_2,rolling_mean_24h,local_hour,3,8122,20.307180087006486,0.9193548387096774,17.261419601083478,44.54523587784493,-2.1365084455864216,146.79595349289485
fold_2,hist_gradient_boosting,local_hour,3,8122,5.317544657434342,0.9998768776163507,1.6827632858875825,6.5719225124751475,0.931730172789492,139.9541415948461
fold_2,xgboost_depth4,local_hour,3,8122,5.438204288482666,0.9997537552327013,1.734164402209914,6.895419858481434,0.9248437043984212,140.074958613556
fold_2,xgboost_depth6,local_hour,3,8122,5.142646789550781,0.860748584092588,1.5935628809096687,6.3713714381284365,0.9358332882925414,113.83664778324356
fold_2,latest_available,local_hour,4,8122,5.041245998522531,0.40802757941393747,2.9173848805712876,13.101600399242198,0.11889145859584305,71.00037319881648
fold_2,previous_day_24h,local_hour,4,8122,4.688992858901749,0.5466633834031027,3.439793154395469,12.55153376100926,0.19132445489524763,71.1300797092889
fold_2,previous_week_168h,local_hour,4,8122,4.468850036936715,0.5129278502831814,2.1433144545678404,7.3752449364373796,0.7207883025319655,66.30484736108713
fold_2,zone_hour_average,local_hour,4,8122,3.7677341277229566,0.9351145038167938,3.2711515246154677,10.962573769449886,0.3831127837376249,114.75645203213725
fold_2,rolling_mean_24h,local_hour,4,8122,20.28772162029057,0.9193548387096774,16.77598395304933,43.32514201767135,-8.63519931035423,126.13118051941571
fold_2,hist_gradient_boosting,local_hour,4,8122,4.212034490526991,1.0,1.745967343833058,4.662119875133641,0.8884299609458861,123.14610230509503
fold_2,xgboost_depth4,local_hour,4,8122,4.356586456298828,1.0,1.8166772467298655,5.112390508788647,0.865838238251212,121.16450611859787
fold_2,xgboost_depth6,local_hour,4,8122,4.2047576904296875,0.9997537552327013,1.7121792898798438,4.790894119902884,0.8821813997833786,120.96286931543821
fold_2,latest_available,local_hour,5,8122,4.377246983501601,0.5438315685791677,3.76040384141837,11.452190696793568,-0.6718620146135994,76.95135773312985
fold_2,previous_day_24h,local_hour,5,8122,4.704752524008865,0.637158335385373,2.3959615858163015,5.344704900670607,0.635858018577789,67.1006847493198
fold_2,previous_week_168h,local_hour,5,8122,4.505786752031519,0.6143806944102438,2.4863334154149226,6.2127788492190135,0.5079660410155497,69.45029978284295
fold_2,zone_hour_average,local_hour,5,8122,4.1894898529137965,0.9465648854961832,1.9928213644362494,4.6507282097958,0.7242819437071042,93.8444344240138
fold_2,rolling_mean_24h,local_hour,5,8122,20.274732208815564,0.9192317163260281,16.519786793072313,42.706214952678174,-22.249062857667084,111.38150056411628
fold_2,hist_gradient_boosting,local_hour,5,8122,4.577150240277936,1.0,2.1400471944274098,4.8204024110318935,0.7037967097664426,106.24787333428728
fold_2,xgboost_depth4,local_hour,5,8122,4.620028018951416,1.0,2.361896035993255,5.514756571923572,0.6123176921004306,106.84555338867574
fold_2,xgboost_depth6,local_hour,5,8122,4.673240661621094,1.0,2.110231098370125,4.806195563550753,0.7055400969206694,105.37014773272945
fold_2,latest_available,local_hour,6,8122,4.56414676188131,0.6353114996306328,4.9159074119674955,11.242130411234612,0.5543395666115667,75.15332218254783
fold_2,previous_day_24h,local_hour,6,8122,8.3677665599606,0.706229992612657,3.4919970450627926,7.600690749983031,0.79628971053075,63.42483641211379
fold_2,previous_week_168h,local_hour,6,8122,7.593326766806205,0.6933021423294755,3.4257572026594434,8.069661003545308,0.7703759236756811,63.89031901273555
fold_2,zone_hour_average,local_hour,6,8122,8.13662282718661,0.9656488549618321,3.108056950777748,6.57814112176627,0.8474145183450087,84.36712026723549
fold_2,rolling_mean_24h,local_hour,6,8122,20.268873635393582,0.9187392267914307,13.963468562751373,36.93277927926136,-3.8098421250041046,97.90051607569548
fold_2,hist_gradient_boosting,local_hour,6,8122,7.829795784437744,1.0,2.691287406251103,5.56809119217705,0.8906749916380144,88.47617647005623
fold_2,xgboost_depth4,local_hour,6,8122,7.748266220092773,1.0,2.8000063905462613,5.742095803876489,0.8837353445610404,88.99085331832211
fold_2,xgboost_depth6,local_hour,6,8122,7.890423774719238,1.0,2.66271891505282,5.4699705816898465,0.8944940817202824,89.35485164647527
fold_2,latest_available,local_hour,7,8122,8.491381433144547,0.7121398670278256,7.983132233440039,21.727246899187925,0.5993353263921407,67.370812507368
fold_2,previous_day_24h,local_hour,7,8122,14.966633834031027,0.7395961585816302,6.439670032011819,17.350050579453043,0.7445104484864546,65.69748672802558
fold_2,previous_week_168h,local_hour,7,8122,13.610810145284413,0.7242058606254617,5.487934006402364,15.532258256295542,0.7952420091188082,61.233823544054054
fold_2,zone_hour_average,local_hour,7,8122,14.155246941966338,0.9580152671755725,6.632484135013336,16.30683144314175,0.7743107788683785,80.87225036978538
fold_2,rolling_mean_24h,local_hour,7,8122,20.27402425510958,0.9186161044077813,12.19291738488057,30.69407609143099,0.20038527266134876,93.87695460899029
fold_2,hist_gradient_boosting,local_hour,7,8122,14.272937920176428,1.0,4.047733141548992,9.356295230990046,0.9257015954629083,83.20837345550959
fold_2,xgboost_depth4,local_hour,7,8122,14.1010160446167,1.0,4.34438062348967,10.314384407511053,0.9097061274022846,82.72880272492414
fold_2,xgboost_depth6,local_hour,7,8122,14.330560684204102,1.0,3.9994379995059157,9.218418908448273,0.9278752147731856,82.98253386941988
fold_2,latest_available,local_hour,8,8122,15.35089879340064,0.7446441763112533,6.993105146515637,17.11881793828179,0.868263345343403,59.43723108401092
fold_2,previous_day_24h,local_hour,8,8122,19.902979561684315,0.7456291553804482,8.007633587786259,22.10809891033611,0.7802838996889578,64.7227217744909
fold_2,previous_week_168h,local_hour,8,8122,18.718295986210293,0.7414429943363704,6.184191085939424,17.319157412940537,0.8651619064713086,59.70719119729798
fold_2,zone_hour_average,local_hour,8,8122,18.606594316196084,0.9618320610687023,8.288481678499274,21.40100348834787,0.7941137421710751,78.97497297472142
fold_2,rolling_mean_24h,local_hour,8,8122,20.29003529508331,0.9193548387096774,12.01598538947714,30.33929088651355,0.586219579913144,88.97277400637519
fold_2,hist_gradient_boosting,local_hour,8,8122,19.738969805958178,1.0,4.070465343415207,9.23312593022237,0.9616772556300288,80.72268686022569
fold_2,xgboost_depth4,local_hour,8,8122,19.46231460571289,1.0,4.24822664889421,9.754181333287704,0.9572298538403857,79.2677971484005
fold_2,xgboost_depth6,local_hour,8,8122,19.50676727294922,1.0,4.101282786259626,9.500340428251931,0.9594269720732338,79.67371250974175
fold_2,latest_available,local_hour,9,8122,20.43191332184191,0.7519083969465649,5.694779610933268,12.41349778901151,0.932670428641274,62.347898765418385
fold_2,previous_day_24h,local_hour,9,8122,20.33969465648855,0.7270376754493967,6.314454567840434,16.465906513789545,0.8815353439389982,60.61444109634636
fold_2,previous_week_168h,local_hour,9,8122,20.072519083969464,0.7266683082984486,5.5518345235163755,15.344609160487158,0.8971204231409442,60.58700968184047
fold_2,zone_hour_average,local_hour,9,8122,19.704451393359697,0.9580152671755725,5.90850078471977,15.96807995942766,0.8885903257246912,77.03588719865897
fold_2,rolling_mean_24h,local_hour,9,8122,20.312074201756545,0.9204629401625215,9.32579208733481,24.779614703165617,0.7317086901867851,81.96902679597466
fold_2,hist_gradient_boosting,local_hour,9,8122,20.980447949062494,1.0,4.028669437741146,8.907453210326363,0.9653323337696397,86.04839539012588
fold_2,xgboost_depth4,local_hour,9,8122,21.319747924804688,1.0,4.163496112062466,9.234263014976955,0.9627417898840841,84.95201518135522
fold_2,xgboost_depth6,local_hour,9,8122,20.93427085876465,1.0,3.9426678606230796,8.849014197004852,0.9657857290034892,85.32721080657937
fold_2,latest_available,local_hour,10,8122,20.723590248707215,0.7271607978330461,5.26225067717311,11.979081743147617,0.9382368888666467,62.084621171104715
fold_2,previous_day_24h,local_hour,10,8122,20.301403595173603,0.7013050972666831,4.869367150948042,12.865599072630108,0.9287570106454509,61.320764263917816
fold_2,previous_week_168h,local_hour,10,8122,19.76003447426742,0.6926865304112287,5.4360994828859885,15.84269197275545,0.8919710726312834,62.21415032574529
fold_2,zone_hour_average,local_hour,10,8122,20.34971948864159,0.9465648854961832,4.048774264751693,11.183654509246038,0.9461668749572266,76.68301988773702
fold_2,rolling_mean_24h,local_hour,10,8122,20.32806985143232,0.9203398177788722,7.372065583189691,20.317522159420466,0.822326117978577,80.25695912699922
fold_2,hist_gradient_boosting,local_hour,10,8122,20.995390112030584,1.0,3.7556050455228553,8.685632233625949,0.9675297987542242,88.777763006192
fold_2,xgboost_depth4,local_hour,10,8122,20.944677352905273,1.0,3.865468313503342,9.075951532774523,0.9645459018017581,87.95087959436442
fold_2,xgboost_depth6,local_hour,10,8122,20.995695114135742,1.0,3.684877177097254,8.616129371482364,0.9680473759345123,88.27006848220336
fold_2,latest_available,local_hour,11,8122,20.50714109825166,0.7019207091849298,4.334523516375277,10.29830256428171,0.9604230519920499,61.00251259458658
fold_2,previous_day_24h,local_hour,11,8122,21.62078305836001,0.6956414676188131,4.819995075104654,12.61969044975055,0.9405696332703499,60.96515398682928
fold_2,previous_week_168h,local_hour,11,8122,20.55257325781827,0.686037921694164,5.185422309775917,15.48962048510925,0.9104650572753732,62.45709526829676
fold_2,zone_hour_average,local_hour,11,8122,21.890048744596708,0.9580152671755725,3.893780984563717,10.419060997509618,0.9594894474349527,80.30283497506687
fold_2,rolling_mean_24h,local_hour,11,8122,20.336642247393907,0.9203398177788722,7.158289214479194,20.13893875634086,0.8486493925877507,78.71877620531501
fold_2,hist_gradient_boosting,local_hour,11,8122,21.47639341927559,1.0,3.411741576449005,8.13960131541117,0.9752760832569005,89.22182032406667
fold_2,xgboost_depth4,local_hour,11,8122,21.376834869384766,1.0,3.4444400857555193,8.33932694817507,0.974047870016746,88.25251650997834
fold_2,xgboost_depth6,local_hour,11,8122,21.492069244384766,1.0,3.313184322621898,7.891982309652964,0.9767574800702619,88.69032661468226
fold_2,latest_available,local_hour,12,8122,21.74907658212263,0.6967495690716572,4.276902240827383,10.398564341269296,0.9653919671242199,59.02423730705203
fold_2,previous_day_24h,local_hour,12,8122,23.32233440039399,0.6930558975621768,5.144915045555282,13.4360918571215,0.9422201943809774,62.582835006158334
fold_2,previous_week_168h,local_hour,12,8122,21.994951982270376,0.6824673725683329,5.34326520561438,15.882649558737473,0.9192623591810547,60.542223731480824
fold_2,zone_hour_average,local_hour,12,8122,23.638462245930288,0.950381679389313,4.2617923058894025,11.200083769369247,0.9598511888597239,78.35313234357054
fold_2,rolling_mean_24h,local_hour,12,8122,20.341987810884017,0.9198473282442748,7.700263687104983,21.96016564172434,0.8456518703736868,78.70137609654651
fold_2,hist_gradient_boosting,local_hour,12,8122,23.06213522154601,1.0,3.5292909192205997,8.287304881831464,0.9780185275480298,87.83402234222442
fold_2,xgboost_depth4,local_hour,12,8122,22.855789184570312,1.0,3.6283064399467726,8.64022029901167,0.9761064995498197,87.9577816862548
fold_2,xgboost_depth6,local_hour,12,8122,23.023496627807617,1.0,3.464058613599565,8.288061524894763,0.9780145134835883,88.16805141572097
fold_2,latest_available,local_hour,13,8122,23.4625707953706,0.6967495690716572,4.234794385619305,10.358122028041382,0.967451376921565,58.27707435738181
fold_2,previous_day_24h,local_hour,13,8122,24.02277764097513,0.6937946318640729,5.436961339571534,14.42264475072155,0.9368954916200304,59.97697966443246
fold_2,previous_week_168h,local_hour,13,8122,22.778256587047526,0.6852991873922679,5.4832553558236885,16.289628813906518,0.919500542882795,59.95630273848159
fold_2,zone_hour_average,local_hour,13,8122,24.71769520831417,0.9541984732824428,4.4598116672550825,11.786074843702544,0.9578585995411211,79.16128188935879
fold_2,rolling_mean_24h,local_hour,13,8122,20.347830994008042,0.9198473282442748,7.38657350406304,21.281638504801293,0.8626019090066308,77.47272249411972
fold_2,hist_gradient_boosting,local_hour,13,8122,24.092124920295838,1.0,3.6538990871107107,8.982578024865543,0.9755221893197952,87.78051008339092
fold_2,xgboost_depth4,local_hour,13,8122,24.00218963623047,1.0,3.772408155895489,9.403473063985182,0.973174542055438,87.93863661691165
fold_2,xgboost_depth6,local_hour,13,8122,24.085052490234375,1.0,3.6029735200053894,8.897725164573602,0.9759824585473972,87.61528847101346
fold_2,latest_available,local_hour,14,8122,24.110563900517114,0.695272100467865,4.938438808175326,13.336984438132164,0.9554685359540771,59.06745827031656
fold_2,previous_day_24h,local_hour,14,8122,26.034720512189114,0.7045062792415662,6.008618566855454,16.763906597001984,0.9296438364968583,61.86646926079812
fold_2,previous_week_168h,local_hour,14,8122,24.676680620536814,0.6971189362226052,6.129770992366412,18.537854680189046,0.9139658977283444,62.99603371920118
fold_2,zone_hour_average,local_hour,14,8122,26.295180722891565,0.9656488549618321,5.286654126973295,14.516553062385958,0.9472431694786351,80.59662380077624
fold_2,rolling_mean_24h,local_hour,14,8122,20.351488754822288,0.9194779610933268,8.646264261676105,26.178973229527315,0.8284238562388234,77.61711889495126
fold_2,hist_gradient_boosting,local_hour,14,8122,25.454970598231196,1.0,4.0923546341111,10.57512790600977,0.9720022621769809,87.46522101580221
fold_2,xgboost_depth4,local_hour,14,8122,25.328550338745117,1.0,4.178555589694896,11.046661049060667,0.9694498222329827,87.48419563725169
fold_2,xgboost_depth6,local_hour,14,8122,25.46278190612793,1.0,4.053582190184853,10.529237990605928,0.9722447228183217,87.17651791936854
fold_2,latest_available,local_hour,15,8122,26.10588524993844,0.7046294016252155,4.75658704752524,12.729261757866041,0.9645784248922026,59.93865469193027
fold_2,previous_day_24h,local_hour,15,8122,27.211893622260526,0.6942871213986703,6.625461708938685,19.182831885644987,0.9195572560195097,62.261826373823396
fold_2,previous_week_168h,local_hour,15,8122,26.009603545924648,0.6908396946564885,6.459615858163014,20.427929300193906,0.9087757866256948,61.09020053554831
fold_2,zone_hour_average,local_hour,15,8122,28.03729421502805,0.950381679389313,6.189813180325339,17.38562537572333,0.933924254862421,80.09805920268332
fold_2,rolling_mean_24h,local_hour,15,8122,20.354453952228514,0.9199704506279242,9.70184375769515,30.474165277360715,0.7969864282267644,79.41966190175211
fold_2,hist_gradient_boosting,local_hour,15,8122,27.066646097281524,1.0,4.290344664791429,11.405706046688474,0.9715615590408322,88.89090816521434
fold_2,xgboost_depth4,local_hour,15,8122,27.00214958190918,1.0,4.400861838061479,11.885528583352652,0.9691184964837971,88.9761191300642
fold_2,xgboost_depth6,local_hour,15,8122,27.232017517089844,1.0,4.246876987869209,11.325221958392882,0.9719614933201803,88.66102364001338
fold_2,latest_available,local_hour,16,8122,27.31334646638759,0.6958877123861118,5.285274562915538,14.348689158640514,0.9571408709607584,60.60796314921612
fold_2,previous_day_24h,local_hour,16,8122,28.20155134203398,0.6792661905934498,7.097143560699335,20.100948755021662,0.9158891543721408,63.06193099398475
fold_2,previous_week_168h,local_hour,16,8122,27.367150948042354,0.6848066978576706,6.929081507017976,21.061845354140825,0.9076553529342806,61.450242139547264
fold_2,zone_hour_average,local_hour,16,8122,28.977789018670098,0.9465648854961832,6.254817348685558,17.840047837510937,0.9337461811902944,81.79439599409326
fold_2,rolling_mean_24h,local_hour,16,8122,20.358681154067142,0.9198473282442748,10.429332881884593,31.141985728793152,0.7981115428251888,82.34310546708892
fold_2,hist_gradient_boosting,local_hour,16,8122,28.10250726455446,1.0,4.537681655174349,12.28894042206732,0.9685625172607258,90.45948863881992
fold_2,xgboost_depth4,local_hour,16,8122,28.469253540039062,1.0,4.713341155011236,12.868732975939755,0.9655260962021509,89.26018270196714
fold_2,xgboost_depth6,local_hour,16,8122,28.344635009765625,1.0,4.5155211997752085,12.297770894988345,0.9685173209181722,90.43468435140356
fold_2,latest_available,local_hour,17,8122,28.240088648116227,0.6804974144299434,6.826151194287122,19.01768898839953,0.9429256114430391,59.941714618461134
fold_2,previous_day_24h,local_hour,17,8122,32.2360256094558,0.6795124353607486,8.516498399409013,25.636057832990804,0.8962881762406112,63.11564796897619
fold_2,previous_week_168h,local_hour,17,8122,30.949642945087415,0.6936715094804236,7.910243782319625,24.527725795040205,0.9050619404608097,62.62777356506971
fold_2,zone_hour_average,local_hour,17,8122,32.1964959072933,0.9465648854961832,7.8453034002545525,23.589393101779514,0.9121868974910563,81.97485882923816
fold_2,rolling_mean_24h,local_hour,17,8122,20.360286875153903,0.9199704506279242,14.025476073216778,42.172350849270074,0.7193394267516755,83.89791064060809
fold_2,hist_gradient_boosting,local_hour,17,8122,31.255520723152554,1.0,4.949403749762226,13.913298936550827,0.9694517723252348,89.33998809428834
fold_2,xgboost_depth4,local_hour,17,8122,30.944135665893555,1.0,5.201471755856717,14.967566379828018,0.9646468454504928,88.46687871641994
fold_2,xgboost_depth6,local_hour,17,8122,31.223669052124023,1.0,4.947610489587439,14.014069097916325,0.9690076651924991,89.52738316265967
fold_2,latest_available,local_hour,18,8122,32.328983009111056,0.6801280472789953,6.522162029056883,16.694744058904202,0.9591141299849086,61.096483665417516
fold_2,previous_day_24h,local_hour,18,8122,34.41886234917508,0.6596897315932037,9.078921447919232,25.755448784349124,0.9026912359874095,62.7546411376534
fold_2,previous_week_168h,local_hour,18,8122,33.64676188131002,0.6804974144299434,7.779857178034967,22.712912299544858,0.9243237922648562,62.94860394168935
fold_2,zone_hour_average,local_hour,18,8122,34.159793334574566,0.950381679389313,8.769846727647282,24.966597312558044,0.9085607982964431,86.94948036809514
fold_2,rolling_mean_24h,local_hour,18,8122,20.364160100139536,0.9200935730115735,15.667123245506033,44.66284672086042,0.7073783100683639,88.7998123163132
fold_2,hist_gradient_boosting,local_hour,18,8122,34.43863985213115,1.0,5.262152976660831,13.576347080264823,0.9729616878736426,93.33729304796246
fold_2,xgboost_depth4,local_hour,18,8122,34.26625061035156,1.0,5.403553309889152,14.028908616403456,0.9711290227007875,92.53744545010522
fold_2,xgboost_depth6,local_hour,18,8122,34.37089920043945,1.0,5.224721530389533,13.564906410615674,0.973007238574068,93.53009455842695
fold_2,latest_available,local_hour,19,8122,34.36062546170894,0.6567347943856193,6.728638266436838,18.369212650670825,0.9407945163012923,60.14841675250115
fold_2,previous_day_24h,local_hour,19,8122,31.795124353607484,0.6441763112533858,9.677788721989657,27.84128735273872,0.8639935592226402,65.82583578356119
fold_2,previous_week_168h,local_hour,19,8122,32.66055158827875,0.6766806205368135,7.9219404087663134,23.759480799257446,0.9009499401895218,63.335956722922674
fold_2,zone_hour_average,local_hour,19,8122,30.2241202755539,0.9541984732824428,8.94147032149957,25.910942412532453,0.8821994635458563,92.98662038988915
fold_2,rolling_mean_24h,local_hour,19,8122,20.36173356316178,0.9200935730115735,12.98940121480752,37.54444722556344,0.7526725732475601,90.77151829314057
fold_2,hist_gradient_boosting,local_hour,19,8122,31.778049001354905,1.0,5.1447360139073695,14.202964642794331,0.9646052489686212,98.50875963177805
fold_2,xgboost_depth4,local_hour,19,8122,32.13854217529297,1.0,5.443635274554981,15.367987625559293,0.9585604668270689,98.4425571694311
fold_2,xgboost_depth6,local_hour,19,8122,31.870391845703125,1.0,5.118486017263037,14.177056664002976,0.9647342600751072,98.111163318951
fold_2,latest_available,local_hour,20,8122,31.450012312238364,0.6383895592218666,6.45850775671017,17.00530067860203,0.9483114881644564,61.11040292569919
fold_2,previous_day_24h,local_hour,20,8122,30.004555528195027,0.6172125092341788,9.833292292538783,30.158470885739035,0.837428641922338,65.81212085226053
fold_2,previous_week_168h,local_hour,20,8122,30.40581137650825,0.6500861856685546,7.655872937700074,23.074777001341957,0.9048299224465235,63.948396674446336
fold_2,zone_hour_average,local_hour,20,8122,27.527927760193634,0.9465648854961832,9.11040474231386,28.858964869492613,0.8511369554377054,97.63805343426858
fold_2,rolling_mean_24h,local_hour,20,8122,20.347353894771402,0.9203398177788722,12.077315726832472,38.60244580667718,0.7336485644353856,94.54356342262312
fold_2,hist_gradient_boosting,local_hour,20,8122,29.997663501596517,1.0,5.2539727231327245,14.477044614826077,0.962538494777556,103.77623357926157
fold_2,xgboost_depth4,local_hour,20,8122,29.642610549926758,1.0,5.613841788853823,16.758993197543102,0.949797973647909,105.08759101265464
fold_2,xgboost_depth6,local_hour,20,8122,29.81468963623047,1.0,5.253791239229117,14.940692107554607,0.9601005572620149,103.81559992369579
fold_2,latest_available,local_hour,21,8122,29.649470573750307,0.6085939423787244,6.8485594681113025,19.809073905979513,0.9382752022040843,61.40870092641517
fold_2,previous_day_24h,local_hour,21,8122,30.424279734055652,0.5863087909381925,10.780472789953214,33.86105312144001,0.819643311184519,65.53715148529452
fold_2,previous_week_168h,local_hour,21,8122,29.706476237379956,0.6044077813346467,8.211154887958632,26.177159112425514,0.8922105249563985,63.828340183431195
fold_2,zone_hour_average,local_hour,21,8122,27.829780301619806,0.950381679389313,10.092532477282418,31.839196268605924,0.8405386180603698,102.57868757826165
fold_2,rolling_mean_24h,local_hour,21,8122,20.332558688336206,0.9204629401625215,13.817948165476484,44.4216449541632,0.6896007919354821,99.44091451780601
fold_2,hist_gradient_boosting,local_hour,21,8122,29.38013105731875,1.0,5.52298256400046,15.696459933905002,0.9612443734031172,108.4016487737955
fold_2,xgboost_depth4,local_hour,21,8122,28.780580520629883,1.0,5.810065415335374,17.138983841287082,0.9537936705888105,109.76052328370422
fold_2,xgboost_depth6,local_hour,21,8122,29.41603660583496,1.0,5.595103749013268,15.937317242123733,0.9600458618883246,109.0720584217315
fold_2,latest_available,local_hour,22,8122,30.300295493720757,0.5810145284412707,8.481408520068948,26.598855955535278,0.8564417393944754,59.502303161613
fold_2,previous_day_24h,local_hour,22,8122,26.830706722482148,0.5863087909381925,10.919231716326028,34.77366930348834,0.7546402548628004,66.9250083744702
fold_2,previous_week_168h,local_hour,22,8122,26.907904457030288,0.5940655011081014,7.682713617335631,23.506790397236518,0.887878488905399,64.46334652858654
fold_2,zone_hour_average,local_hour,22,8122,25.382749953453732,0.9580152671755725,10.064184299193398,29.698909517359102,0.8210287468876089,104.75741918070477
fold_2,rolling_mean_24h,local_hour,22,8122,20.32739267832225,0.9203398177788722,12.697950012312239,38.995419801996505,0.6914472136385739,100.08199570473018
fold_2,hist_gradient_boosting,local_hour,22,8122,26.821920618696886,1.0,5.487488153963069,16.329417575778912,0.9458942199857789,108.925587382142
fold_2,xgboost_depth4,local_hour,22,8122,26.845121383666992,1.0,5.6121015107156875,16.88139827371384,0.942174538883736,111.6565392628217
fold_2,xgboost_depth6,local_hour,22,8122,26.902652740478516,1.0,5.538538244665513,16.624123048070444,0.9439236468585968,109.69925750495476
fold_2,latest_available,local_hour,23,8122,26.46971189362226,0.5826151194287121,10.149963063284906,31.2155646273803,0.7069336026704208,64.32737210041557
fold_2,previous_day_24h,local_hour,23,8122,20.49987687761635,0.569441024378232,11.254001477468604,39.42149849023952,0.5325987245469499,72.41780944573372
fold_2,previous_week_168h,local_hour,23,8122,20.784782073380942,0.5847081999507511,6.5098497906919475,21.546645710962654,0.8603686370636673,63.25098711974162
fold_2,zone_hour_average,local_hour,23,8122,20.031884192887727,0.9465648854961832,10.948088900366965,32.96773584986461,0.6731098161166855,110.98732743969829
fold_2,rolling_mean_24h,local_hour,23,8122,20.312351227119755,0.9197242058606254,12.495690716572273,37.76841939732629,0.5709763277304675,106.61826083908066
fold_2,hist_gradient_boosting,local_hour,23,8122,20.382559319472332,1.0,5.162153309339166,16.175891162856278,0.9213026573009473,114.63337081498304
fold_2,xgboost_depth4,local_hour,23,8122,20.493898391723633,1.0,5.348118859942249,16.842945476589282,0.914678256508246,117.04617864740153
fold_2,xgboost_depth6,local_hour,23,8122,20.569499969482422,1.0,5.187025226883332,16.513317272699663,0.9179851894323254,114.10359581690659
fold_2,latest_available,weekend,0,138336,20.295909958362248,0.6234385843164469,5.731248554244737,17.1022530822813,0.9144891969777955,62.26130133688774
fold_2,previous_day_24h,weekend,0,138336,19.858713566967385,0.6220795743696507,6.572143187601203,23.71569713129507,0.8355680837959663,63.29565051815505
fold_2,previous_week_168h,weekend,0,138336,19.93484703909322,0.6242771223687255,5.711513994910941,18.710096717454398,0.8976550561630182,61.69404371917114
fold_2,zone_hour_average,weekend,0,138336,19.797603512168205,0.9508587786259542,5.959385044876448,18.758269665020926,0.89712736198132,95.65824866642643
fold_2,rolling_mean_24h,weekend,0,138336,19.584288435403653,0.9188280707841776,12.443267057502505,36.134436045403916,0.6182694754672245,99.84561332252675
fold_2,hist_gradient_boosting,weekend,0,138336,20.36427556754359,0.999884339578996,3.8543407959045797,10.971559980369362,0.9648074213048277,102.44316424861586
fold_2,xgboost_depth4,weekend,0,138336,20.264677047729492,0.9998048230395559,4.01116237614548,11.695803129161911,0.960007880102985,102.32659934462617
fold_2,xgboost_depth6,weekend,0,138336,20.35863494873047,0.9770920078649086,3.8282650203001114,11.119450197610526,0.9638522762100459,97.68351597430363
fold_2,latest_available,weekend,1,56330,20.30734954731049,0.6324161192969998,5.677756080241434,16.52122348655307,0.9069468172428052,62.25863913672459
fold_2,previous_day_24h,weekend,1,56330,21.68933072962897,0.6393751109533109,8.199201136161903,27.779362303663934,0.7369178611565497,66.35503700046335
fold_2,previous_week_168h,weekend,1,56330,19.536907509320077,0.6374045801526718,5.069430143795491,15.658027175178876,0.9164164322455073,61.76864856515603
fold_2,zone_hour_average,weekend,1,56330,19.859383552664628,0.9509852654003196,8.424995765320007,28.799782797946637,0.7172352653709764,98.31894508351544
fold_2,rolling_mean_24h,weekend,1,56330,22.161714450559206,0.9219953843422688,12.400034765370732,36.706696955500796,0.5406566506223831,97.0579483232139
fold_2,hist_gradient_boosting,weekend,1,56330,19.667368436526925,1.0,3.8516157681017953,10.75437020362684,0.960570907197962,101.05315297061321
fold_2,xgboost_depth4,weekend,1,56330,19.77723503112793,0.9999644949405291,4.014917365645174,11.420172362686076,0.9555376782136745,101.59001201157925
fold_2,xgboost_depth6,weekend,1,56330,19.71641731262207,0.9789987573229185,3.826922188781337,10.651799817852442,0.9613194347309323,96.84538136180308
fold_2,latest_available,rush_hour,0,160082,19.420778101223124,0.6018040754113517,5.364556914581277,16.471699027565794,0.9084166790507339,62.530351628952836
fold_2,previous_day_24h,rush_hour,0,160082,19.21249734511063,0.6093377144213591,6.93261578441049,25.612450975198755,0.7785672409030067,64.75286986306129
fold_2,previous_week_168h,rush_hour,0,160082,18.341499981259606,0.6060144176109744,5.095725940455517,16.889144823033895,0.9037158256262242,61.892802301366984
fold_2,zone_hour_average,rush_hour,0,160082,18.774621862818965,0.9503192114041553,6.632595182274403,22.643504919281416,0.8269279679020974,100.82713149712694
fold_2,rolling_mean_24h,rush_hour,0,160082,20.51587519729472,0.9198848090353694,12.42543821291588,36.42416788933869,0.5521641368203192,102.29220161728931
fold_2,hist_gradient_boosting,rush_hour,0,160082,18.59357665590183,0.9999000512237478,3.6221771261793005,10.569083597633004,0.9622936705911349,106.01313355706338
fold_2,xgboost_depth4,rush_hour,0,160082,18.57382583618164,0.9998188428430429,3.7664202869291317,11.271471174631849,0.9571154555890713,106.37487573499394
fold_2,xgboost_depth6,rush_hour,0,160082,18.61338996887207,0.9728139328594095,3.5991886087294036,10.653772605332005,0.9616869755196092,100.50704309017436
fold_2,latest_available,rush_hour,1,34584,24.36534235484617,0.7382026370575989,7.341458477908859,18.93829464771776,0.9232716074329241,61.011588446835766
fold_2,previous_day_24h,rush_hour,1,34584,25.831598427018275,0.7092297015961138,7.553724265556327,21.683804322166957,0.8994121974422389,61.53358289662915
fold_2,previous_week_168h,rush_hour,1,34584,26.661953504510755,0.7301931529030765,7.516047883414296,21.892388829046197,0.8974677075231309,60.89554787193694
fold_2,zone_hour_average,rush_hour,1,34584,24.633395152010014,0.9535623409669212,6.859194976279587,19.625023677425716,0.9176061606367412,76.06629654609404
fold_2,rolling_mean_24h,rush_hour,1,34584,19.47025117588095,0.9190955355077493,12.45537676382142,35.72510614959709,0.7269630540966636,83.9803601183435
fold_2,hist_gradient_boosting,rush_hour,1,34584,27.425351339093066,1.0,4.924538683969328,12.36200588187322,0.9673071897770844,83.65450006504008
fold_2,xgboost_depth4,rush_hour,1,34584,27.297325134277344,1.0,5.150137673521411,13.096756590411841,0.9633054240133953,82.38824213917313
fold_2,xgboost_depth6,rush_hour,1,34584,27.390953063964844,1.0,4.8864239497937945,12.409335938311768,0.9670563704974446,83.24886438729874
fold_2,latest_available,zone_cohort,dense,127053,30.902395063477446,0.8353679173258404,8.522561450733159,20.950662646378177,0.9066424510884787,67.354985842539
fold_2,previous_day_24h,zone_cohort,dense,127053,31.039424492141077,0.8370286415905174,10.550990531510472,30.884566974755675,0.7971210696508491,70.10670020639206
fold_2,previous_week_168h,zone_cohort,dense,127053,30.16125553902702,0.8360998953192762,8.226779375536193,22.116019371262965,0.8959677870925111,66.68058029729734
fold_2,zone_hour_average,zone_cohort,dense,127053,30.16159141895009,0.9997560073355214,10.012647861299742,27.39425872433401,0.8403852509085635,71.69677188017184
fold_2,rolling_mean_24h,zone_cohort,dense,127053,30.949539758998213,1.0,18.80489539798352,44.928312977754395,0.5706671333021487,83.97024638999436
fold_2,hist_gradient_boosting,zone_cohort,dense,127053,30.63688244646209,0.9998740683022046,5.649089257494991,13.490530492987883,0.9612909984707138,65.76722182745937
fold_2,xgboost_depth4,zone_cohort,dense,127053,30.56543731689453,0.9997717487977458,5.886338533298732,14.366860683403731,0.956098670343271,66.18923528463488
fold_2,xgboost_depth6,zone_cohort,dense,127053,30.67645835876465,0.9998189731844191,5.6315211188556695,13.586144458184952,0.9607403548986649,65.07237462824007
fold_2,latest_available,zone_cohort,sparse,67613,0.3745729371570556,0.2326771478857616,0.44146835667697043,1.0131506298417632,-0.02956878130138252,52.68743448832755
fold_2,previous_day_24h,zone_cohort,sparse,67613,0.37393696478487864,0.23257361749959327,0.450948782038957,1.1149325345813963,-0.246822139256496,53.04571255517235
fold_2,previous_week_168h,zone_cohort,sparse,67613,0.3866564122284176,0.23717332465650096,0.45009095883927647,1.1769607329611276,-0.3894127351366292,52.38589379406296
fold_2,zone_hour_average,zone_cohort,sparse,67613,0.3738878681471493,0.8590803543697217,0.3969732493276164,0.876710828592382,0.22906090565219506,142.90144951979235
fold_2,rolling_mean_24h,zone_cohort,sparse,67613,0.37492235221037373,0.7689349681274311,0.4529805658675107,0.9397987300536832,0.11411563776519473,127.35487671074706
fold_2,hist_gradient_boosting,zone_cohort,sparse,67613,0.4801955758644582,1.0,0.47952120342121923,0.8085942123249663,0.3442042696845884,170.2036419251767
fold_2,xgboost_depth4,zone_cohort,sparse,67613,0.5022066235542297,1.0,0.49060807835845194,0.8178134866409441,0.32916476661182614,169.61940622264578
fold_2,xgboost_depth6,zone_cohort,sparse,67613,0.4351424276828766,0.9359738511824649,0.4386100901944834,0.8025440044146249,0.3539813779954144,158.2655226700464
fold_2,latest_available,target_cohort,positive,121824,32.175655043341216,0.8495124113475178,8.872348634095088,21.391921855207674,0.9056078603458675,69.31810254392728
fold_2,previous_day_24h,target_cohort,positive,121824,32.27111242448122,0.8484781323877069,10.946004071447334,31.509455627354626,0.795205624900799,71.84500873650184
fold_2,previous_week_168h,target_cohort,positive,121824,31.40363146834778,0.8507108615707907,8.562877593905963,22.58399958016819,0.8947946227744429,68.03532313510061
fold_2,zone_hour_average,target_cohort,positive,121824,31.31476465646553,0.9994910690832677,10.313789036288922,27.965171782615347,0.8386863170652616,50.09099737386058
fold_2,rolling_mean_24h,target_cohort,positive,121824,31.84852430555556,0.9979478592067245,19.225923258142895,45.72016999407372,0.5688266632289078,63.90954979012096
fold_2,hist_gradient_boosting,target_cohort,positive,121824,31.87627582040465,0.9999097058050959,5.815567877947977,13.772831895616045,0.9608724443993719,43.476668606605976
fold_2,xgboost_depth4,target_cohort,positive,121824,31.80262565612793,0.9998194116101917,6.057800253498138,14.667331756159427,0.9556249909805108,43.59582531808564
fold_2,xgboost_depth6,target_cohort,positive,121824,31.913074493408203,0.999433609141056,5.795067975237201,13.870957541623776,0.9603129234794489,43.14952060293238
fold_2,latest_available,target_cohort,zero,72842,0.4365750528541226,0.25228576919908846,0.4365750528541226,1.101647291012821,,50.457153839817686
fold_2,previous_day_24h,target_cohort,zero,72842,0.5153482880755608,0.2568161225666511,0.5153482880755608,2.1022730333776622,,51.36322451333022
fold_2,previous_week_168h,target_cohort,zero,72842,0.44623980670492297,0.2557315834271437,0.44623980670492297,1.1882997228372696,,51.14631668542874
fold_2,zone_hour_average,target_cohort,zero,72842,0.5835982739579181,0.8696219214189616,0.5835982739579181,1.3138969663903795,,173.9243842837923
fold_2,rolling_mean_24h,target_cohort,zero,72842,1.0662375415282392,0.7889541747892699,1.0662375415282392,5.066928237638765,,157.79083495785397
fold_2,hist_gradient_boosting,target_cohort,zero,72842,0.5721954833241215,0.9999313582823096,0.5721954833241215,0.8941630429866675,,199.98627165646192
fold_2,xgboost_depth4,target_cohort,zero,72842,0.5911835432052612,0.9999039015952336,0.5911835972529115,0.9206212421382937,,199.98078031904672
fold_2,xgboost_depth6,target_cohort,zero,72842,0.5378633141517639,0.9412015046264518,0.5378632619504157,0.8772214525086454,,188.24030092529034
fold_3,latest_available,borough,Bronx,30960,1.1578488372093023,0.49111757105943155,1.0016149870801034,1.699597155491875,0.08970296720251114,77.9992788961513
fold_3,previous_day_24h,borough,Bronx,30960,1.1548772609819122,0.4908268733850129,1.0036175710594315,1.7159760031570526,0.07207354528635979,77.125156720119
fold_3,previous_week_168h,borough,Bronx,30960,1.160109819121447,0.49334625322997416,0.9628552971576227,1.656480500512702,0.13530331950294894,75.23216920340201
fold_3,zone_hour_average,borough,Bronx,30960,1.215564970170504,0.9806201550387597,0.842669111323047,1.3008557432693426,0.46672722374454045,123.83837380782713
fold_3,rolling_mean_24h,borough,Bronx,30960,1.1562876830318691,0.9631136950904393,1.076383505598622,1.616941489412129,0.1760900538850403,124.65617341646588
fold_3,hist_gradient_boosting,borough,Bronx,30960,1.1899597098275836,1.0,0.8618694446268826,1.308385022783311,0.4605362535783113,129.43964078683277
fold_3,xgboost_depth4,borough,Bronx,30960,1.2057642936706543,1.0,0.8673987197263758,1.3153805061764565,0.4547521789478285,129.0757675242921
fold_3,xgboost_depth6,borough,Bronx,30960,1.1858575344085693,0.9968992248062015,0.8413232063485048,1.2866072385961977,0.47834530930066566,128.41298533725842
fold_3,latest_available,borough,Brooklyn,43920,3.192190346083789,0.670059198542805,1.860063752276867,3.256281585367861,0.6194390959760501,75.62222935216971
fold_3,previous_day_24h,borough,Brooklyn,43920,3.18023679417122,0.6691256830601093,2.1924635701275044,4.668522757348777,0.21776143369381595,77.76338617229126
fold_3,previous_week_168h,borough,Brooklyn,43920,3.1583105646630236,0.6704918032786885,1.7662568306010928,3.0765802579794186,0.6602834058427562,72.87588919962663
fold_3,zone_hour_average,borough,Brooklyn,43920,3.5411444020537224,0.9938524590163934,2.0165979304638637,3.887221424049229,0.45767600157956123,100.2631030030525
fold_3,rolling_mean_24h,borough,Brooklyn,43920,3.1869260397692774,0.9866575591985428,2.4173658545840926,4.377838960025197,0.3121403611197492,105.29332609198782
fold_3,hist_gradient_boosting,borough,Brooklyn,43920,3.1453871366258017,1.0,1.5379813270293747,2.57623493225599,0.7617948245938951,98.95010734840591
fold_3,xgboost_depth4,borough,Brooklyn,43920,3.1328773498535156,1.0,1.5503233081331216,2.6065808806540307,0.7561500480597115,98.72332902438843
fold_3,xgboost_depth6,borough,Brooklyn,43920,3.132946252822876,0.9990892531876139,1.5119348849545875,2.547135032462093,0.7671457324823845,98.26808004373646
fold_3,latest_available,borough,Manhattan,49680,66.5941425120773,0.8811795491143317,16.32693236714976,30.75393485160367,0.8866469872551925,42.11196694026937
fold_3,previous_day_24h,borough,Manhattan,49680,66.17894524959742,0.8807971014492754,18.874376006441224,42.005588971360915,0.7885314223013181,42.24122676724721
fold_3,previous_week_168h,borough,Manhattan,49680,65.07502012882448,0.8813003220611916,11.911674718196457,23.43267414085094,0.9341924997954975,32.7761685741658
fold_3,zone_hour_average,borough,Manhattan,49680,65.00960731990348,0.9589371980676329,18.749127117602605,38.149453506482004,0.8255751615176165,50.162782385054
fold_3,rolling_mean_24h,borough,Manhattan,49680,66.32342575818573,0.9565418679549115,39.373405629361244,66.4731907295277,0.47042833677396545,73.33863732930932
fold_3,hist_gradient_boosting,borough,Manhattan,49680,66.3200937971309,0.9997987117552335,9.36591490833494,17.326867530701435,0.9640191186135872,46.08135370814408
fold_3,xgboost_depth4,borough,Manhattan,49680,66.29132080078125,0.9993558776167472,9.84875375939184,18.330521770771163,0.9597300266940522,46.80777874660763
fold_3,xgboost_depth6,borough,Manhattan,49680,66.42662811279297,0.9984702093397746,9.282995755536293,17.315805594541317,0.9640650462643221,45.40887519885325
fold_3,latest_available,borough,Queens,49680,6.788969404186796,0.530817230273752,2.6040660225442833,10.883003930770487,0.905919274647417,74.52509216543632
fold_3,previous_day_24h,borough,Queens,49680,6.75787037037037,0.5312600644122383,2.5854066022544284,11.664866148157396,0.8919157024231529,74.03780043500268
fold_3,previous_week_168h,borough,Queens,49680,6.709782608695652,0.5320048309178744,2.2638486312399357,9.162660521163433,0.9333122173736573,71.84830263640858
fold_3,zone_hour_average,borough,Queens,49680,6.822144686436335,0.9927536231884058,2.322034284385579,9.542082568665633,0.927674836263644,121.71768290464412
fold_3,rolling_mean_24h,borough,Queens,49680,6.763133219269994,0.952012882447665,4.128258353462158,19.741519070135805,0.6904261840966579,117.9104408712439
fold_3,hist_gradient_boosting,borough,Queens,49680,6.750840163594975,0.9998389694041868,1.9220911630354371,7.322361809943693,0.957410214420005,123.2694795811082
fold_3,xgboost_depth4,borough,Queens,49680,6.817370414733887,0.9997584541062802,1.997193929163481,7.750833935257879,0.9522800533842947,122.64587127040423
fold_3,xgboost_depth6,borough,Queens,49680,6.762554168701172,0.9971417069243156,1.8988096169894186,7.331411251527326,0.9573048790251871,122.33256702602534
fold_3,latest_available,borough,Staten Island,14400,0.01972222222222222,0.018472222222222223,0.037083333333333336,0.20615528128088303,-0.922117260319864,6.921296296296297
fold_3,previous_day_24h,borough,Staten Island,14400,0.02020833333333333,0.01840277777777778,0.03756944444444445,0.2119682890329484,-1.0320422670375033,6.9259259259259265
fold_3,previous_week_168h,borough,Staten Island,14400,0.02236111111111111,0.01923611111111111,0.03888888888888889,0.22484562605386735,-1.286440139726897,6.930555555555555
fold_3,zone_hour_average,borough,Staten Island,14400,0.03262989874668234,0.6895833333333333,0.04835654751893254,0.1499695822867935,-0.017178828520926226,137.6557736733716
fold_3,rolling_mean_24h,borough,Staten Island,14400,0.020141782407407403,0.31298611111111113,0.03845775462962963,0.15081000753237028,-0.028611254575846123,64.17931530977653
fold_3,hist_gradient_boosting,borough,Staten Island,14400,0.2192135079845458,1.0,0.22929524147059377,0.2541333506730349,-1.9208837573378466,198.54404012027797
fold_3,xgboost_depth4,borough,Staten Island,14400,0.261189341545105,1.0,0.2681167157519505,0.3142882299308962,-3.467321233991333,198.2497999943988
fold_3,xgboost_depth6,borough,Staten Island,14400,0.14234140515327454,0.9736111111111111,0.15375835654416328,0.22605843020699254,-1.3111725115063222,193.587314718882
fold_3,latest_available,local_hour,0,7860,20.771628498727736,0.5641221374045802,8.559923664122138,25.89550591247648,0.7193510671415393,64.39150920140965
fold_3,previous_day_24h,local_hour,0,7860,13.793384223918576,0.48982188295165396,8.468956743002545,37.41461186036249,0.41413563448413704,62.62255173785426
fold_3,previous_week_168h,local_hour,0,7860,14.195928753180661,0.49287531806615775,4.0539440203562345,14.961069072304277,0.9063215166410805,53.53312049735248
fold_3,zone_hour_average,local_hour,0,7860,14.658717827467406,0.9541984732824428,9.529302618838525,33.31762347285541,0.5354177353205554,126.1262173618486
fold_3,rolling_mean_24h,local_hour,0,7860,20.140071034775236,0.9145038167938931,13.917912425784566,42.204043583980116,0.25454278806860364,121.58995801817356
fold_3,hist_gradient_boosting,local_hour,0,7860,14.470835069109835,1.0,3.313574845505512,10.428755296631318,0.9544823796369435,126.0822287571168
fold_3,xgboost_depth4,local_hour,0,7860,14.557929039001465,1.0,3.491826466808887,11.313500074544477,0.9464316137945493,126.43576769131907
fold_3,xgboost_depth6,local_hour,0,7860,14.403727531433105,0.9823155216284988,3.2305490383861764,10.36260063425593,0.9550580287840502,121.39237673799227
fold_3,latest_available,local_hour,1,7860,13.848091603053435,0.4902035623409669,5.611832061068703,17.504107115283198,0.8193030197663326,61.347928402482964
fold_3,previous_day_24h,local_hour,1,7860,8.848473282442749,0.41475826972010177,6.576590330788804,35.32306010333212,0.2641528523573158,57.03293645891686
fold_3,previous_week_168h,local_hour,1,7860,9.160178117048346,0.421882951653944,2.801526717557252,12.289675842572969,0.9109258214339774,49.9304444579895
fold_3,zone_hour_average,local_hour,1,7860,9.71738836722286,0.9465648854961832,7.905542795379315,31.673584988858433,0.4083492571518559,139.0337695531194
fold_3,rolling_mean_24h,local_hour,1,7860,20.142350508905853,0.9146310432569974,16.41664016115352,46.45867767314208,-0.27293040273379376,140.2710751222051
fold_3,hist_gradient_boosting,local_hour,1,7860,9.301127722919032,1.0,2.2223736808327006,7.264024725087973,0.9688810025015303,137.8409871946426
fold_3,xgboost_depth4,local_hour,1,7860,9.360064506530762,0.9991094147582698,2.422260808171207,8.233672839989968,0.9600185828842307,138.1993974723939
fold_3,xgboost_depth6,local_hour,1,7860,9.259946823120117,0.9815521628498728,2.247286871233931,7.666262219866604,0.9653392217298051,133.2596401701915
fold_3,latest_available,local_hour,2,7860,8.877226463104325,0.41564885496183207,3.5669211195928754,14.115508587975178,0.7723819956227505,52.40333999542314
fold_3,previous_day_24h,local_hour,2,7860,5.744783715012723,0.3555979643765903,4.764758269720102,26.451080681348277,0.20071734124312568,52.05064671527005
fold_3,previous_week_168h,local_hour,2,7860,5.96882951653944,0.3642493638676845,1.9923664122137406,9.241652584556437,0.9024307813986698,45.78243028535233
fold_3,zone_hour_average,local_hour,2,7860,6.454368865866957,0.9351145038167938,5.819924572882588,23.564731362261,0.36563598883273984,145.49957925573497
fold_3,rolling_mean_24h,local_hour,2,7860,20.143548558100083,0.9146310432569974,17.24340012722646,45.366611602452124,-1.3511819387100998,152.5124308443697
fold_3,hist_gradient_boosting,local_hour,2,7860,6.10271136769699,0.9977099236641221,1.675389711167792,5.760249228428269,0.9620950350784873,145.9703709227145
fold_3,xgboost_depth4,local_hour,2,7860,6.198272705078125,0.9954198473282443,1.7364536547551106,6.011241444216379,0.9587197903656903,146.9871971607529
fold_3,xgboost_depth6,local_hour,2,7860,6.086004257202148,0.9805343511450382,1.6232892276144542,5.806191390728121,0.9614879847275879,142.46263179747731
fold_3,latest_available,local_hour,3,7860,5.746946564885496,0.3559796437659033,2.4466921119592877,11.897713980608906,0.6086050112516971,50.664851999344926
fold_3,previous_day_24h,local_hour,3,7860,3.9922391857506363,0.37302798982188295,3.395038167938931,16.96207789493949,0.2044887628376617,57.40841013268188
fold_3,previous_week_168h,local_hour,3,7860,4.2180661577608145,0.38702290076335877,1.615267175572519,6.708298760835794,0.8755734657974665,51.68967183437907
fold_3,zone_hour_average,local_hour,3,7860,4.720698507059381,0.9618320610687023,4.1461280371095945,15.136529514288606,0.3665084354668501,147.74928345681576
fold_3,rolling_mean_24h,local_hour,3,7860,20.143638676844784,0.9143765903307888,17.316709075487704,44.515266879677995,-4.479061497286753,151.85823561569723
fold_3,hist_gradient_boosting,local_hour,3,7860,4.382771264469574,1.0,1.4231119501454892,4.7934255230070395,0.9364698062026842,144.3501901692424
fold_3,xgboost_depth4,local_hour,3,7860,4.382999420166016,0.9998727735368956,1.4300142844205215,4.980777463913666,0.9314065749561249,145.95628148481913
fold_3,xgboost_depth6,local_hour,3,7860,4.241310119628906,0.9804071246819338,1.3136240394698318,4.571989237549211,0.9422038897346681,141.59865112623945
fold_3,latest_available,local_hour,4,7860,3.9931297709923665,0.3702290076335878,2.3615776081424937,10.401922899156675,-0.03746403716587943,66.07129389349184
fold_3,previous_day_24h,local_hour,4,7860,3.3071246819338422,0.4910941475826972,2.5389312977099237,8.795702165849569,0.25820001413839155,67.03406366619127
fold_3,previous_week_168h,local_hour,4,7860,3.505089058524173,0.5,1.5834605597964377,4.315986025111381,0.8213899672907994,61.18880900813418
fold_3,zone_hour_average,local_hour,4,7860,3.934945619131257,0.950381679389313,2.7781846022202705,7.7946162263548295,0.417447239038398,123.33299290301478
fold_3,rolling_mean_24h,local_hour,4,7860,20.143675784563193,0.9143765903307888,17.337303859202716,44.6783312114091,-18.139900559158544,134.58044849717396
fold_3,hist_gradient_boosting,local_hour,4,7860,3.3371794718542374,1.0,1.381217506216437,3.168270573913908,0.9037523093537759,128.56290719638523
fold_3,xgboost_depth4,local_hour,4,7860,3.438695192337036,1.0,1.4270657585739484,3.161686503114912,0.9041519236785353,127.59877131426977
fold_3,xgboost_depth6,local_hour,4,7860,3.3621127605438232,1.0,1.3451031337129593,3.0643675223961657,0.9099616573891904,127.54779049617012
fold_3,latest_available,local_hour,5,7860,3.323155216284987,0.49236641221374045,3.4704834605597963,9.919190026852196,-0.3751372386229028,82.01886662204404
fold_3,previous_day_24h,local_hour,5,7860,4.035114503816794,0.6027989821882952,2.061323155216285,4.408383177445644,0.7283859100952632,67.69560980181839
fold_3,previous_week_168h,local_hour,5,7860,3.95559796437659,0.6057251908396947,1.6535623409669211,3.295864476326421,0.8481788372493857,61.326003278968784
fold_3,zone_hour_average,local_hour,5,7860,4.2922718367898405,0.9541984732824428,1.7961088968452341,3.6855857258457307,0.8101517244338781,99.0655477617526
fold_3,rolling_mean_24h,local_hour,5,7860,20.144343723494487,0.9142493638676845,16.74787425784563,43.38854455765935,-25.31138968003473,116.11701541103585
fold_3,hist_gradient_boosting,local_hour,5,7860,3.967386282110291,1.0,1.7860894655647168,3.7316098521544947,0.8053806201869613,110.36064689793297
fold_3,xgboost_depth4,local_hour,5,7860,3.9672014713287354,1.0,1.9716196602537432,4.309706002681802,0.7404094302614481,111.16361769502416
fold_3,xgboost_depth6,local_hour,5,7860,4.118517875671387,1.0,1.7029446278648976,3.433484834109979,0.8352354073105306,107.92067625670744
fold_3,latest_available,local_hour,6,7860,4.079134860050891,0.6036895674300254,4.870356234096692,11.353620892875314,0.5627490883430049,77.11196174117009
fold_3,previous_day_24h,local_hour,6,7860,8.228753180661577,0.6909669211195929,3.2782442748091603,7.2289441544243696,0.8227396160165729,63.08345544999731
fold_3,previous_week_168h,local_hour,6,7860,8.078498727735369,0.6909669211195929,2.48676844783715,4.818380837286502,0.9212475284888879,56.107059385317605
fold_3,zone_hour_average,local_hour,6,7860,8.233092272666399,0.9694656488549618,3.0859492879782153,6.675053518334286,0.848862772736427,87.72803539913681
fold_3,rolling_mean_24h,local_hour,6,7860,20.146177905004237,0.9145038167938931,13.935575699745547,37.06674274301277,-3.6604815612635777,99.64976895782522
fold_3,hist_gradient_boosting,local_hour,6,7860,7.9178795080158055,1.0,2.3622834019531633,4.657595541674627,0.9264156443849043,91.23406657090987
fold_3,xgboost_depth4,local_hour,6,7860,7.840782642364502,1.0,2.4877979469208316,4.9711474172447945,0.9161746779545746,91.13105306287798
fold_3,xgboost_depth6,local_hour,6,7860,8.058324813842773,1.0,2.3157287233506754,4.496471395394028,0.931418715306818,90.72010591139107
fold_3,latest_available,local_hour,7,7860,8.320737913486004,0.6912213740458015,7.8049618320610685,22.106091063019576,0.6006535021931568,66.39333480471801
fold_3,previous_day_24h,local_hour,7,7860,14.934605597964376,0.7295165394402036,5.529007633587787,15.490216891264705,0.8039165370890522,62.895918552309666
fold_3,previous_week_168h,local_hour,7,7860,14.59236641221374,0.7311704834605598,3.7910941475826974,8.295312757241767,0.9437669680390021,56.65279971832353
fold_3,zone_hour_average,local_hour,7,7860,14.480380340163384,0.9618320610687023,6.308675951966429,15.956796977729358,0.7919261947710585,82.33415161118661
fold_3,rolling_mean_24h,local_hour,7,7860,20.150010602205256,0.9138676844783715,11.581265903307887,29.66703806167685,0.2807591455826838,93.2129785090549
fold_3,hist_gradient_boosting,local_hour,7,7860,15.01161024704042,1.0,3.3895313591276524,7.344690188373836,0.9559168181983944,84.39821151724286
fold_3,xgboost_depth4,local_hour,7,7860,14.842541694641113,1.0,3.7105268978663073,8.241944577696358,0.9444881948184783,83.01006861599217
fold_3,xgboost_depth6,local_hour,7,7860,15.139665603637695,1.0,3.292206760095883,7.032449541350918,0.9595853129537397,82.59879621987912
fold_3,latest_available,local_hour,8,7860,15.101272264631044,0.7302798982188295,6.964249363867684,17.575352131451854,0.8657987287148072,59.94165005437066
fold_3,previous_day_24h,local_hour,8,7860,19.97519083969466,0.7321882951653944,6.948854961832061,19.558400835881177,0.8338060367562401,62.401786226685026
fold_3,previous_week_168h,local_hour,8,7860,19.717430025445292,0.733969465648855,4.564885496183206,10.777981513074849,0.9495311477311976,55.88187765439954
fold_3,zone_hour_average,local_hour,8,7860,19.102952993169946,0.9694656488549618,7.639022811481631,20.771275418866097,0.8125545562740393,81.8518674358266
fold_3,rolling_mean_24h,local_hour,8,7860,20.156955046649706,0.9139949109414758,11.15876802374894,29.037511917399605,0.6336743222234791,87.71767746862135
fold_3,hist_gradient_boosting,local_hour,8,7860,20.193501568165132,1.0,3.6061624673103148,8.11185191350955,0.971411683122063,82.8677639234886
fold_3,xgboost_depth4,local_hour,8,7860,19.936256408691406,1.0,3.7463987025406222,8.545977345773585,0.9682698566488127,81.34263234220758
fold_3,xgboost_depth6,local_hour,8,7860,20.018985748291016,1.0,3.5406914573703103,8.050436497945741,0.9718429328229928,81.9379585160453
fold_3,latest_available,local_hour,9,7860,20.177480916030536,0.73206106870229,5.568193384223918,12.99042512923145,0.9291656147749999,59.44147392373442
fold_3,previous_day_24h,local_hour,9,7860,21.031424936386767,0.7269720101781171,5.286259541984733,13.615961296787804,0.9221794999412914,57.31091934228313
fold_3,previous_week_168h,local_hour,9,7860,20.701908396946564,0.7264631043256997,4.088040712468193,9.237218664262501,0.9641837717187938,55.441343758307674
fold_3,zone_hour_average,local_hour,9,7860,19.981585643498057,0.9694656488549618,5.33236462657917,14.792332007983127,0.9081517909754441,77.39580650822974
fold_3,rolling_mean_24h,local_hour,9,7860,20.165383799830366,0.9145038167938931,8.59368108566582,22.828013057019817,0.781257271404977,80.68977757280298
fold_3,hist_gradient_boosting,local_hour,9,7860,21.087563783144688,1.0,3.5172055912536266,7.6794224200354515,0.9752454796709851,83.98568418490042
fold_3,xgboost_depth4,local_hour,9,7860,21.655017852783203,1.0,3.709350522518461,8.223380022136,0.9716143971821177,82.69329372295469
fold_3,xgboost_depth6,local_hour,9,7860,21.08794403076172,1.0,3.4592468596160715,7.575910144968877,0.9759083230677793,83.58140615568978
fold_3,latest_available,local_hour,10,7860,21.14440203562341,0.7279898218829517,5.016412213740458,11.762973996906922,0.944143673078787,59.5486281369019
fold_3,previous_day_24h,local_hour,10,7860,21.0676844783715,0.7022900763358778,4.593384223918575,11.420585404976682,0.9473480050273266,59.6028406161831
fold_3,previous_week_168h,local_hour,10,7860,20.793256997455472,0.700381679389313,3.9400763358778628,9.45131491854797,0.9639402619386599,58.2529971587777
fold_3,zone_hour_average,local_hour,10,7860,20.39252711932503,0.9656488549618321,4.035002901656176,10.781267450805418,0.9530778677933884,79.80051769021196
fold_3,rolling_mean_24h,local_hour,10,7860,20.170091178965226,0.9148854961832061,6.971501272264631,18.888517944487923,0.8559763325926506,78.961405651307
fold_3,hist_gradient_boosting,local_hour,10,7860,21.63663762557202,1.0,3.498917471767274,7.956725714995472,0.97444317648197,87.7995157702363
fold_3,xgboost_depth4,local_hour,10,7860,21.67535400390625,1.0,3.4796974473403,7.858149638250465,0.975072502087411,87.30613305436775
fold_3,xgboost_depth6,local_hour,10,7860,21.56026268005371,1.0,3.361176947621823,7.586908994923806,0.9767636532422096,87.07041348866187
fold_3,latest_available,local_hour,11,7860,21.212468193384225,0.7038167938931298,4.845547073791349,11.982907674511969,0.9517470406403381,59.91246662909863
fold_3,previous_day_24h,local_hour,11,7860,22.94796437659033,0.7055979643765903,4.6970737913486005,11.688302366628802,0.9540905168753274,60.250179022191745
fold_3,previous_week_168h,local_hour,11,7860,22.433715012722647,0.7005089058524173,4.056361323155216,9.990141450883035,0.9664615643001918,58.66276090873668
fold_3,zone_hour_average,local_hour,11,7860,21.851714209187087,0.9694656488549618,3.9799272353912767,10.713514695240228,0.9614287719170085,80.59624022206272
fold_3,rolling_mean_24h,local_hour,11,7860,20.176123833757423,0.9145038167938931,6.8240245971162,19.14501636349586,0.8768282785412512,76.94561523786031
fold_3,hist_gradient_boosting,local_hour,11,7860,22.55283509855254,1.0,3.423966528701172,8.142009859368692,0.9777226886147135,87.2468787833785
fold_3,xgboost_depth4,local_hour,11,7860,22.593746185302734,1.0,3.5127798863115505,8.406284059336606,0.9762530602682701,86.9270499987666
fold_3,xgboost_depth6,local_hour,11,7860,22.56608009338379,1.0,3.370132563388302,8.105351478810336,0.977922838636656,86.62287161587922
fold_3,latest_available,local_hour,12,7860,23.04503816793893,0.7064885496183206,4.54058524173028,11.632842644419373,0.961285676576615,58.95122833995906
fold_3,previous_day_24h,local_hour,12,7860,24.895419847328245,0.7053435114503817,5.524045801526718,14.618050642276236,0.9388665520177247,59.259795411851016
fold_3,previous_week_168h,local_hour,12,7860,24.406361323155217,0.7013994910941476,4.704961832061069,12.56868660408294,0.9548061061059656,58.15866469634318
fold_3,zone_hour_average,local_hour,12,7860,23.590632114637742,0.9541984732824428,4.382386947011295,11.784321722714816,0.9602708614663897,77.95677575490201
fold_3,rolling_mean_24h,local_hour,12,7860,20.180168575063615,0.9136132315521629,7.679638464800678,22.53395716782637,0.8547303481072193,76.75231889473909
fold_3,hist_gradient_boosting,local_hour,12,7860,24.510974763261768,1.0,3.7259212913093376,9.650955987752605,0.9733534715190202,86.66332363680793
fold_3,xgboost_depth4,local_hour,12,7860,24.511350631713867,1.0,3.7854059526976434,9.833166411298752,0.9723377982242198,86.79705317186733
fold_3,xgboost_depth6,local_hour,12,7860,24.410682678222656,1.0,3.6544730339531073,9.618217439088362,0.9735339487732924,86.35602540239125
fold_3,latest_available,local_hour,13,7860,24.95,0.7053435114503817,4.359923664122137,10.7581852381487,0.9688407498462583,57.19935492316312
fold_3,previous_day_24h,local_hour,13,7860,25.702798982188295,0.7019083969465649,5.7,14.774849684721223,0.9412300793248458,61.19146652145423
fold_3,previous_week_168h,local_hour,13,7860,25.27480916030534,0.6978371501272265,4.802544529262087,12.223428886382823,0.9597750917104434,58.86690305989465
fold_3,zone_hour_average,local_hour,13,7860,24.55259809829918,0.9580152671755725,4.733436007321102,12.517565207943312,0.9578159097889376,79.49698851150191
fold_3,rolling_mean_24h,local_hour,13,7860,20.182442748091603,0.9138676844783715,7.781340118744699,22.557533426434382,0.8630089541307318,77.09079548389853
fold_3,hist_gradient_boosting,local_hour,13,7860,25.7928067222376,1.0,3.676944063058125,8.934630471583914,0.9785087264286446,87.2849649839486
fold_3,xgboost_depth4,local_hour,13,7860,25.80422592163086,1.0,3.7901005869527506,9.407425547541102,0.9761740326690114,87.54440336726105
fold_3,xgboost_depth6,local_hour,13,7860,25.711891174316406,1.0,3.6182524757853143,8.912969387501947,0.9786128068330187,87.11386523979915
fold_3,latest_available,local_hour,14,7860,25.76641221374046,0.7015267175572519,5.170229007633588,13.907345158723418,0.9586835072961216,59.63534236668869
fold_3,previous_day_24h,local_hour,14,7860,28.18944020356234,0.7086513994910941,6.257124681933842,17.003012006782768,0.9382429270105468,62.4606385699876
fold_3,previous_week_168h,local_hour,14,7860,27.535368956743003,0.7090330788804071,5.534351145038168,14.920228937659196,0.9524461202446961,60.41192659474357
fold_3,zone_hour_average,local_hour,14,7860,26.243705638141158,0.9656488549618321,5.451665104236418,15.63110054818007,0.947806779559434,79.7596243229497
fold_3,rolling_mean_24h,local_hour,14,7860,20.185093299406272,0.9139949109414758,9.733248515691265,29.459182637210596,0.8146142420060812,77.43313615134102
fold_3,hist_gradient_boosting,local_hour,14,7860,27.493165626901565,1.0,4.096858739604078,10.53938216891495,0.9762717730947196,86.52818179795855
fold_3,xgboost_depth4,local_hour,14,7860,27.430761337280273,1.0,4.237514658882721,10.814560697652787,0.9750165306907603,85.86781083043394
fold_3,xgboost_depth6,local_hour,14,7860,27.459190368652344,1.0,4.089219519693129,10.594575153205822,0.9760226008387144,86.08050146322786
fold_3,latest_available,local_hour,15,7860,28.26386768447837,0.7087786259541985,4.9082697201017815,12.62086099739323,0.9688285169633314,58.59759625124533
fold_3,previous_day_24h,local_hour,15,7860,28.690712468193386,0.6904580152671755,6.2211195928753185,17.023535571636657,0.9432874698648734,62.15929982612135
fold_3,previous_week_168h,local_hour,15,7860,27.93473282442748,0.6914758269720102,5.2676844783715016,14.295224206514,0.9600090758463599,59.9254531575343
fold_3,zone_hour_average,local_hour,15,7860,27.840431230748624,0.9541984732824428,5.579813401187447,16.231004364113733,0.9484450598547292,80.61326936361097
fold_3,rolling_mean_24h,local_hour,15,7860,20.188194444444445,0.9142493638676845,10.469873833757422,32.668309902916484,0.7911507925388086,80.20281770897165
fold_3,hist_gradient_boosting,local_hour,15,7860,28.99346861142138,1.0,4.0894720773541025,10.509178579826582,0.9783869010460436,89.17290960306556
fold_3,xgboost_depth4,local_hour,15,7860,29.041440963745117,1.0,4.192756524545546,10.71998380954114,0.9775111236377994,88.3774165058601
fold_3,xgboost_depth6,local_hour,15,7860,29.05093765258789,1.0,4.082817522929294,10.577757266522726,0.9781039038459852,88.93018167631627
fold_3,latest_available,local_hour,16,7860,28.845419847328245,0.6914758269720102,5.399872773536896,14.49148648902443,0.9603340565237339,60.202389500516176
fold_3,previous_day_24h,local_hour,16,7860,29.195165394402036,0.6797709923664123,6.87735368956743,19.73865506605741,0.926408605635191,62.915237411759676
fold_3,previous_week_168h,local_hour,16,7860,28.558778625954197,0.6767175572519084,5.4931297709923665,15.01956315455578,0.9573904920664216,60.74673129390216
fold_3,zone_hour_average,local_hour,16,7860,28.777186286326504,0.9541984732824428,5.961642337395651,16.878462284590892,0.9461906592361298,82.92167442184177
fold_3,rolling_mean_24h,local_hour,16,7860,20.19464058524173,0.9143765903307888,11.096283927056827,33.5521191252203,0.7873664322097945,82.29638716695776
fold_3,hist_gradient_boosting,local_hour,16,7860,29.59272422806516,1.0,4.39219078682072,11.439002451045065,0.9752845670673566,90.8170079310712
fold_3,xgboost_depth4,local_hour,16,7860,29.82978630065918,1.0,4.567261050296497,11.869260788113369,0.9733903439835278,88.63267327779599
fold_3,xgboost_depth6,local_hour,16,7860,29.785667419433594,1.0,4.364274130033627,11.310406821115025,0.9758371382731333,89.92464556669711
fold_3,latest_available,local_hour,17,7860,29.344783715012724,0.6778625954198473,6.757124681933842,18.050427666160648,0.9496054473179516,61.277776704153844
fold_3,previous_day_24h,local_hour,17,7860,32.484605597964375,0.6587786259541984,7.870483460559797,22.76839356535884,0.9198186466557904,63.09603467636926
fold_3,previous_week_168h,local_hour,17,7860,31.698346055979645,0.655852417302799,5.764631043256998,14.97793967289172,0.9653013357522363,60.9309293904772
fold_3,zone_hour_average,local_hour,17,7860,32.232523101647246,0.9541984732824428,7.308359001830276,21.14815852153677,0.9308242754328232,87.20057729862604
fold_3,rolling_mean_24h,local_hour,17,7860,20.200874681933843,0.9143765903307888,14.33150445292621,41.68704939059501,0.7312113560639875,86.64583236370525
fold_3,hist_gradient_boosting,local_hour,17,7860,32.26837834756657,1.0,4.537280236073226,11.582473117971137,0.9792503295114926,93.47226949798556
fold_3,xgboost_depth4,local_hour,17,7860,31.992218017578125,1.0,4.830692703529017,12.51998994897457,0.9757553140460478,91.6598396634639
fold_3,xgboost_depth6,local_hour,17,7860,32.23732376098633,1.0,4.620507150444821,11.916238458943903,0.9780372370894892,92.5179603256357
fold_3,latest_available,local_hour,18,7860,32.72022900763359,0.6581424936386768,5.260559796437659,13.404083916808897,0.9730098299790467,61.46078505123508
fold_3,previous_day_24h,local_hour,18,7860,32.79338422391857,0.6250636132315521,8.326335877862595,24.594779540820806,0.9091306937808804,64.13260782806645
fold_3,previous_week_168h,local_hour,18,7860,32.13053435114504,0.6243002544529263,5.760687022900763,16.312684928221657,0.9600255736349507,60.36300853060208
fold_3,zone_hour_average,local_hour,18,7860,34.27565358373303,0.9656488549618321,8.209346078497601,23.445146254218777,0.9174271571875215,97.11571007221531
fold_3,rolling_mean_24h,local_hour,18,7860,20.210692324003393,0.9145038167938931,14.717880619168787,42.68333366814526,0.7263168831723488,91.42923978319665
fold_3,hist_gradient_boosting,local_hour,18,7860,33.948104859282466,1.0,4.513208166858507,11.547704471460172,0.9799680759023414,98.08670615740897
fold_3,xgboost_depth4,local_hour,18,7860,34.000614166259766,1.0,4.615594169550573,11.765669644948044,0.979204726122539,96.33536662625198
fold_3,xgboost_depth6,local_hour,18,7860,34.0285530090332,1.0,4.453747860404826,11.406368048952832,0.9804554306350611,97.39229327093187
fold_3,latest_available,local_hour,19,7860,33.05737913486005,0.6248091603053435,7.046692111959287,19.959070715261117,0.9209798176742447,61.350796088972665
fold_3,previous_day_24h,local_hour,19,7860,28.71005089058524,0.5810432569974555,8.160178117048346,24.573903181164606,0.8802141057587848,64.05776363709101
fold_3,previous_week_168h,local_hour,19,7860,28.294020356234096,0.5857506361323155,5.486895674300254,15.648016889368908,0.9514291161972073,58.384608885632446
fold_3,zone_hour_average,local_hour,19,7860,30.65763696547997,0.9656488549618321,7.655702672881624,21.3612764498531,0.9094868259421875,104.66897282490073
fold_3,rolling_mean_24h,local_hour,19,7860,20.22169211195929,0.9147582697201018,10.864684054283291,31.693355929581884,0.8007520555860236,95.82867003339976
fold_3,hist_gradient_boosting,local_hour,19,7860,29.217785528063224,1.0,4.294264033868674,11.662796758433293,0.9730187038660925,107.24884082046763
fold_3,xgboost_depth4,local_hour,19,7860,29.42629623413086,1.0,4.458952946488866,12.17357069017744,0.9706036535164815,107.91877629657681
fold_3,xgboost_depth6,local_hour,19,7860,29.44011688232422,1.0,4.339363600795676,11.900193126021906,0.9719091155883801,107.38607566482455
fold_3,latest_available,local_hour,20,7860,28.848600508905854,0.5800254452926209,5.566921119592875,15.073045216941376,0.9531567225952146,58.77198491859116
fold_3,previous_day_24h,local_hour,20,7860,27.5235368956743,0.565648854961832,8.224554707379134,25.872232061758922,0.8619892026269718,63.45071793278575
fold_3,previous_week_168h,local_hour,20,7860,26.75559796437659,0.565267175572519,5.428880407124682,15.928462050929086,0.9476890075723443,58.506599379879624
fold_3,zone_hour_average,local_hour,20,7860,28.14709856110248,0.9580152671755725,7.481981129951135,23.496058327824866,0.8861756202761296,103.97752976625047
fold_3,rolling_mean_24h,local_hour,20,7860,20.227465012722647,0.9145038167938931,10.248499787955897,31.827540855592424,0.7911418447919775,98.15520422872547
fold_3,hist_gradient_boosting,local_hour,20,7860,27.24456137882466,1.0,4.215972736080004,11.571200933940599,0.9723940854455417,110.06568552786445
fold_3,xgboost_depth4,local_hour,20,7860,27.072908401489258,1.0,4.438883629534157,12.688871110858116,0.966803580731473,111.13521191506047
fold_3,xgboost_depth6,local_hour,20,7860,27.25535774230957,1.0,4.1702465982818575,11.626274130579713,0.9721306790770959,111.073112729879
fold_3,latest_available,local_hour,21,7860,27.67201017811705,0.5675572519083969,6.35178117048346,21.115329139796373,0.9251505516657436,59.87542831315169
fold_3,previous_day_24h,local_hour,21,7860,29.20737913486005,0.5631043256997456,9.620737913486005,30.67677051718234,0.8420163410818524,62.282038268515514
fold_3,previous_week_168h,local_hour,21,7860,28.362595419847327,0.5603053435114503,6.4189567430025445,20.148661867816763,0.9318469478171223,58.97545004268816
fold_3,zone_hour_average,local_hour,21,7860,28.527055326622982,0.9618320610687023,8.932553086086154,28.541594267263253,0.8632430680514602,106.37879206336123
fold_3,rolling_mean_24h,local_hour,21,7860,20.233651399491094,0.9141221374045801,12.807686598812555,41.26296007029884,0.7141661545536551,100.53466726101992
fold_3,hist_gradient_boosting,local_hour,21,7860,28.202683679952916,1.0,4.8922817088681905,14.90321390042646,0.9627134018366033,111.28216624944075
fold_3,xgboost_depth4,local_hour,21,7860,27.431692123413086,1.0,5.234577325507809,16.69417898779684,0.9532132343248019,112.49174231091847
fold_3,xgboost_depth6,local_hour,21,7860,28.093936920166016,1.0,4.898105128507578,15.144759857778933,0.9614949514293738,112.60022738739364
fold_3,latest_available,local_hour,22,7860,29.428371501272263,0.5631043256997456,7.453053435114504,22.694449557380064,0.9028866024392492,60.27314836077653
fold_3,previous_day_24h,local_hour,22,7860,27.290839694656487,0.5725190839694656,10.611959287531807,34.62494063525468,0.7739430227275019,63.78352904655179
fold_3,previous_week_168h,local_hour,22,7860,26.915139949109413,0.5731552162849872,6.471374045801527,19.4307768516476,0.928809807108414,58.12033031977423
fold_3,zone_hour_average,local_hour,22,7860,25.80422887252584,0.9618320610687023,9.761093472043953,29.42284464633127,0.8367665504309988,106.12083010977258
fold_3,rolling_mean_24h,local_hour,22,7860,20.24285941475827,0.9138676844783715,12.915124045801527,40.07216889899584,0.697221146926507,100.53225555813155
fold_3,hist_gradient_boosting,local_hour,22,7860,26.446010241282597,1.0,5.069641259599811,15.148954912795444,0.9567281774755718,110.75945757386388
fold_3,xgboost_depth4,local_hour,22,7860,26.596036911010742,1.0,5.266638604983801,15.540310097384882,0.9544635466200223,111.9050204757957
fold_3,xgboost_depth6,local_hour,22,7860,26.550687789916992,1.0,5.0149884240583305,14.98018202158532,0.9576869801189241,112.11721948351958
fold_3,latest_available,local_hour,23,7860,27.722391857506363,0.5744274809160306,10.160178117048346,31.466171908173187,0.7146944401458256,62.849198486041246
fold_3,previous_day_24h,local_hour,23,7860,20.771628498727736,0.5641221374045802,10.379643765903309,36.743841982897244,0.6109624312862645,67.78060880648141
fold_3,previous_week_168h,local_hour,23,7860,20.795165394402037,0.561704834605598,5.569847328244275,17.751590259551467,0.9091976803976111,59.69706676944383
fold_3,zone_hour_average,local_hour,23,7860,20.18611092346146,0.9541984732824428,10.044620459816704,30.646732975851727,0.7293607497127861,109.8981717093897
fold_3,rolling_mean_24h,local_hour,23,7860,20.260840754877012,0.9142493638676845,12.084642705682782,36.699222221660165,0.6119067105294789,104.75238469364818
fold_3,hist_gradient_boosting,local_hour,23,7860,20.84475620814172,1.0,4.652071072566915,13.942769645826974,0.9439829134334626,114.83042988464669
fold_3,xgboost_depth4,local_hour,23,7860,21.239213943481445,1.0,4.900158809301261,14.659767444627699,0.9380734943159469,116.90515553937009
fold_3,xgboost_depth6,local_hour,23,7860,21.111122131347656,0.9818066157760814,4.611840826642649,13.928368595622509,0.9440985702629635,111.59766276859851
fold_3,latest_available,weekend,0,138336,19.96479585935693,0.612118320610687,5.521303203793662,16.88430456463949,0.9142986877787045,61.62864466078861
fold_3,previous_day_24h,weekend,0,138336,19.533837901919963,0.6063786722183668,5.507489012260004,19.65715239834476,0.883838469345398,60.32857911565257
fold_3,previous_week_168h,weekend,0,138336,19.772004395095998,0.6137014226231784,4.05568326393708,12.133798774191641,0.9557396653338905,56.685290027828955
fold_3,zone_hour_average,weekend,0,138336,19.94397934601141,0.958969465648855,5.329988298040968,16.760640869127545,0.9155494742224028,98.06473882633338
fold_3,rolling_mean_24h,weekend,0,138336,19.41318811926517,0.9132619130233635,11.897105296765362,34.83555659874562,0.6351900921653763,99.65804690991537
fold_3,hist_gradient_boosting,weekend,0,138336,20.13319953068225,0.9998698820263706,3.3479927998021757,9.382801880630087,0.9735341279137726,103.52954747456322
fold_3,xgboost_depth4,weekend,0,138336,20.108776092529297,0.9996963913948647,3.4907501411347,9.920126027452506,0.9704160952304127,103.37227430866751
fold_3,xgboost_depth6,weekend,0,138336,20.158039093017578,0.9946940781864446,3.2976074392841532,9.362223118675873,0.9736500927673949,101.92052048584915
fold_3,latest_available,weekend,1,50304,21.074964217557252,0.6037293256997456,5.763656965648855,16.676966243452128,0.9147549077045941,61.72315448106334
fold_3,previous_day_24h,weekend,1,50304,21.807212150127228,0.6185591603053435,8.590648854961833,28.899956031997686,0.7440060804111776,66.27750987873945
fold_3,previous_week_168h,weekend,1,50304,19.999224713740457,0.6026359732824428,4.9923862913486,15.17495705838796,0.9294186066494814,59.35560712143204
fold_3,zone_hour_average,weekend,1,50304,19.94397934601141,0.958969465648855,8.44545937360418,27.730174883041858,0.7643103546221262,103.23180031793683
fold_3,rolling_mean_24h,weekend,1,50304,22.293574235315948,0.9172034033078881,13.02906412346268,37.81462879325097,0.5617166535749331,101.84038603427372
fold_3,hist_gradient_boosting,weekend,1,50304,20.339554291194457,1.0,3.8798838867326944,10.68705837326798,0.9649932616115019,105.4361500000638
fold_3,xgboost_depth4,weekend,1,50304,20.454833984375,0.9999602417302799,4.063613517934595,11.294728948986672,0.9608990857323656,105.46401652560206
fold_3,xgboost_depth6,weekend,1,50304,20.352638244628906,1.0,3.8565508734147547,10.717169409265932,0.9647957191104125,105.6253013938428
fold_3,latest_available,rush_hour,0,154056,19.415634574440464,0.5847548943241418,5.32207119489017,16.56184797603721,0.9089382025825038,61.84621173522023
fold_3,previous_day_24h,rush_hour,0,154056,18.942423534299216,0.5900062315002337,6.349587163109518,23.40385035313028,0.8181583951301841,62.322889953318864
fold_3,previous_week_168h,rush_hour,0,154056,18.317384587422755,0.5878966090252895,4.139397361998235,13.034981405828649,0.9435921609343135,57.43284108014962
fold_3,zone_hour_average,rush_hour,0,154056,18.85197096302785,0.958184036973568,6.158851844396063,20.810763372800277,0.8562212667778379,103.8888150632411
fold_3,rolling_mean_24h,rush_hour,0,154056,20.37079644198646,0.9145310796074155,12.298886443890531,36.00684929373607,0.5695835387128552,103.9150857780988
fold_3,hist_gradient_boosting,rush_hour,0,154056,18.584997893801305,0.9998831593706184,3.360849751783988,9.744262372048212,0.9684777964596373,108.24349531211912
fold_3,xgboost_depth4,rush_hour,0,154056,18.611995697021484,0.9997143895726229,3.498136362956227,10.28674788472208,0.964870269140608,108.5554790812514
fold_3,xgboost_depth6,rush_hour,0,154056,18.605316162109375,0.9952354987796646,3.3176292958102733,9.74379476403524,0.9684808217643195,107.15952380090927
fold_3,latest_available,rush_hour,1,34584,24.025850104094378,0.7218077723802915,6.761305806153135,17.97220638668877,0.9293977347898233,60.79695106781099
fold_3,previous_day_24h,rush_hour,1,34584,25.4750462641684,0.6970275271801989,6.240920656951191,17.903298731862346,0.929938092477879,60.09782103962908
fold_3,previous_week_168h,rush_hour,1,34584,26.582176729123294,0.7125549386999769,5.045252139717789,12.922573884455584,0.9634982329990411,57.23938747636867
fold_3,zone_hour_average,rush_hour,1,34584,24.80838032475636,0.962468193384224,6.169372246914762,17.690612487623827,0.9315928370144115,79.63685230425853
fold_3,rolling_mean_24h,rush_hour,1,34584,19.33713085048963,0.9133414295628036,11.753838480222068,34.03965062483164,0.7467286713760062,83.86918522343767
fold_3,hist_gradient_boosting,rush_hour,1,34584,27.32988647389697,1.0,4.064380685600313,9.762900030023772,0.9791659584837795,85.30429259890593
fold_3,xgboost_depth4,rush_hour,1,34584,27.27960777282715,1.0,4.291103701093201,10.383921706058805,0.9764311359890966,83.3259871826987
fold_3,xgboost_depth6,rush_hour,1,34584,27.357765197753906,1.0,4.0214278007668565,9.73392378335747,0.9792894456537844,83.97191431220847
fold_3,latest_available,zone_cohort,dense,123120,30.859535412605588,0.8183398310591293,8.340042235217673,20.81921080784448,0.9086784600015948,67.85205986873014
fold_3,previous_day_24h,zone_cohort,dense,123120,30.67487004548408,0.8179256010396361,9.47496751137102,27.83502434428455,0.8367595015908594,68.09385064414032
fold_3,previous_week_168h,zone_cohort,dense,123120,30.20546621182586,0.8198099415204678,6.381083495776478,16.092151831010877,0.9454401780710326,61.956687376076275
fold_3,zone_hour_average,zone_cohort,dense,123120,30.358479925868682,1.0,9.233636074801085,25.089259284338457,0.8673765318674977,73.16902534959664
fold_3,rolling_mean_24h,zone_cohort,dense,123120,30.73786854288499,1.0,18.46243536116526,44.12859077750282,0.5897157755137008,86.06415798339535
fold_3,hist_gradient_boosting,zone_cohort,dense,123120,30.690634542580856,0.9998538011695907,5.0997696745607275,12.052390919993973,0.9693950890387762,67.5452701514059
fold_3,xgboost_depth4,zone_cohort,dense,123120,30.689273834228516,0.9996426250812216,5.32498810301164,12.742047785310984,0.965792356299096,67.97940197113152
fold_3,xgboost_depth6,zone_cohort,dense,123120,30.741256713867188,0.9999431448992853,5.053934265994782,12.045469552367388,0.9694302301187162,66.88003646351953
fold_3,latest_available,zone_cohort,sparse,65520,0.3446123321123321,0.21816239316239316,0.4106227106227106,0.9753055937607459,-0.12622975423356997,50.006656589929904
fold_3,previous_day_24h,zone_cohort,sparse,65520,0.3439102564102564,0.2182081807081807,0.41926129426129427,1.0758759954145076,-0.3704714806667406,50.30407945934778
fold_3,previous_week_168h,zone_cohort,sparse,65520,0.34072039072039073,0.2179029304029304,0.40514346764346765,1.0204188251666955,-0.23282800402857395,48.82987472807924
fold_3,zone_hour_average,zone_cohort,sparse,65520,0.37387386078510326,0.8818681318681318,0.38651367518422464,0.8068661294579089,0.2291878760970959,148.81388572086095
fold_3,rolling_mean_24h,zone_cohort,sparse,65520,0.34420596764346767,0.7532967032967033,0.42913550569800574,0.8681436310629336,0.10766334364434615,126.87813225705926
fold_3,hist_gradient_boosting,zone_cohort,sparse,65520,0.452935049727587,1.0,0.4645599612289157,0.7777945741091323,0.2837322703034262,172.61217808307833
fold_3,xgboost_depth4,zone_cohort,sparse,65520,0.4924294948577881,1.0,0.48382006543648676,0.7918615617211164,0.25758952487770226,171.48572734099514
fold_3,xgboost_depth6,zone_cohort,sparse,65520,0.420296311378479,0.9889041514041514,0.42639455170621093,0.7737937519059599,0.29108199923299904,170.6102288439831
fold_3,latest_available,target_cohort,positive,115045,32.953226998131164,0.8431657177626146,8.890686253205267,21.521934874300356,0.9072749063962705,69.72212395854025
fold_3,previous_day_24h,target_cohort,positive,115045,32.72721978356295,0.8443304793776348,10.082211308618367,28.765766773807666,0.8343518596656307,70.4666711068106
fold_3,previous_week_168h,target_cohort,positive,115045,32.27037246294928,0.8503107479681864,6.810448085531749,16.641382649824866,0.9445612450469915,63.88665949781618
fold_3,zone_hour_average,target_cohort,positive,115045,32.315436923285475,0.9997218479725325,9.71504043231227,25.94030619080394,0.8652946481070606,48.51541738861443
fold_3,rolling_mean_24h,target_cohort,positive,115045,32.39331131296449,0.997800860532835,19.30463514277022,45.40977104974853,0.5872060922017794,64.08339655263728
fold_3,hist_gradient_boosting,target_cohort,positive,115045,32.75038864271987,0.9999217697422748,5.369923447804218,12.461652030045165,0.9689124930771272,42.666118206305235
fold_3,xgboost_depth4,target_cohort,positive,115045,32.75288772583008,0.9997392324742492,5.603376674776678,13.172149788357274,0.9652665457592512,42.497881925052944
fold_3,xgboost_depth6,target_cohort,positive,115045,32.80474090576172,0.9999304619931331,5.317897409607149,12.45434280957754,0.9689489503306714,42.060517912523764
fold_3,latest_available,target_cohort,zero,73595,0.4198790678714587,0.24520687546708336,0.4198790678714587,1.375703687540586,,49.041375093416676
fold_3,previous_day_24h,target_cohort,zero,73595,0.46361845234051224,0.242733881377811,0.46361845234051224,1.9210591095675875,,48.5467762755622
fold_3,previous_week_168h,target_cohort,zero,73595,0.3896460357361234,0.23626605068279094,0.3896460357361234,1.111942227527364,,47.25321013655819
fold_3,zone_hour_average,target_cohort,zero,73595,0.6046990011850677,0.8952646239554317,0.6046990011850677,1.3259751604970929,,179.05292479108635
fold_3,rolling_mean_24h,target_cohort,zero,73595,1.0912460085603641,0.7838032475032272,1.0912460085603641,5.91711740188699,,156.76064950064543
fold_3,hist_gradient_boosting,target_cohort,zero,73595,0.5508358983490595,0.9998777090834975,0.5508358983490595,0.8908592413549407,,199.9755418166995
fold_3,xgboost_depth4,target_cohort,zero,73595,0.5798213481903076,0.9998097696854406,0.5798214060806962,0.9744099713200055,,199.9619539370881
fold_3,xgboost_depth6,target_cohort,zero,73595,0.5215061902999878,0.9901351994021333,0.5215062214663222,0.8909329492710336,,198.02703988042666
