fold,date_nyc,model,rows,mae,delay_hours
fold_1,2026-02-01,previous_day_24h,6288,7.771151399491094,0
fold_1,2026-02-01,previous_week_168h,6288,13.291666666666666,0
fold_1,2026-02-01,zone_hour_average,6288,8.349905865268461,0
fold_1,2026-02-01,rolling_mean_24h,6288,12.013888888888891,0
fold_1,2026-02-01,hist_gradient_boosting,6288,4.918457435021035,0
fold_1,2026-02-01,latest_available,6288,5.829834605597965,0
fold_1,2026-02-02,previous_day_24h,6288,10.690044529262087,0
fold_1,2026-02-02,previous_week_168h,6288,8.411577608142494,0
fold_1,2026-02-02,zone_hour_average,6288,5.741646426092991,0
fold_1,2026-02-02,rolling_mean_24h,6288,11.287127597540287,0
fold_1,2026-02-02,hist_gradient_boosting,6288,4.191172474102562,0
fold_1,2026-02-02,latest_available,6288,5.225031806615776,0
fold_1,2026-02-03,previous_day_24h,6288,4.5194020356234095,0
fold_1,2026-02-03,previous_week_168h,6288,4.7333015267175576,0
fold_1,2026-02-03,zone_hour_average,6288,5.653212789472331,0
fold_1,2026-02-03,rolling_mean_24h,6288,11.858858142493638,0
fold_1,2026-02-03,hist_gradient_boosting,6288,3.329944238284819,0
fold_1,2026-02-03,latest_available,6288,5.604802798982188,0
fold_1,2026-02-04,previous_day_24h,6288,3.8256997455470736,0
fold_1,2026-02-04,previous_week_168h,6288,4.029580152671755,0
fold_1,2026-02-04,zone_hour_average,6288,5.6720924255275404,0
fold_1,2026-02-04,rolling_mean_24h,6288,12.438156011450381,0
fold_1,2026-02-04,hist_gradient_boosting,6288,3.4041143497098214,0
fold_1,2026-02-04,latest_available,6288,5.898854961832061,0
fold_1,2026-02-05,previous_day_24h,6288,3.6477417302798982,0
fold_1,2026-02-05,previous_week_168h,6288,4.101145038167939,0
fold_1,2026-02-05,zone_hour_average,6288,5.470395323035273,0
fold_1,2026-02-05,rolling_mean_24h,6288,12.538366730279899,0
fold_1,2026-02-05,hist_gradient_boosting,6288,3.4010180720200074,0
fold_1,2026-02-05,latest_available,6288,5.788645038167939,0
fold_1,2026-02-06,previous_day_24h,6288,5.323473282442748,0
fold_1,2026-02-06,previous_week_168h,6288,4.801367684478372,0
fold_1,2026-02-06,zone_hour_average,6288,4.9132333727435515,0
fold_1,2026-02-06,rolling_mean_24h,6288,12.262013623833756,0
fold_1,2026-02-06,hist_gradient_boosting,6288,3.7900940803975334,0
fold_1,2026-02-06,latest_available,6288,5.592239185750636,0
fold_1,2026-02-07,previous_day_24h,6288,9.028307888040713,0
fold_1,2026-02-07,previous_week_168h,6288,4.656965648854962,0
fold_1,2026-02-07,zone_hour_average,6288,8.846813769587305,0
fold_1,2026-02-07,rolling_mean_24h,6288,14.070690203562341,0
fold_1,2026-02-07,hist_gradient_boosting,6288,4.062021200788477,0
fold_1,2026-02-07,latest_available,6288,6.195928753180661,0
fold_1,2026-02-08,previous_day_24h,6288,8.229802798982188,0
fold_1,2026-02-08,previous_week_168h,6288,5.907283715012722,0
fold_1,2026-02-08,zone_hour_average,6288,8.64252715878034,0
fold_1,2026-02-08,rolling_mean_24h,6288,12.807470578880407,0
fold_1,2026-02-08,hist_gradient_boosting,6288,5.273962965101576,0
fold_1,2026-02-08,latest_available,6288,7.226940203562341,0
fold_1,2026-02-09,previous_day_24h,6288,11.940521628498727,0
fold_1,2026-02-09,previous_week_168h,6288,3.84764631043257,0
fold_1,2026-02-09,zone_hour_average,6288,6.398169888023577,0
fold_1,2026-02-09,rolling_mean_24h,6288,11.293972646310433,0
fold_1,2026-02-09,hist_gradient_boosting,6288,3.9968729606373525,0
fold_1,2026-02-09,latest_available,6288,5.722964376590331,0
fold_1,2026-02-10,previous_day_24h,6288,4.856075063613232,0
fold_1,2026-02-10,previous_week_168h,6288,3.760973282442748,0
fold_1,2026-02-10,zone_hour_average,6288,5.925484167373481,0
fold_1,2026-02-10,rolling_mean_24h,6288,11.927056827820186,0
fold_1,2026-02-10,hist_gradient_boosting,6288,3.3647232057952112,0
fold_1,2026-02-10,latest_available,6288,5.559001272264631,0
fold_1,2026-02-11,previous_day_24h,6288,3.8037531806615776,0
fold_1,2026-02-11,previous_week_168h,6288,3.619433842239186,0
fold_1,2026-02-11,zone_hour_average,6288,6.060465019148225,0
fold_1,2026-02-11,rolling_mean_24h,6288,12.56022052586938,0
fold_1,2026-02-11,hist_gradient_boosting,6288,3.343497739796545,0
fold_1,2026-02-11,latest_available,6288,5.819974554707379,0
fold_1,2026-02-12,previous_day_24h,6288,4.263040712468193,0
fold_1,2026-02-12,previous_week_168h,6288,3.866412213740458,0
fold_1,2026-02-12,zone_hour_average,6288,6.4344222547784895,0
fold_1,2026-02-12,rolling_mean_24h,6288,13.461182675996609,0
fold_1,2026-02-12,hist_gradient_boosting,6288,3.56604618796164,0
fold_1,2026-02-12,latest_available,6288,6.099236641221374,0
fold_1,2026-02-13,previous_day_24h,6288,5.986800254452926,0
fold_1,2026-02-13,previous_week_168h,6288,4.314408396946565,0
fold_1,2026-02-13,zone_hour_average,6288,4.955018377155782,0
fold_1,2026-02-13,rolling_mean_24h,6288,12.86868506149279,0
fold_1,2026-02-13,hist_gradient_boosting,6288,3.75001873972507,0
fold_1,2026-02-13,latest_available,6288,5.886132315521628,0
fold_1,2026-02-14,previous_day_24h,6288,8.232029262086513,0
fold_1,2026-02-14,previous_week_168h,6288,6.125318066157761,0
fold_1,2026-02-14,zone_hour_average,6288,7.424585871437015,0
fold_1,2026-02-14,rolling_mean_24h,6288,13.2503975826972,0
fold_1,2026-02-14,hist_gradient_boosting,6288,4.007960084194941,0
fold_1,2026-02-14,latest_available,6288,5.80470737913486,0
fold_1,2026-02-15,previous_day_24h,6288,6.163645038167939,0
fold_1,2026-02-15,previous_week_168h,6288,6.741730279898219,0
fold_1,2026-02-15,zone_hour_average,6288,7.812601738333291,0
fold_1,2026-02-15,rolling_mean_24h,6288,10.640412955894828,0
fold_1,2026-02-15,hist_gradient_boosting,6288,3.611188797276189,0
fold_1,2026-02-15,latest_available,6288,5.396628498727735,0
fold_1,2026-02-16,previous_day_24h,6288,7.034351145038168,0
fold_1,2026-02-16,previous_week_168h,6288,7.604643765903308,0
fold_1,2026-02-16,zone_hour_average,6288,7.670764900917573,0
fold_1,2026-02-16,rolling_mean_24h,6288,8.54455576759966,0
fold_1,2026-02-16,hist_gradient_boosting,6288,3.3602129448675084,0
fold_1,2026-02-16,latest_available,6288,3.927480916030534,0
fold_1,2026-02-17,previous_day_24h,6288,6.465489821882952,0
fold_1,2026-02-17,previous_week_168h,6288,4.902671755725191,0
fold_1,2026-02-17,zone_hour_average,6288,5.547310145560782,0
fold_1,2026-02-17,rolling_mean_24h,6288,10.199944338422393,0
fold_1,2026-02-17,hist_gradient_boosting,6288,3.054784771524778,0
fold_1,2026-02-17,latest_available,6288,4.718511450381679,0
fold_1,2026-02-18,previous_day_24h,6288,4.743797709923665,0
fold_1,2026-02-18,previous_week_168h,6288,4.053912213740458,0
fold_1,2026-02-18,zone_hour_average,6288,5.592702041620616,0
fold_1,2026-02-18,rolling_mean_24h,6288,11.796775604325699,0
fold_1,2026-02-18,hist_gradient_boosting,6288,3.5173346423558245,0
fold_1,2026-02-18,latest_available,6288,5.919370229007634,0
fold_1,2026-02-19,previous_day_24h,6288,3.965330788804071,0
fold_1,2026-02-19,previous_week_168h,6288,4.654421119592875,0
fold_1,2026-02-19,zone_hour_average,6288,5.060302130721978,0
fold_1,2026-02-19,rolling_mean_24h,6288,12.115544158184903,0
fold_1,2026-02-19,hist_gradient_boosting,6288,3.5768634043806338,0
fold_1,2026-02-19,latest_available,6288,5.428912213740458,0
fold_1,2026-02-20,previous_day_24h,6288,5.013994910941475,0
fold_1,2026-02-20,previous_week_168h,6288,4.7694020356234095,0
fold_1,2026-02-20,zone_hour_average,6288,4.389278707344865,0
fold_1,2026-02-20,rolling_mean_24h,6288,11.852278148854962,0
fold_1,2026-02-20,hist_gradient_boosting,6288,3.7151732026039612,0
fold_1,2026-02-20,latest_available,6288,5.822360050890585,0
fold_1,2026-02-21,previous_day_24h,6288,8.383110687022901,0
fold_1,2026-02-21,previous_week_168h,6288,4.4726463104325695,0
fold_1,2026-02-21,zone_hour_average,6288,7.340645320893413,0
fold_1,2026-02-21,rolling_mean_24h,6288,13.605465436810858,0
fold_1,2026-02-21,hist_gradient_boosting,6288,3.7883117120121916,0
fold_1,2026-02-21,latest_available,6288,5.919529262086514,0
fold_1,2026-02-22,previous_day_24h,6288,11.549936386768447,0
fold_1,2026-02-22,previous_week_168h,6288,7.832220101781171,0
fold_1,2026-02-22,zone_hour_average,6288,12.379284361854337,0
fold_1,2026-02-22,rolling_mean_24h,6288,11.619818172179814,0
fold_1,2026-02-22,hist_gradient_boosting,6288,4.025827376714265,0
fold_1,2026-02-22,latest_available,6288,4.735209923664122,0
fold_1,2026-02-23,previous_day_24h,6288,10.832538167938932,0
fold_1,2026-02-23,previous_week_168h,6288,10.50381679389313,0
fold_1,2026-02-23,zone_hour_average,6288,16.489483469127237,0
fold_1,2026-02-23,rolling_mean_24h,6288,6.4362807463952505,0
fold_1,2026-02-23,hist_gradient_boosting,6288,2.957799872506455,0
fold_1,2026-02-23,latest_available,6288,1.767970737913486,0
fold_1,2026-02-24,previous_day_24h,6288,13.209128498727736,0
fold_1,2026-02-24,previous_week_168h,6288,4.995229007633588,0
fold_1,2026-02-24,zone_hour_average,6288,6.5450267089898135,0
fold_1,2026-02-24,rolling_mean_24h,6288,11.133150445292621,0
fold_1,2026-02-24,hist_gradient_boosting,6288,3.9830802122959987,0
fold_1,2026-02-24,latest_available,6288,5.192111959287532,0
fold_1,2026-02-25,previous_day_24h,6288,4.88279262086514,0
fold_1,2026-02-25,previous_week_168h,6288,4.6211832061068705,0
fold_1,2026-02-25,zone_hour_average,6288,6.093652170560568,0
fold_1,2026-02-25,rolling_mean_24h,6288,11.494288061916878,0
fold_1,2026-02-25,hist_gradient_boosting,6288,3.5730271027665026,0
fold_1,2026-02-25,latest_available,6288,5.746978371501272,0
fold_1,2026-02-26,previous_day_24h,6288,4.359096692111959,0
fold_1,2026-02-26,previous_week_168h,6288,4.161895674300254,0
fold_1,2026-02-26,zone_hour_average,6288,5.879568907908603,0
fold_1,2026-02-26,rolling_mean_24h,6288,12.585751961407974,0
fold_1,2026-02-26,hist_gradient_boosting,6288,3.4513220281841743,0
fold_1,2026-02-26,latest_available,6288,5.839376590330788,0
fold_1,2026-02-27,previous_day_24h,6288,5.7264631043257,0
fold_1,2026-02-27,previous_week_168h,6288,4.951653944020356,0
fold_1,2026-02-27,zone_hour_average,6288,5.5760680383135846,0
fold_1,2026-02-27,rolling_mean_24h,6288,13.025988655640374,0
fold_1,2026-02-27,hist_gradient_boosting,6288,3.8522800815530696,0
fold_1,2026-02-27,latest_available,6288,6.110846055979644,0
fold_1,2026-02-28,previous_day_24h,6288,8.569338422391857,0
fold_1,2026-02-28,previous_week_168h,6288,4.100031806615776,0
fold_1,2026-02-28,zone_hour_average,6288,7.781018304332554,0
fold_1,2026-02-28,rolling_mean_24h,6288,13.478961248939777,0
fold_1,2026-02-28,hist_gradient_boosting,6288,3.9062014297002348,0
fold_1,2026-02-28,latest_available,6288,5.975349872773537,0
fold_2,2026-03-01,previous_day_24h,6288,8.141857506361323,0
fold_2,2026-03-01,previous_week_168h,6288,6.509701017811705,0
fold_2,2026-03-01,zone_hour_average,6288,9.246835508109518,0
fold_2,2026-03-01,rolling_mean_24h,6288,11.895429124257845,0
fold_2,2026-03-01,hist_gradient_boosting,6288,3.5399006693501516,0
fold_2,2026-03-01,latest_available,6288,5.516062340966921,0
fold_2,2026-03-02,previous_day_24h,6288,11.186545801526718,0
fold_2,2026-03-02,previous_week_168h,6288,14.819497455470739,0
fold_2,2026-03-02,zone_hour_average,6288,5.861048410734727,0
fold_2,2026-03-02,rolling_mean_24h,6288,11.510979908821035,0
fold_2,2026-03-02,hist_gradient_boosting,6288,5.1734228881396,0
fold_2,2026-03-02,latest_available,6288,5.317589058524173,0
fold_2,2026-03-03,previous_day_24h,6288,5.721533078880407,0
fold_2,2026-03-03,previous_week_168h,6288,6.914599236641221,0
fold_2,2026-03-03,zone_hour_average,6288,6.817095649400806,0
fold_2,2026-03-03,rolling_mean_24h,6288,13.648589906700593,0
fold_2,2026-03-03,hist_gradient_boosting,6288,3.902983657745931,0
fold_2,2026-03-03,latest_available,6288,6.032442748091603,0
fold_2,2026-03-04,previous_day_24h,6288,4.185114503816794,0
fold_2,2026-03-04,previous_week_168h,6288,4.804389312977099,0
fold_2,2026-03-04,zone_hour_average,6288,5.7097514522809165,0
fold_2,2026-03-04,rolling_mean_24h,6288,12.55790791984733,0
fold_2,2026-03-04,hist_gradient_boosting,6288,3.3101276239349886,0
fold_2,2026-03-04,latest_available,6288,5.682251908396947,0
fold_2,2026-03-05,previous_day_24h,6288,5.864821882951654,0
fold_2,2026-03-05,previous_week_168h,6288,5.6720737913486,0
fold_2,2026-03-05,zone_hour_average,6288,7.909698653111795,0
fold_2,2026-03-05,rolling_mean_24h,6288,14.436572307039865,0
fold_2,2026-03-05,hist_gradient_boosting,6288,4.221788845938227,0
fold_2,2026-03-05,latest_available,6288,6.684478371501272,0
fold_2,2026-03-06,previous_day_24h,6288,6.952290076335878,0
fold_2,2026-03-06,previous_week_168h,6288,4.2487277353689565,0
fold_2,2026-03-06,zone_hour_average,6288,4.580531491073211,0
fold_2,2026-03-06,rolling_mean_24h,6288,12.901465754877012,0
fold_2,2026-03-06,hist_gradient_boosting,6288,3.7778341267758897,0
fold_2,2026-03-06,latest_available,6288,6.056138676844784,0
fold_2,2026-03-07,previous_day_24h,6288,8.306933842239186,0
fold_2,2026-03-07,previous_week_168h,6288,3.9309796437659035,0
fold_2,2026-03-07,zone_hour_average,6288,7.118440107478882,0
fold_2,2026-03-07,rolling_mean_24h,6288,12.81396442960136,0
fold_2,2026-03-07,hist_gradient_boosting,6288,3.574698068245893,0
fold_2,2026-03-07,latest_available,6288,5.7333015267175576,0
fold_2,2026-03-08,previous_day_24h,6026,8.185529372718221,0
fold_2,2026-03-08,previous_week_168h,6026,4.766843677397942,0
fold_2,2026-03-08,zone_hour_average,6026,9.582896438871657,0
fold_2,2026-03-08,rolling_mean_24h,6026,11.433323653058967,0
fold_2,2026-03-08,hist_gradient_boosting,6026,4.0977892680107795,0
fold_2,2026-03-08,latest_available,6026,5.596083637570528,0
fold_2,2026-03-09,previous_day_24h,6288,11.571087786259541,0
fold_2,2026-03-09,previous_week_168h,6288,5.4336832061068705,0
fold_2,2026-03-09,zone_hour_average,6288,5.64911587328648,0
fold_2,2026-03-09,rolling_mean_24h,6288,10.938003604749788,0
fold_2,2026-03-09,hist_gradient_boosting,6288,3.988475869163448,0
fold_2,2026-03-09,latest_available,6288,5.105916030534351,0
fold_2,2026-03-10,previous_day_24h,6288,5.694815521628499,0
fold_2,2026-03-10,previous_week_168h,6288,6.075381679389313,0
fold_2,2026-03-10,zone_hour_average,6288,5.8444065313572295,0
fold_2,2026-03-10,rolling_mean_24h,6288,12.670284669211195,0
fold_2,2026-03-10,hist_gradient_boosting,6288,4.052000063786979,0
fold_2,2026-03-10,latest_available,6288,5.763199745547074,0
fold_2,2026-03-11,previous_day_24h,6288,3.915235368956743,0
fold_2,2026-03-11,previous_week_168h,6288,5.692589058524173,0
fold_2,2026-03-11,zone_hour_average,6288,6.010931222562938,0
fold_2,2026-03-11,rolling_mean_24h,6288,12.770236959287532,0
fold_2,2026-03-11,hist_gradient_boosting,6288,3.8493303239060914,0
fold_2,2026-03-11,latest_available,6288,5.840648854961832,0
fold_2,2026-03-12,previous_day_24h,6288,6.169211195928753,0
fold_2,2026-03-12,previous_week_168h,6288,8.12833969465649,0
fold_2,2026-03-12,zone_hour_average,6288,8.454005558633716,0
fold_2,2026-03-12,rolling_mean_24h,6288,14.53263491306192,0
fold_2,2026-03-12,hist_gradient_boosting,6288,5.175207423630762,0
fold_2,2026-03-12,latest_available,6288,6.596692111959287,0
fold_2,2026-03-13,previous_day_24h,6288,6.8945610687022905,0
fold_2,2026-03-13,previous_week_168h,6288,6.842080152671755,0
fold_2,2026-03-13,zone_hour_average,6288,5.805954828436816,0
fold_2,2026-03-13,rolling_mean_24h,6288,14.050903837998304,0
fold_2,2026-03-13,hist_gradient_boosting,6288,4.3918518791597085,0
fold_2,2026-03-13,latest_available,6288,6.1261132315521625,0
fold_2,2026-03-14,previous_day_24h,6288,9.213263358778626,0
fold_2,2026-03-14,previous_week_168h,6288,6.754452926208652,0
fold_2,2026-03-14,zone_hour_average,6288,7.889351345056264,0
fold_2,2026-03-14,rolling_mean_24h,6288,14.096877650551315,0
fold_2,2026-03-14,hist_gradient_boosting,6288,4.566759512614516,0
fold_2,2026-03-14,latest_available,6288,5.887563613231552,0
fold_2,2026-03-15,previous_day_24h,6288,8.838899491094148,0
fold_2,2026-03-15,previous_week_168h,6288,5.63263358778626,0
fold_2,2026-03-15,zone_hour_average,6288,8.413892116595223,0
fold_2,2026-03-15,rolling_mean_24h,6288,12.260105226887191,0
fold_2,2026-03-15,hist_gradient_boosting,6288,4.0276377873507165,0
fold_2,2026-03-15,latest_available,6288,5.6835241730279895,0
fold_2,2026-03-16,previous_day_24h,6288,11.356552162849873,0
fold_2,2026-03-16,previous_week_168h,6288,4.616889312977099,0
fold_2,2026-03-16,zone_hour_average,6288,6.503910774357905,0
fold_2,2026-03-16,rolling_mean_24h,6288,11.803242949533503,0
fold_2,2026-03-16,hist_gradient_boosting,6288,4.338206110877776,0
fold_2,2026-03-16,latest_available,6288,6.241730279898219,0
fold_2,2026-03-17,previous_day_24h,6288,6.0481870229007635,0
fold_2,2026-03-17,previous_week_168h,6288,4.511291348600509,0
fold_2,2026-03-17,zone_hour_average,6288,6.217991777200032,0
fold_2,2026-03-17,rolling_mean_24h,6288,13.106353371501273,0
fold_2,2026-03-17,hist_gradient_boosting,6288,3.528114404756497,0
fold_2,2026-03-17,latest_available,6288,5.799459287531807,0
fold_2,2026-03-18,previous_day_24h,6288,5.211195928753181,0
fold_2,2026-03-18,previous_week_168h,6288,4.212786259541985,0
fold_2,2026-03-18,zone_hour_average,6288,6.824722133740697,0
fold_2,2026-03-18,rolling_mean_24h,6288,12.996772953774384,0
fold_2,2026-03-18,hist_gradient_boosting,6288,3.752406488654388,0
fold_2,2026-03-18,latest_available,6288,6.434160305343512,0
fold_2,2026-03-19,previous_day_24h,6288,4.522423664122138,0
fold_2,2026-03-19,previous_week_168h,6288,5.117843511450381,0
fold_2,2026-03-19,zone_hour_average,6288,7.067770243139754,0
fold_2,2026-03-19,rolling_mean_24h,6288,14.310134382951654,0
fold_2,2026-03-19,hist_gradient_boosting,6288,3.802407326240601,0
fold_2,2026-03-19,latest_available,6288,6.126431297709924,0
fold_2,2026-03-20,previous_day_24h,6288,6.86704834605598,0
fold_2,2026-03-20,previous_week_168h,6288,5.125,0
fold_2,2026-03-20,zone_hour_average,6288,5.114085180790187,0
fold_2,2026-03-20,rolling_mean_24h,6288,13.633587786259545,0
fold_2,2026-03-20,hist_gradient_boosting,6288,4.012632764873875,0
fold_2,2026-03-20,latest_available,6288,5.907283715012722,0
fold_2,2026-03-21,previous_day_24h,6288,8.266539440203562,0
fold_2,2026-03-21,previous_week_168h,6288,4.784192111959287,0
fold_2,2026-03-21,zone_hour_average,6288,7.853032545374199,0
fold_2,2026-03-21,rolling_mean_24h,6288,13.117512192536045,0
fold_2,2026-03-21,hist_gradient_boosting,6288,3.8454923294664036,0
fold_2,2026-03-21,latest_available,6288,5.920165394402035,0
fold_2,2026-03-22,previous_day_24h,6288,7.769083969465649,0
fold_2,2026-03-22,previous_week_168h,6288,4.964058524173028,0
fold_2,2026-03-22,zone_hour_average,6288,9.026330419424859,0
fold_2,2026-03-22,rolling_mean_24h,6288,11.572432941051739,0
fold_2,2026-03-22,hist_gradient_boosting,6288,3.8118751540716054,0
fold_2,2026-03-22,latest_available,6288,5.591125954198473,0
fold_2,2026-03-23,previous_day_24h,6288,10.903784987277353,0
fold_2,2026-03-23,previous_week_168h,6288,4.822678117048346,0
fold_2,2026-03-23,zone_hour_average,6288,6.530418546275962,0
fold_2,2026-03-23,rolling_mean_24h,6288,10.868559160305344,0
fold_2,2026-03-23,hist_gradient_boosting,6288,3.7672726938448706,0
fold_2,2026-03-23,latest_available,6288,5.3191793893129775,0
fold_2,2026-03-24,previous_day_24h,6288,4.770674300254453,0
fold_2,2026-03-24,previous_week_168h,6288,5.056615776081425,0
fold_2,2026-03-24,zone_hour_average,6288,5.3452151091799704,0
fold_2,2026-03-24,rolling_mean_24h,6288,11.541328721374045,0
fold_2,2026-03-24,hist_gradient_boosting,6288,3.236923921045306,0
fold_2,2026-03-24,latest_available,6288,5.213740458015267,0
fold_2,2026-03-25,previous_day_24h,6288,3.427003816793893,0
fold_2,2026-03-25,previous_week_168h,6288,5.239662849872774,0
fold_2,2026-03-25,zone_hour_average,6288,5.237853667509359,0
fold_2,2026-03-25,rolling_mean_24h,6288,11.329065945716707,0
fold_2,2026-03-25,hist_gradient_boosting,6288,3.2239162955504157,0
fold_2,2026-03-25,latest_available,6288,5.251590330788804,0
fold_2,2026-03-26,previous_day_24h,6288,4.286895674300254,0
fold_2,2026-03-26,previous_week_168h,6288,5.486323155216285,0
fold_2,2026-03-26,zone_hour_average,6288,5.18505571345146,0
fold_2,2026-03-26,rolling_mean_24h,6288,11.93969333121289,0
fold_2,2026-03-26,hist_gradient_boosting,6288,3.5143255688300807,0
fold_2,2026-03-26,latest_available,6288,5.444338422391858,0
fold_2,2026-03-27,previous_day_24h,6288,5.451017811704834,0
fold_2,2026-03-27,previous_week_168h,6288,5.278944020356234,0
fold_2,2026-03-27,zone_hour_average,6288,4.029557253403859,0
fold_2,2026-03-27,rolling_mean_24h,6288,11.299684584393553,0
fold_2,2026-03-27,hist_gradient_boosting,6288,3.6013695620871835,0
fold_2,2026-03-27,latest_available,6288,5.434478371501272,0
fold_2,2026-03-28,previous_day_24h,6288,7.508746819338422,0
fold_2,2026-03-28,previous_week_168h,6288,4.426685750636132,0
fold_2,2026-03-28,zone_hour_average,6288,7.609904428737105,0
fold_2,2026-03-28,rolling_mean_24h,6288,12.738483354537745,0
fold_2,2026-03-28,hist_gradient_boosting,6288,3.7742950069954597,0
fold_2,2026-03-28,latest_available,6288,5.8346055979643765,0
fold_2,2026-03-29,previous_day_24h,6288,7.5613867684478375,0
fold_2,2026-03-29,previous_week_168h,6288,3.8427162849872776,0
fold_2,2026-03-29,zone_hour_average,6288,9.132524839630351,0
fold_2,2026-03-29,rolling_mean_24h,6288,11.631904686174725,0
fold_2,2026-03-29,hist_gradient_boosting,6288,3.436351345973501,0
fold_2,2026-03-29,latest_available,6288,5.333969465648855,0
fold_2,2026-03-30,previous_day_24h,6288,9.42223282442748,0
fold_2,2026-03-30,previous_week_168h,6288,4.003339694656488,0
fold_2,2026-03-30,zone_hour_average,6288,5.651189144961899,0
fold_2,2026-03-30,rolling_mean_24h,6288,9.933100084817642,0
fold_2,2026-03-30,hist_gradient_boosting,6288,3.1226801743491475,0
fold_2,2026-03-30,latest_available,6288,4.651399491094147,0
fold_2,2026-03-31,previous_day_24h,6288,4.164917302798982,0
fold_2,2026-03-31,previous_week_168h,6288,3.5505725190839694,0
fold_2,2026-03-31,zone_hour_average,6288,4.756161772392119,0
fold_2,2026-03-31,rolling_mean_24h,6288,10.972772211620018,0
fold_2,2026-03-31,hist_gradient_boosting,6288,3.052219496608988,0
fold_2,2026-03-31,latest_available,6288,5.058206106870229,0
fold_3,2026-04-01,previous_day_24h,6288,3.969465648854962,0
fold_3,2026-04-01,previous_week_168h,6288,4.2616094147582695,0
fold_3,2026-04-01,zone_hour_average,6288,4.746603165892632,0
fold_3,2026-04-01,rolling_mean_24h,6288,10.363105650975402,0
fold_3,2026-04-01,hist_gradient_boosting,6288,3.483115796306246,0
fold_3,2026-04-01,latest_available,6288,5.2333015267175576,0
fold_3,2026-04-02,previous_day_24h,6288,4.099872773536895,0
fold_3,2026-04-02,previous_week_168h,6288,4.398059796437659,0
fold_3,2026-04-02,zone_hour_average,6288,4.119788243691896,0
fold_3,2026-04-02,rolling_mean_24h,6288,11.153148854961833,0
fold_3,2026-04-02,hist_gradient_boosting,6288,3.3861116854684936,0
fold_3,2026-04-02,latest_available,6288,5.282919847328245,0
fold_3,2026-04-03,previous_day_24h,6288,5.586513994910941,0
fold_3,2026-04-03,previous_week_168h,6288,4.7460241730279895,0
fold_3,2026-04-03,zone_hour_average,6288,4.448004178818392,0
fold_3,2026-04-03,rolling_mean_24h,6288,10.222580046649703,0
fold_3,2026-04-03,hist_gradient_boosting,6288,3.414454278424252,0
fold_3,2026-04-03,latest_available,6288,4.590648854961832,0
fold_3,2026-04-04,previous_day_24h,6288,6.357665394402035,0
fold_3,2026-04-04,previous_week_168h,6288,5.028148854961832,0
fold_3,2026-04-04,zone_hour_average,6288,6.884482876636057,0
fold_3,2026-04-04,rolling_mean_24h,6288,11.76666534139101,0
fold_3,2026-04-04,hist_gradient_boosting,6288,3.652013199773982,0
fold_3,2026-04-04,latest_available,6288,5.2565203562340965,0
fold_3,2026-04-05,previous_day_24h,6288,8.264631043256998,0
fold_3,2026-04-05,previous_week_168h,6288,5.528784987277354,0
fold_3,2026-04-05,zone_hour_average,6288,9.027805508789525,0
fold_3,2026-04-05,rolling_mean_24h,6288,11.521873674724342,0
fold_3,2026-04-05,hist_gradient_boosting,6288,4.131689626076221,0
fold_3,2026-04-05,latest_available,6288,5.540553435114504,0
fold_3,2026-04-06,previous_day_24h,6288,8.657919847328245,0
fold_3,2026-04-06,previous_week_168h,6288,3.336991094147583,0
fold_3,2026-04-06,zone_hour_average,6288,5.779308404805628,0
fold_3,2026-04-06,rolling_mean_24h,6288,9.61205205682782,0
fold_3,2026-04-06,hist_gradient_boosting,6288,2.9648791048932472,0
fold_3,2026-04-06,latest_available,6288,4.229166666666667,0
fold_3,2026-04-07,previous_day_24h,6288,5.220896946564886,0
fold_3,2026-04-07,previous_week_168h,6288,3.7943702290076335,0
fold_3,2026-04-07,zone_hour_average,6288,4.972958320965034,0
fold_3,2026-04-07,rolling_mean_24h,6288,11.692927003816793,0
fold_3,2026-04-07,hist_gradient_boosting,6288,3.174339230832501,0
fold_3,2026-04-07,latest_available,6288,5.3217239185750635,0
fold_3,2026-04-08,previous_day_24h,6288,3.3959923664122136,0
fold_3,2026-04-08,previous_week_168h,6288,4.685909669211196,0
fold_3,2026-04-08,zone_hour_average,6288,5.038056455153977,0
fold_3,2026-04-08,rolling_mean_24h,6288,11.820060697625104,0
fold_3,2026-04-08,hist_gradient_boosting,6288,3.103047279475517,0
fold_3,2026-04-08,latest_available,6288,5.386132315521628,0
fold_3,2026-04-09,previous_day_24h,6288,3.8624363867684477,0
fold_3,2026-04-09,previous_week_168h,6288,4.240458015267175,0
fold_3,2026-04-09,zone_hour_average,6288,5.054504133091135,0
fold_3,2026-04-09,rolling_mean_24h,6288,12.3832100826972,0
fold_3,2026-04-09,hist_gradient_boosting,6288,3.2490229411897347,0
fold_3,2026-04-09,latest_available,6288,5.585082697201018,0
fold_3,2026-04-10,previous_day_24h,6288,5.069974554707379,0
fold_3,2026-04-10,previous_week_168h,6288,5.374681933842239,0
fold_3,2026-04-10,zone_hour_average,6288,3.9554094235224255,0
fold_3,2026-04-10,rolling_mean_24h,6288,12.215582591178967,0
fold_3,2026-04-10,hist_gradient_boosting,6288,3.4663272998895014,0
fold_3,2026-04-10,latest_available,6288,5.447360050890585,0
fold_3,2026-04-11,previous_day_24h,6288,7.662213740458015,0
fold_3,2026-04-11,previous_week_168h,6288,5.403466921119593,0
fold_3,2026-04-11,zone_hour_average,6288,7.502508121217625,0
fold_3,2026-04-11,rolling_mean_24h,6288,13.219591550042407,0
fold_3,2026-04-11,hist_gradient_boosting,6288,3.83365336739663,0
fold_3,2026-04-11,latest_available,6288,5.808047073791348,0
fold_3,2026-04-12,previous_day_24h,6288,8.201335877862595,0
fold_3,2026-04-12,previous_week_168h,6288,5.556774809160306,0
fold_3,2026-04-12,zone_hour_average,6288,8.93409544518532,0
fold_3,2026-04-12,rolling_mean_24h,6288,12.494321193808311,0
fold_3,2026-04-12,hist_gradient_boosting,6288,3.5950336032475954,0
fold_3,2026-04-12,latest_available,6288,5.707697201017812,0
fold_3,2026-04-13,previous_day_24h,6288,10.329357506361323,0
fold_3,2026-04-13,previous_week_168h,6288,3.7196246819338423,0
fold_3,2026-04-13,zone_hour_average,6288,5.861993221211045,0
fold_3,2026-04-13,rolling_mean_24h,6288,10.86327131043257,0
fold_3,2026-04-13,hist_gradient_boosting,6288,3.3433156090523526,0
fold_3,2026-04-13,latest_available,6288,4.849554707379135,0
fold_3,2026-04-14,previous_day_24h,6288,5.133428753180661,0
fold_3,2026-04-14,previous_week_168h,6288,3.6181615776081424,0
fold_3,2026-04-14,zone_hour_average,6288,5.303531628636079,0
fold_3,2026-04-14,rolling_mean_24h,6288,12.028102470313828,0
fold_3,2026-04-14,hist_gradient_boosting,6288,3.169189813415865,0
fold_3,2026-04-14,latest_available,6288,5.5613867684478375,0
fold_3,2026-04-15,previous_day_24h,6288,3.659033078880407,0
fold_3,2026-04-15,previous_week_168h,6288,4.094624681933842,0
fold_3,2026-04-15,zone_hour_average,6288,5.744823603041119,0
fold_3,2026-04-15,rolling_mean_24h,6288,12.70574241942324,0
fold_3,2026-04-15,hist_gradient_boosting,6288,3.112321346047351,0
fold_3,2026-04-15,latest_available,6288,5.785941475826972,0
fold_3,2026-04-16,previous_day_24h,6288,3.785941475826972,0
fold_3,2026-04-16,previous_week_168h,6288,4.2251908396946565,0
fold_3,2026-04-16,zone_hour_average,6288,6.094633624171597,0
fold_3,2026-04-16,rolling_mean_24h,6288,13.205020144189994,0
fold_3,2026-04-16,hist_gradient_boosting,6288,3.2813045620649164,0
fold_3,2026-04-16,latest_available,6288,6.128498727735369,0
fold_3,2026-04-17,previous_day_24h,6288,5.977735368956743,0
fold_3,2026-04-17,previous_week_168h,6288,4.621501272264631,0
fold_3,2026-04-17,zone_hour_average,6288,4.9463959273997755,0
fold_3,2026-04-17,rolling_mean_24h,6288,12.672199692536045,0
fold_3,2026-04-17,hist_gradient_boosting,6288,3.934676804484279,0
fold_3,2026-04-17,latest_available,6288,6.298823155216285,0
fold_3,2026-04-18,previous_day_24h,6288,8.638994910941475,0
fold_3,2026-04-18,previous_week_168h,6288,4.384860050890585,0
fold_3,2026-04-18,zone_hour_average,6288,8.04376110549961,0
fold_3,2026-04-18,rolling_mean_24h,6288,14.234275604325699,0
fold_3,2026-04-18,hist_gradient_boosting,6288,3.8499310997770126,0
fold_3,2026-04-18,latest_available,6288,6.027035623409669,0
fold_3,2026-04-19,previous_day_24h,6288,9.430820610687023,0
fold_3,2026-04-19,previous_week_168h,6288,4.236800254452926,0
fold_3,2026-04-19,zone_hour_average,6288,9.368690293946337,0
fold_3,2026-04-19,rolling_mean_24h,6288,13.329350879983036,0
fold_3,2026-04-19,hist_gradient_boosting,6288,3.8601925388368254,0
fold_3,2026-04-19,latest_available,6288,5.9309796437659035,0
fold_3,2026-04-20,previous_day_24h,6288,11.329993638676845,0
fold_3,2026-04-20,previous_week_168h,6288,3.9244592875318065,0
fold_3,2026-04-20,zone_hour_average,6288,5.338145562548187,0
fold_3,2026-04-20,rolling_mean_24h,6288,11.756944444444445,0
fold_3,2026-04-20,hist_gradient_boosting,6288,3.5579100700286777,0
fold_3,2026-04-20,latest_available,6288,5.055343511450381,0
fold_3,2026-04-21,previous_day_24h,6288,4.604961832061068,0
fold_3,2026-04-21,previous_week_168h,6288,3.4427480916030535,0
fold_3,2026-04-21,zone_hour_average,6288,5.89221559863928,0
fold_3,2026-04-21,rolling_mean_24h,6288,12.393606870229007,0
fold_3,2026-04-21,hist_gradient_boosting,6288,3.2558306049312398,0
fold_3,2026-04-21,latest_available,6288,6.048027989821883,0
fold_3,2026-04-22,previous_day_24h,6288,3.6685750636132317,0
fold_3,2026-04-22,previous_week_168h,6288,3.7919847328244276,0
fold_3,2026-04-22,zone_hour_average,6288,6.133348030542492,0
fold_3,2026-04-22,rolling_mean_24h,6288,12.507620335029687,0
fold_3,2026-04-22,hist_gradient_boosting,6288,3.324312246283162,0
fold_3,2026-04-22,latest_available,6288,5.962150127226463,0
fold_3,2026-04-23,previous_day_24h,6288,4.228212468193385,0
fold_3,2026-04-23,previous_week_168h,6288,3.5020674300254453,0
fold_3,2026-04-23,zone_hour_average,6288,6.1771172304173625,0
fold_3,2026-04-23,rolling_mean_24h,6288,13.125072890161153,0
fold_3,2026-04-23,hist_gradient_boosting,6288,3.4099786633055036,0
fold_3,2026-04-23,latest_available,6288,6.157124681933842,0
fold_3,2026-04-24,previous_day_24h,6288,5.6444020356234095,0
fold_3,2026-04-24,previous_week_168h,6288,4.237754452926208,0
fold_3,2026-04-24,zone_hour_average,6288,4.651871986168485,0
fold_3,2026-04-24,rolling_mean_24h,6288,12.51135098600509,0
fold_3,2026-04-24,hist_gradient_boosting,6288,3.565694601622272,0
fold_3,2026-04-24,latest_available,6288,5.858778625954199,0
fold_3,2026-04-25,previous_day_24h,6288,9.322678117048346,0
fold_3,2026-04-25,previous_week_168h,6288,5.362913486005089,0
fold_3,2026-04-25,zone_hour_average,6288,9.491281061140503,0
fold_3,2026-04-25,rolling_mean_24h,6288,15.068019773112807,0
fold_3,2026-04-25,hist_gradient_boosting,6288,4.311595880403314,0
fold_3,2026-04-25,latest_available,6288,6.322360050890585,0
fold_3,2026-04-26,previous_day_24h,6288,10.846851145038167,0
fold_3,2026-04-26,previous_week_168h,6288,4.43734096692112,0
fold_3,2026-04-26,zone_hour_average,6288,8.311050576418458,0
fold_3,2026-04-26,rolling_mean_24h,6288,12.598414970313828,0
fold_3,2026-04-26,hist_gradient_boosting,6288,3.804961778349974,0
fold_3,2026-04-26,latest_available,6288,5.516062340966921,0
fold_3,2026-04-27,previous_day_24h,6288,9.581106870229007,0
fold_3,2026-04-27,previous_week_168h,6288,3.7402989821882953,0
fold_3,2026-04-27,zone_hour_average,6288,5.435541668449691,0
fold_3,2026-04-27,rolling_mean_24h,6288,10.688175890585242,0
fold_3,2026-04-27,hist_gradient_boosting,6288,3.3120436864602505,0
fold_3,2026-04-27,latest_available,6288,4.907760814249364,0
fold_3,2026-04-28,previous_day_24h,6288,4.474554707379135,0
fold_3,2026-04-28,previous_week_168h,6288,3.5844465648854964,0
fold_3,2026-04-28,zone_hour_average,6288,5.389911500782894,0
fold_3,2026-04-28,rolling_mean_24h,6288,11.854869062765054,0
fold_3,2026-04-28,hist_gradient_boosting,6288,3.1256657076736087,0
fold_3,2026-04-28,latest_available,6288,5.248250636132315,0
fold_3,2026-04-29,previous_day_24h,6288,4.549777353689567,0
fold_3,2026-04-29,previous_week_168h,6288,4.269720101781171,0
fold_3,2026-04-29,zone_hour_average,6288,6.138671376886296,0
fold_3,2026-04-29,rolling_mean_24h,6288,13.11730677480916,0
fold_3,2026-04-29,hist_gradient_boosting,6288,3.6074535788268887,0
fold_3,2026-04-29,latest_available,6288,6.288804071246819,0
fold_3,2026-04-30,previous_day_24h,6288,4.3346055979643765,0
fold_3,2026-04-30,previous_week_168h,6288,3.614344783715013,0
fold_3,2026-04-30,zone_hour_average,6288,6.036909272065878,0
fold_3,2026-04-30,rolling_mean_24h,6288,12.844366253180661,0
fold_3,2026-04-30,hist_gradient_boosting,6288,3.4148466849720123,0
fold_3,2026-04-30,latest_available,6288,6.241889312977099,0
fold_1,2026-02-01,previous_day_24h,6288,7.771151399491094,1
fold_1,2026-02-01,previous_week_168h,6288,13.291666666666666,1
fold_1,2026-02-01,zone_hour_average,6288,8.349905865268461,1
fold_1,2026-02-01,rolling_mean_24h,6288,12.134482347328245,1
fold_1,2026-02-01,hist_gradient_boosting,6288,8.128908677590315,1
fold_1,2026-02-01,latest_available,6288,8.912213740458014,1
fold_1,2026-02-02,previous_day_24h,6288,10.690044529262087,1
fold_1,2026-02-02,previous_week_168h,6288,8.411577608142494,1
fold_1,2026-02-02,zone_hour_average,6288,5.741646426092991,1
fold_1,2026-02-02,rolling_mean_24h,6288,11.562890956318915,1
fold_1,2026-02-02,hist_gradient_boosting,6288,5.1251935587826525,1
fold_1,2026-02-02,latest_available,6288,7.7409351145038165,1
fold_1,2026-02-03,previous_day_24h,6288,4.5194020356234095,1
fold_1,2026-02-03,previous_week_168h,6288,4.7333015267175576,1
fold_1,2026-02-03,zone_hour_average,6288,5.653212789472331,1
fold_1,2026-02-03,rolling_mean_24h,6288,11.90994751908397,1
fold_1,2026-02-03,hist_gradient_boosting,6288,3.615024729773536,1
fold_1,2026-02-03,latest_available,6288,8.298027989821882,1
fold_1,2026-02-04,previous_day_24h,6288,3.8256997455470736,1
fold_1,2026-02-04,previous_week_168h,6288,4.029580152671755,1
fold_1,2026-02-04,zone_hour_average,6288,5.6720924255275404,1
fold_1,2026-02-04,rolling_mean_24h,6288,12.458757421543682,1
fold_1,2026-02-04,hist_gradient_boosting,6288,3.4779655456699703,1
fold_1,2026-02-04,latest_available,6288,8.798027989821882,1
fold_1,2026-02-05,previous_day_24h,6288,3.6477417302798982,1
fold_1,2026-02-05,previous_week_168h,6288,4.101145038167939,1
fold_1,2026-02-05,zone_hour_average,6288,5.470395323035273,1
fold_1,2026-02-05,rolling_mean_24h,6288,12.535914970313824,1
fold_1,2026-02-05,hist_gradient_boosting,6288,3.692218976358817,1
fold_1,2026-02-05,latest_available,6288,8.8441475826972,1
fold_1,2026-02-06,previous_day_24h,6288,5.323473282442748,1
fold_1,2026-02-06,previous_week_168h,6288,4.801367684478372,1
fold_1,2026-02-06,zone_hour_average,6288,4.9132333727435515,1
fold_1,2026-02-06,rolling_mean_24h,6288,12.231128074639527,1
fold_1,2026-02-06,hist_gradient_boosting,6288,4.221714599907868,1
fold_1,2026-02-06,latest_available,6288,8.615298982188294,1
fold_1,2026-02-07,previous_day_24h,6288,9.028307888040713,1
fold_1,2026-02-07,previous_week_168h,6288,4.656965648854962,1
fold_1,2026-02-07,zone_hour_average,6288,8.846813769587305,1
fold_1,2026-02-07,rolling_mean_24h,6288,14.195438401187445,1
fold_1,2026-02-07,hist_gradient_boosting,6288,4.548650481521826,1
fold_1,2026-02-07,latest_available,6288,9.781806615776082,1
fold_1,2026-02-08,previous_day_24h,6288,8.229802798982188,1
fold_1,2026-02-08,previous_week_168h,6288,5.907283715012722,1
fold_1,2026-02-08,zone_hour_average,6288,8.64252715878034,1
fold_1,2026-02-08,rolling_mean_24h,6288,12.858467186174723,1
fold_1,2026-02-08,hist_gradient_boosting,6288,5.8579863880170615,1
fold_1,2026-02-08,latest_available,6288,10.721215012722647,1
fold_1,2026-02-09,previous_day_24h,6288,11.940521628498727,1
fold_1,2026-02-09,previous_week_168h,6288,3.84764631043257,1
fold_1,2026-02-09,zone_hour_average,6288,6.398169888023577,1
fold_1,2026-02-09,rolling_mean_24h,6288,11.605273271840545,1
fold_1,2026-02-09,hist_gradient_boosting,6288,5.022652950370058,1
fold_1,2026-02-09,latest_available,6288,9.055661577608143,1
fold_1,2026-02-10,previous_day_24h,6288,4.856075063613232,1
fold_1,2026-02-10,previous_week_168h,6288,3.760973282442748,1
fold_1,2026-02-10,zone_hour_average,6288,5.925484167373481,1
fold_1,2026-02-10,rolling_mean_24h,6288,11.999536153519934,1
fold_1,2026-02-10,hist_gradient_boosting,6288,3.7305465666268165,1
fold_1,2026-02-10,latest_available,6288,8.162213740458014,1
fold_1,2026-02-11,previous_day_24h,6288,3.8037531806615776,1
fold_1,2026-02-11,previous_week_168h,6288,3.619433842239186,1
fold_1,2026-02-11,zone_hour_average,6288,6.060465019148225,1
fold_1,2026-02-11,rolling_mean_24h,6288,12.591159086089906,1
fold_1,2026-02-11,hist_gradient_boosting,6288,3.5162971576133697,1
fold_1,2026-02-11,latest_available,6288,8.991730279898219,1
fold_1,2026-02-12,previous_day_24h,6288,4.263040712468193,1
fold_1,2026-02-12,previous_week_168h,6288,3.866412213740458,1
fold_1,2026-02-12,zone_hour_average,6288,6.4344222547784895,1
fold_1,2026-02-12,rolling_mean_24h,6288,13.492551950805765,1
fold_1,2026-02-12,hist_gradient_boosting,6288,3.800807957400366,1
fold_1,2026-02-12,latest_available,6288,9.392970737913487,1
fold_1,2026-02-13,previous_day_24h,6288,5.986800254452926,1
fold_1,2026-02-13,previous_week_168h,6288,4.314408396946565,1
fold_1,2026-02-13,zone_hour_average,6288,4.955018377155782,1
fold_1,2026-02-13,rolling_mean_24h,6288,12.82328774385072,1
fold_1,2026-02-13,hist_gradient_boosting,6288,4.25333752967334,1
fold_1,2026-02-13,latest_available,6288,9.102735368956743,1
fold_1,2026-02-14,previous_day_24h,6288,8.232029262086513,1
fold_1,2026-02-14,previous_week_168h,6288,6.125318066157761,1
fold_1,2026-02-14,zone_hour_average,6288,7.424585871437015,1
fold_1,2026-02-14,rolling_mean_24h,6288,13.268931562765054,1
fold_1,2026-02-14,hist_gradient_boosting,6288,4.512567908495045,1
fold_1,2026-02-14,latest_available,6288,8.864026717557252,1
fold_1,2026-02-15,previous_day_24h,6288,6.163645038167939,1
fold_1,2026-02-15,previous_week_168h,6288,6.741730279898219,1
fold_1,2026-02-15,zone_hour_average,6288,7.812601738333291,1
fold_1,2026-02-15,rolling_mean_24h,6288,10.661107135284137,1
fold_1,2026-02-15,hist_gradient_boosting,6288,3.9125628642005044,1
fold_1,2026-02-15,latest_available,6288,8.117048346055979,1
fold_1,2026-02-16,previous_day_24h,6288,7.034351145038168,1
fold_1,2026-02-16,previous_week_168h,6288,7.604643765903308,1
fold_1,2026-02-16,zone_hour_average,6288,7.670764900917573,1
fold_1,2026-02-16,rolling_mean_24h,6288,8.677600190839694,1
fold_1,2026-02-16,hist_gradient_boosting,6288,4.284549284270523,1
fold_1,2026-02-16,latest_available,6288,5.8423982188295165,1
fold_1,2026-02-17,previous_day_24h,6288,6.465489821882952,1
fold_1,2026-02-17,previous_week_168h,6288,4.902671755725191,1
fold_1,2026-02-17,zone_hour_average,6288,5.547310145560782,1
fold_1,2026-02-17,rolling_mean_24h,6288,10.352715489821882,1
fold_1,2026-02-17,hist_gradient_boosting,6288,3.3831145415222585,1
fold_1,2026-02-17,latest_available,6288,6.64837786259542,1
fold_1,2026-02-18,previous_day_24h,6288,4.743797709923665,1
fold_1,2026-02-18,previous_week_168h,6288,4.053912213740458,1
fold_1,2026-02-18,zone_hour_average,6288,5.592702041620616,1
fold_1,2026-02-18,rolling_mean_24h,6288,11.864589959711621,1
fold_1,2026-02-18,hist_gradient_boosting,6288,3.617496041486008,1
fold_1,2026-02-18,latest_available,6288,8.695133587786259,1
fold_1,2026-02-19,previous_day_24h,6288,3.965330788804071,1
fold_1,2026-02-19,previous_week_168h,6288,4.654421119592875,1
fold_1,2026-02-19,zone_hour_average,6288,5.060302130721978,1
fold_1,2026-02-19,rolling_mean_24h,6288,12.125231923240033,1
fold_1,2026-02-19,hist_gradient_boosting,6288,3.909132087577043,1
fold_1,2026-02-19,latest_available,6288,8.095737913486005,1
fold_1,2026-02-20,previous_day_24h,6288,5.013994910941475,1
fold_1,2026-02-20,previous_week_168h,6288,4.7694020356234095,1
fold_1,2026-02-20,zone_hour_average,6288,4.389278707344865,1
fold_1,2026-02-20,rolling_mean_24h,6288,11.853550413486005,1
fold_1,2026-02-20,hist_gradient_boosting,6288,4.171422419095731,1
fold_1,2026-02-20,latest_available,6288,8.905693384223918,1
fold_1,2026-02-21,previous_day_24h,6288,8.383110687022901,1
fold_1,2026-02-21,previous_week_168h,6288,4.4726463104325695,1
fold_1,2026-02-21,zone_hour_average,6288,7.340645320893413,1
fold_1,2026-02-21,rolling_mean_24h,6288,13.66022582697201,1
fold_1,2026-02-21,hist_gradient_boosting,6288,4.367647941164413,1
fold_1,2026-02-21,latest_available,6288,9.213899491094148,1
fold_1,2026-02-22,previous_day_24h,6288,11.549936386768447,1
fold_1,2026-02-22,previous_week_168h,6288,7.832220101781171,1
fold_1,2026-02-22,zone_hour_average,6288,12.379284361854337,1
fold_1,2026-02-22,rolling_mean_24h,6288,11.871295854537745,1
fold_1,2026-02-22,hist_gradient_boosting,6288,5.674339064459719,1
fold_1,2026-02-22,latest_available,6288,7.4909351145038165,1
fold_1,2026-02-23,previous_day_24h,6288,10.832538167938932,1
fold_1,2026-02-23,previous_week_168h,6288,10.50381679389313,1
fold_1,2026-02-23,zone_hour_average,6288,16.489483469127237,1
fold_1,2026-02-23,rolling_mean_24h,6288,6.778778360899066,1
fold_1,2026-02-23,hist_gradient_boosting,6288,5.132789091494626,1
fold_1,2026-02-23,latest_available,6288,2.2469783715012723,1
fold_1,2026-02-24,previous_day_24h,6288,13.209128498727736,1
fold_1,2026-02-24,previous_week_168h,6288,4.995229007633588,1
fold_1,2026-02-24,zone_hour_average,6288,6.5450267089898135,1
fold_1,2026-02-24,rolling_mean_24h,6288,11.568954092451229,1
fold_1,2026-02-24,hist_gradient_boosting,6288,5.029166350267158,1
fold_1,2026-02-24,latest_available,6288,7.4856870229007635,1
fold_1,2026-02-25,previous_day_24h,6288,4.88279262086514,1
fold_1,2026-02-25,previous_week_168h,6288,4.6211832061068705,1
fold_1,2026-02-25,zone_hour_average,6288,6.093652170560568,1
fold_1,2026-02-25,rolling_mean_24h,6288,11.521601993214588,1
fold_1,2026-02-25,hist_gradient_boosting,6288,3.7967793579277647,1
fold_1,2026-02-25,latest_available,6288,8.881043256997456,1
fold_1,2026-02-26,previous_day_24h,6288,4.359096692111959,1
fold_1,2026-02-26,previous_week_168h,6288,4.161895674300254,1
fold_1,2026-02-26,zone_hour_average,6288,5.879568907908603,1
fold_1,2026-02-26,rolling_mean_24h,6288,12.61528572943172,1
fold_1,2026-02-26,hist_gradient_boosting,6288,3.6594477448760463,1
fold_1,2026-02-26,latest_available,6288,8.881361323155216,1
fold_1,2026-02-27,previous_day_24h,6288,5.7264631043257,1
fold_1,2026-02-27,previous_week_168h,6288,4.951653944020356,1
fold_1,2026-02-27,zone_hour_average,6288,5.5760680383135846,1
fold_1,2026-02-27,rolling_mean_24h,6288,13.024683259117898,1
fold_1,2026-02-27,hist_gradient_boosting,6288,4.275692877441703,1
fold_1,2026-02-27,latest_available,6288,9.338263358778626,1
fold_1,2026-02-28,previous_day_24h,6288,8.569338422391857,1
fold_1,2026-02-28,previous_week_168h,6288,4.100031806615776,1
fold_1,2026-02-28,zone_hour_average,6288,7.781018304332554,1
fold_1,2026-02-28,rolling_mean_24h,6288,13.503863178541136,1
fold_1,2026-02-28,hist_gradient_boosting,6288,4.207276561440912,1
fold_1,2026-02-28,latest_available,6288,9.162054707379134,1
fold_2,2026-03-01,previous_day_24h,6288,8.141857506361323,1
fold_2,2026-03-01,previous_week_168h,6288,6.509701017811705,1
fold_2,2026-03-01,zone_hour_average,6288,9.246835508109518,1
fold_2,2026-03-01,rolling_mean_24h,6288,12.02319895038168,1
fold_2,2026-03-01,hist_gradient_boosting,6288,3.925315741523856,1
fold_2,2026-03-01,latest_available,6288,8.568861323155216,1
fold_2,2026-03-02,previous_day_24h,6288,11.186545801526718,1
fold_2,2026-03-02,previous_week_168h,6288,14.819497455470739,1
fold_2,2026-03-02,zone_hour_average,6288,5.861048410734727,1
fold_2,2026-03-02,rolling_mean_24h,6288,11.859759329940628,1
fold_2,2026-03-02,hist_gradient_boosting,6288,7.139611547263605,1
fold_2,2026-03-02,latest_available,6288,7.754134860050891,1
fold_2,2026-03-03,previous_day_24h,6288,5.721533078880407,1
fold_2,2026-03-03,previous_week_168h,6288,6.914599236641221,1
fold_2,2026-03-03,zone_hour_average,6288,6.817095649400806,1
fold_2,2026-03-03,rolling_mean_24h,6288,13.757434796437659,1
fold_2,2026-03-03,hist_gradient_boosting,6288,4.370625326404069,1
fold_2,2026-03-03,latest_available,6288,8.959446564885496,1
fold_2,2026-03-04,previous_day_24h,6288,4.185114503816794,1
fold_2,2026-03-04,previous_week_168h,6288,4.804389312977099,1
fold_2,2026-03-04,zone_hour_average,6288,5.7097514522809165,1
fold_2,2026-03-04,rolling_mean_24h,6288,12.4966669317218,1
fold_2,2026-03-04,hist_gradient_boosting,6288,3.5202215605636367,1
fold_2,2026-03-04,latest_available,6288,8.854325699745548,1
fold_2,2026-03-05,previous_day_24h,6288,5.864821882951654,1
fold_2,2026-03-05,previous_week_168h,6288,5.6720737913486,1
fold_2,2026-03-05,zone_hour_average,6288,7.909698653111795,1
fold_2,2026-03-05,rolling_mean_24h,6288,14.533874045801527,1
fold_2,2026-03-05,hist_gradient_boosting,6288,4.688936128801138,1
fold_2,2026-03-05,latest_available,6288,9.99650127226463,1
fold_2,2026-03-06,previous_day_24h,6288,6.952290076335878,1
fold_2,2026-03-06,previous_week_168h,6288,4.2487277353689565,1
fold_2,2026-03-06,zone_hour_average,6288,4.580531491073211,1
fold_2,2026-03-06,rolling_mean_24h,6288,12.84486985793045,1
fold_2,2026-03-06,hist_gradient_boosting,6288,4.088894401888014,1
fold_2,2026-03-06,latest_available,6288,9.586354961832061,1
fold_2,2026-03-07,previous_day_24h,6288,8.306933842239186,1
fold_2,2026-03-07,previous_week_168h,6288,3.9309796437659035,1
fold_2,2026-03-07,zone_hour_average,6288,7.118440107478882,1
fold_2,2026-03-07,rolling_mean_24h,6288,12.848408343935537,1
fold_2,2026-03-07,hist_gradient_boosting,6288,3.884651169056017,1
fold_2,2026-03-07,latest_available,6288,8.841603053435115,1
fold_2,2026-03-08,previous_day_24h,6026,8.185529372718221,1
fold_2,2026-03-08,previous_week_168h,6026,4.766843677397942,1
fold_2,2026-03-08,zone_hour_average,6026,9.582896438871657,1
fold_2,2026-03-08,rolling_mean_24h,6026,11.549611406128998,1
fold_2,2026-03-08,hist_gradient_boosting,6026,4.668730981558161,1
fold_2,2026-03-08,latest_available,6026,8.512612014603386,1
fold_2,2026-03-09,previous_day_24h,6288,11.571087786259541,1
fold_2,2026-03-09,previous_week_168h,6288,5.4336832061068705,1
fold_2,2026-03-09,zone_hour_average,6288,5.64911587328648,1
fold_2,2026-03-09,rolling_mean_24h,6288,11.278851251060221,1
fold_2,2026-03-09,hist_gradient_boosting,6288,4.761169122533194,1
fold_2,2026-03-09,latest_available,6288,7.400445292620865,1
fold_2,2026-03-10,previous_day_24h,6288,5.694815521628499,1
fold_2,2026-03-10,previous_week_168h,6288,6.075381679389313,1
fold_2,2026-03-10,zone_hour_average,6288,5.8444065313572295,1
fold_2,2026-03-10,rolling_mean_24h,6288,12.778559690415609,1
fold_2,2026-03-10,hist_gradient_boosting,6288,4.465975878295524,1
fold_2,2026-03-10,latest_available,6288,8.688136132315522,1
fold_2,2026-03-11,previous_day_24h,6288,3.915235368956743,1
fold_2,2026-03-11,previous_week_168h,6288,5.692589058524173,1
fold_2,2026-03-11,zone_hour_average,6288,6.010931222562938,1
fold_2,2026-03-11,rolling_mean_24h,6288,12.766751484308735,1
fold_2,2026-03-11,hist_gradient_boosting,6288,4.347167456866761,1
fold_2,2026-03-11,latest_available,6288,9.147900763358779,1
fold_2,2026-03-12,previous_day_24h,6288,6.169211195928753,1
fold_2,2026-03-12,previous_week_168h,6288,8.12833969465649,1
fold_2,2026-03-12,zone_hour_average,6288,8.454005558633716,1
fold_2,2026-03-12,rolling_mean_24h,6288,14.645270091178967,1
fold_2,2026-03-12,hist_gradient_boosting,6288,5.982247069334183,1
fold_2,2026-03-12,latest_available,6288,10.21469465648855,1
fold_2,2026-03-13,previous_day_24h,6288,6.8945610687022905,1
fold_2,2026-03-13,previous_week_168h,6288,6.842080152671755,1
fold_2,2026-03-13,zone_hour_average,6288,5.805954828436816,1
fold_2,2026-03-13,rolling_mean_24h,6288,13.989145992366412,1
fold_2,2026-03-13,hist_gradient_boosting,6288,5.015859273338915,1
fold_2,2026-03-13,latest_available,6288,9.51558524173028,1
fold_2,2026-03-14,previous_day_24h,6288,9.213263358778626,1
fold_2,2026-03-14,previous_week_168h,6288,6.754452926208652,1
fold_2,2026-03-14,zone_hour_average,6288,7.889351345056264,1
fold_2,2026-03-14,rolling_mean_24h,6288,14.130440256573367,1
fold_2,2026-03-14,hist_gradient_boosting,6288,5.29991204494957,1
fold_2,2026-03-14,latest_available,6288,9.106552162849873,1
fold_2,2026-03-15,previous_day_24h,6288,8.838899491094148,1
fold_2,2026-03-15,previous_week_168h,6288,5.63263358778626,1
fold_2,2026-03-15,zone_hour_average,6288,8.413892116595223,1
fold_2,2026-03-15,rolling_mean_24h,6288,12.412419158184901,1
fold_2,2026-03-15,hist_gradient_boosting,6288,4.636591109926796,1
fold_2,2026-03-15,latest_available,6288,8.803753180661577,1
fold_2,2026-03-16,previous_day_24h,6288,11.356552162849873,1
fold_2,2026-03-16,previous_week_168h,6288,4.616889312977099,1
fold_2,2026-03-16,zone_hour_average,6288,6.503910774357905,1
fold_2,2026-03-16,rolling_mean_24h,6288,12.12218378922816,1
fold_2,2026-03-16,hist_gradient_boosting,6288,4.965885832389226,1
fold_2,2026-03-16,latest_available,6288,9.238708651399492,1
fold_2,2026-03-17,previous_day_24h,6288,6.0481870229007635,1
fold_2,2026-03-17,previous_week_168h,6288,4.511291348600509,1
fold_2,2026-03-17,zone_hour_average,6288,6.217991777200032,1
fold_2,2026-03-17,rolling_mean_24h,6288,13.182662743850722,1
fold_2,2026-03-17,hist_gradient_boosting,6288,3.998816138907826,1
fold_2,2026-03-17,latest_available,6288,8.490617048346056,1
fold_2,2026-03-18,previous_day_24h,6288,5.211195928753181,1
fold_2,2026-03-18,previous_week_168h,6288,4.212786259541985,1
fold_2,2026-03-18,zone_hour_average,6288,6.824722133740697,1
fold_2,2026-03-18,rolling_mean_24h,6288,13.038326972010179,1
fold_2,2026-03-18,hist_gradient_boosting,6288,4.061010008716596,1
fold_2,2026-03-18,latest_available,6288,9.805502544529261,1
fold_2,2026-03-19,previous_day_24h,6288,4.522423664122138,1
fold_2,2026-03-19,previous_week_168h,6288,5.117843511450381,1
fold_2,2026-03-19,zone_hour_average,6288,7.067770243139754,1
fold_2,2026-03-19,rolling_mean_24h,6288,14.33617604961832,1
fold_2,2026-03-19,hist_gradient_boosting,6288,4.122049153984982,1
fold_2,2026-03-19,latest_available,6288,9.326335877862595,1
fold_2,2026-03-20,previous_day_24h,6288,6.86704834605598,1
fold_2,2026-03-20,previous_week_168h,6288,5.125,1
fold_2,2026-03-20,zone_hour_average,6288,5.114085180790187,1
fold_2,2026-03-20,rolling_mean_24h,6288,13.585453774385075,1
fold_2,2026-03-20,hist_gradient_boosting,6288,4.467673210500037,1
fold_2,2026-03-20,latest_available,6288,9.15617048346056,1
fold_2,2026-03-21,previous_day_24h,6288,8.266539440203562,1
fold_2,2026-03-21,previous_week_168h,6288,4.784192111959287,1
fold_2,2026-03-21,zone_hour_average,6288,7.853032545374199,1
fold_2,2026-03-21,rolling_mean_24h,6288,13.09302772476675,1
fold_2,2026-03-21,hist_gradient_boosting,6288,4.117094476376002,1
fold_2,2026-03-21,latest_available,6288,8.87150127226463,1
fold_2,2026-03-22,previous_day_24h,6288,7.769083969465649,1
fold_2,2026-03-22,previous_week_168h,6288,4.964058524173028,1
fold_2,2026-03-22,zone_hour_average,6288,9.026330419424859,1
fold_2,2026-03-22,rolling_mean_24h,6288,11.653705470737913,1
fold_2,2026-03-22,hist_gradient_boosting,6288,4.094970641379833,1
fold_2,2026-03-22,latest_available,6288,8.45324427480916,1
fold_2,2026-03-23,previous_day_24h,6288,10.903784987277353,1
fold_2,2026-03-23,previous_week_168h,6288,4.822678117048346,1
fold_2,2026-03-23,zone_hour_average,6288,6.530418546275962,1
fold_2,2026-03-23,rolling_mean_24h,6288,11.19901001908397,1
fold_2,2026-03-23,hist_gradient_boosting,6288,4.329543700574876,1
fold_2,2026-03-23,latest_available,6288,7.850667938931298,1
fold_2,2026-03-24,previous_day_24h,6288,4.770674300254453,1
fold_2,2026-03-24,previous_week_168h,6288,5.056615776081425,1
fold_2,2026-03-24,zone_hour_average,6288,5.3452151091799704,1
fold_2,2026-03-24,rolling_mean_24h,6288,11.600707697201019,1
fold_2,2026-03-24,hist_gradient_boosting,6288,3.5312112710388703,1
fold_2,2026-03-24,latest_available,6288,7.626431297709924,1
fold_2,2026-03-25,previous_day_24h,6288,3.427003816793893,1
fold_2,2026-03-25,previous_week_168h,6288,5.239662849872774,1
fold_2,2026-03-25,zone_hour_average,6288,5.237853667509359,1
fold_2,2026-03-25,rolling_mean_24h,6288,11.323214853689567,1
fold_2,2026-03-25,hist_gradient_boosting,6288,3.553505446526725,1
fold_2,2026-03-25,latest_available,6288,8.1720737913486,1
fold_2,2026-03-26,previous_day_24h,6288,4.286895674300254,1
fold_2,2026-03-26,previous_week_168h,6288,5.486323155216285,1
fold_2,2026-03-26,zone_hour_average,6288,5.18505571345146,1
fold_2,2026-03-26,rolling_mean_24h,6288,11.94904977735369,1
fold_2,2026-03-26,hist_gradient_boosting,6288,3.865451511847244,1
fold_2,2026-03-26,latest_available,6288,8.186386768447838,1
fold_2,2026-03-27,previous_day_24h,6288,5.451017811704834,1
fold_2,2026-03-27,previous_week_168h,6288,5.278944020356234,1
fold_2,2026-03-27,zone_hour_average,6288,4.029557253403859,1
fold_2,2026-03-27,rolling_mean_24h,6288,11.266062340966924,1
fold_2,2026-03-27,hist_gradient_boosting,6288,3.8881293417964393,1
fold_2,2026-03-27,latest_available,6288,8.252067430025445,1
fold_2,2026-03-28,previous_day_24h,6288,7.508746819338422,1
fold_2,2026-03-28,previous_week_168h,6288,4.426685750636132,1
fold_2,2026-03-28,zone_hour_average,6288,7.609904428737105,1
fold_2,2026-03-28,rolling_mean_24h,6288,12.798445451653944,1
fold_2,2026-03-28,hist_gradient_boosting,6288,4.171858381123632,1
fold_2,2026-03-28,latest_available,6288,9.052480916030534,1
fold_2,2026-03-29,previous_day_24h,6288,7.5613867684478375,1
fold_2,2026-03-29,previous_week_168h,6288,3.8427162849872776,1
fold_2,2026-03-29,zone_hour_average,6288,9.132524839630351,1
fold_2,2026-03-29,rolling_mean_24h,6288,11.72807994062765,1
fold_2,2026-03-29,hist_gradient_boosting,6288,3.7850470170021597,1
fold_2,2026-03-29,latest_available,6288,8.352576335877863,1
fold_2,2026-03-30,previous_day_24h,6288,9.42223282442748,1
fold_2,2026-03-30,previous_week_168h,6288,4.003339694656488,1
fold_2,2026-03-30,zone_hour_average,6288,5.651189144961899,1
fold_2,2026-03-30,rolling_mean_24h,6288,10.216848229431722,1
fold_2,2026-03-30,hist_gradient_boosting,6288,3.5499524829848004,1
fold_2,2026-03-30,latest_available,6288,6.854007633587786,1
fold_2,2026-03-31,previous_day_24h,6288,4.164917302798982,1
fold_2,2026-03-31,previous_week_168h,6288,3.5505725190839694,1
fold_2,2026-03-31,zone_hour_average,6288,4.756161772392119,1
fold_2,2026-03-31,rolling_mean_24h,6288,11.035080046649705,1
fold_2,2026-03-31,hist_gradient_boosting,6288,3.1866981074664573,1
fold_2,2026-03-31,latest_available,6288,7.423346055979644,1
fold_3,2026-04-01,previous_day_24h,6288,3.969465648854962,1
fold_3,2026-04-01,previous_week_168h,6288,4.2616094147582695,1
fold_3,2026-04-01,zone_hour_average,6288,4.746603165892632,1
fold_3,2026-04-01,rolling_mean_24h,6288,10.34477046225615,1
fold_3,2026-04-01,hist_gradient_boosting,6288,3.6995546345496515,1
fold_3,2026-04-01,latest_available,6288,7.598600508905853,1
fold_3,2026-04-02,previous_day_24h,6288,4.099872773536895,1
fold_3,2026-04-02,previous_week_168h,6288,4.398059796437659,1
fold_3,2026-04-02,zone_hour_average,6288,4.119788243691896,1
fold_3,2026-04-02,rolling_mean_24h,6288,11.16967504240882,1
fold_3,2026-04-02,hist_gradient_boosting,6288,3.5316336101565633,1
fold_3,2026-04-02,latest_available,6288,7.7488867684478375,1
fold_3,2026-04-03,previous_day_24h,6288,5.586513994910941,1
fold_3,2026-04-03,previous_week_168h,6288,4.7460241730279895,1
fold_3,2026-04-03,zone_hour_average,6288,4.448004178818392,1
fold_3,2026-04-03,rolling_mean_24h,6288,10.166063666242577,1
fold_3,2026-04-03,hist_gradient_boosting,6288,3.996915090075067,1
fold_3,2026-04-03,latest_available,6288,6.969306615776081,1
fold_3,2026-04-04,previous_day_24h,6288,6.357665394402035,1
fold_3,2026-04-04,previous_week_168h,6288,5.028148854961832,1
fold_3,2026-04-04,zone_hour_average,6288,6.884482876636057,1
fold_3,2026-04-04,rolling_mean_24h,6288,11.843769879134861,1
fold_3,2026-04-04,hist_gradient_boosting,6288,4.034372176028629,1
fold_3,2026-04-04,latest_available,6288,8.060909669211195,1
fold_3,2026-04-05,previous_day_24h,6288,8.264631043256998,1
fold_3,2026-04-05,previous_week_168h,6288,5.528784987277354,1
fold_3,2026-04-05,zone_hour_average,6288,9.027805508789525,1
fold_3,2026-04-05,rolling_mean_24h,6288,11.688023483884649,1
fold_3,2026-04-05,hist_gradient_boosting,6288,4.945928140386964,1
fold_3,2026-04-05,latest_available,6288,8.702449109414758,1
fold_3,2026-04-06,previous_day_24h,6288,8.657919847328245,1
fold_3,2026-04-06,previous_week_168h,6288,3.336991094147583,1
fold_3,2026-04-06,zone_hour_average,6288,5.779308404805628,1
fold_3,2026-04-06,rolling_mean_24h,6288,9.797411736641221,1
fold_3,2026-04-06,hist_gradient_boosting,6288,3.2827581178715253,1
fold_3,2026-04-06,latest_available,6288,6.208651399491094,1
fold_3,2026-04-07,previous_day_24h,6288,5.220896946564886,1
fold_3,2026-04-07,previous_week_168h,6288,3.7943702290076335,1
fold_3,2026-04-07,zone_hour_average,6288,4.972958320965034,1
fold_3,2026-04-07,rolling_mean_24h,6288,11.791414864291772,1
fold_3,2026-04-07,hist_gradient_boosting,6288,3.310062810253562,1
fold_3,2026-04-07,latest_available,6288,7.580470737913486,1
fold_3,2026-04-08,previous_day_24h,6288,3.3959923664122136,1
fold_3,2026-04-08,previous_week_168h,6288,4.685909669211196,1
fold_3,2026-04-08,zone_hour_average,6288,5.038056455153977,1
fold_3,2026-04-08,rolling_mean_24h,6288,11.832312871077184,1
fold_3,2026-04-08,hist_gradient_boosting,6288,3.230466098449893,1
fold_3,2026-04-08,latest_available,6288,8.233301526717558,1
fold_3,2026-04-09,previous_day_24h,6288,3.8624363867684477,1
fold_3,2026-04-09,previous_week_168h,6288,4.240458015267175,1
fold_3,2026-04-09,zone_hour_average,6288,5.054504133091135,1
fold_3,2026-04-09,rolling_mean_24h,6288,12.385370282018659,1
fold_3,2026-04-09,hist_gradient_boosting,6288,3.377161403539784,1
fold_3,2026-04-09,latest_available,6288,8.252067430025445,1
fold_3,2026-04-10,previous_day_24h,6288,5.069974554707379,1
fold_3,2026-04-10,previous_week_168h,6288,5.374681933842239,1
fold_3,2026-04-10,zone_hour_average,6288,3.9554094235224255,1
fold_3,2026-04-10,rolling_mean_24h,6288,12.189063825275658,1
fold_3,2026-04-10,hist_gradient_boosting,6288,3.680959856127984,1
fold_3,2026-04-10,latest_available,6288,8.488549618320612,1
fold_3,2026-04-11,previous_day_24h,6288,7.662213740458015,1
fold_3,2026-04-11,previous_week_168h,6288,5.403466921119593,1
fold_3,2026-04-11,zone_hour_average,6288,7.502508121217625,1
fold_3,2026-04-11,rolling_mean_24h,6288,13.277625371077184,1
fold_3,2026-04-11,hist_gradient_boosting,6288,4.301722178076577,1
fold_3,2026-04-11,latest_available,6288,9.091444020356233,1
fold_3,2026-04-12,previous_day_24h,6288,8.201335877862595,1
fold_3,2026-04-12,previous_week_168h,6288,5.556774809160306,1
fold_3,2026-04-12,zone_hour_average,6288,8.93409544518532,1
fold_3,2026-04-12,rolling_mean_24h,6288,12.59776558524173,1
fold_3,2026-04-12,hist_gradient_boosting,6288,3.8535002593694596,1
fold_3,2026-04-12,latest_available,6288,8.755248091603054,1
fold_3,2026-04-13,previous_day_24h,6288,10.329357506361323,1
fold_3,2026-04-13,previous_week_168h,6288,3.7196246819338423,1
fold_3,2026-04-13,zone_hour_average,6288,5.861993221211045,1
fold_3,2026-04-13,rolling_mean_24h,6288,11.13843166878711,1
fold_3,2026-04-13,hist_gradient_boosting,6288,3.836883359909522,1
fold_3,2026-04-13,latest_available,6288,7.075063613231552,1
fold_3,2026-04-14,previous_day_24h,6288,5.133428753180661,1
fold_3,2026-04-14,previous_week_168h,6288,3.6181615776081424,1
fold_3,2026-04-14,zone_hour_average,6288,5.303531628636079,1
fold_3,2026-04-14,rolling_mean_24h,6288,12.097513782866836,1
fold_3,2026-04-14,hist_gradient_boosting,6288,3.291299570582647,1
fold_3,2026-04-14,latest_available,6288,8.060432569974555,1
fold_3,2026-04-15,previous_day_24h,6288,3.659033078880407,1
fold_3,2026-04-15,previous_week_168h,6288,4.094624681933842,1
fold_3,2026-04-15,zone_hour_average,6288,5.744823603041119,1
fold_3,2026-04-15,rolling_mean_24h,6288,12.739033343935537,1
fold_3,2026-04-15,hist_gradient_boosting,6288,3.2437599015214484,1
fold_3,2026-04-15,latest_available,6288,9.079198473282442,1
fold_3,2026-04-16,previous_day_24h,6288,3.785941475826972,1
fold_3,2026-04-16,previous_week_168h,6288,4.2251908396946565,1
fold_3,2026-04-16,zone_hour_average,6288,6.094633624171597,1
fold_3,2026-04-16,rolling_mean_24h,6288,13.219677692960138,1
fold_3,2026-04-16,hist_gradient_boosting,6288,3.428542495504475,1
fold_3,2026-04-16,latest_available,6288,9.403148854961833,1
fold_3,2026-04-17,previous_day_24h,6288,5.977735368956743,1
fold_3,2026-04-17,previous_week_168h,6288,4.621501272264631,1
fold_3,2026-04-17,zone_hour_average,6288,4.9463959273997755,1
fold_3,2026-04-17,rolling_mean_24h,6288,12.632222752332487,1
fold_3,2026-04-17,hist_gradient_boosting,6288,4.056821687915134,1
fold_3,2026-04-17,latest_available,6288,9.161418575063614,1
fold_3,2026-04-18,previous_day_24h,6288,8.638994910941475,1
fold_3,2026-04-18,previous_week_168h,6288,4.384860050890585,1
fold_3,2026-04-18,zone_hour_average,6288,8.04376110549961,1
fold_3,2026-04-18,rolling_mean_24h,6288,14.30330258693808,1
fold_3,2026-04-18,hist_gradient_boosting,6288,4.292383321144992,1
fold_3,2026-04-18,latest_available,6288,9.470260814249365,1
fold_3,2026-04-19,previous_day_24h,6288,9.430820610687023,1
fold_3,2026-04-19,previous_week_168h,6288,4.236800254452926,1
fold_3,2026-04-19,zone_hour_average,6288,9.368690293946337,1
fold_3,2026-04-19,rolling_mean_24h,6288,13.515731022052588,1
fold_3,2026-04-19,hist_gradient_boosting,6288,4.359933310269512,1
fold_3,2026-04-19,latest_available,6288,9.594942748091603,1
fold_3,2026-04-20,previous_day_24h,6288,11.329993638676845,1
fold_3,2026-04-20,previous_week_168h,6288,3.9244592875318065,1
fold_3,2026-04-20,zone_hour_average,6288,5.338145562548187,1
fold_3,2026-04-20,rolling_mean_24h,6288,12.052911630619171,1
fold_3,2026-04-20,hist_gradient_boosting,6288,4.047733845065396,1
fold_3,2026-04-20,latest_available,6288,7.537531806615776,1
fold_3,2026-04-21,previous_day_24h,6288,4.604961832061068,1
fold_3,2026-04-21,previous_week_168h,6288,3.4427480916030535,1
fold_3,2026-04-21,zone_hour_average,6288,5.89221559863928,1
fold_3,2026-04-21,rolling_mean_24h,6288,12.442377014419,1
fold_3,2026-04-21,hist_gradient_boosting,6288,3.3933029842383635,1
fold_3,2026-04-21,latest_available,6288,9.070292620865139,1
fold_3,2026-04-22,previous_day_24h,6288,3.6685750636132317,1
fold_3,2026-04-22,previous_week_168h,6288,3.7919847328244276,1
fold_3,2026-04-22,zone_hour_average,6288,6.133348030542492,1
fold_3,2026-04-22,rolling_mean_24h,6288,12.529010284139101,1
fold_3,2026-04-22,hist_gradient_boosting,6288,3.4707104649425173,1
fold_3,2026-04-22,latest_available,6288,9.211832061068701,1
fold_3,2026-04-23,previous_day_24h,6288,4.228212468193385,1
fold_3,2026-04-23,previous_week_168h,6288,3.5020674300254453,1
fold_3,2026-04-23,zone_hour_average,6288,6.1771172304173625,1
fold_3,2026-04-23,rolling_mean_24h,6288,13.133707061068701,1
fold_3,2026-04-23,hist_gradient_boosting,6288,3.462066710895446,1
fold_3,2026-04-23,latest_available,6288,9.345896946564885,1
fold_3,2026-04-24,previous_day_24h,6288,5.6444020356234095,1
fold_3,2026-04-24,previous_week_168h,6288,4.237754452926208,1
fold_3,2026-04-24,zone_hour_average,6288,4.651871986168485,1
fold_3,2026-04-24,rolling_mean_24h,6288,12.464608513570825,1
fold_3,2026-04-24,hist_gradient_boosting,6288,3.7146887296772215,1
fold_3,2026-04-24,latest_available,6288,8.946882951653944,1
fold_3,2026-04-25,previous_day_24h,6288,9.322678117048346,1
fold_3,2026-04-25,previous_week_168h,6288,5.362913486005089,1
fold_3,2026-04-25,zone_hour_average,6288,9.491281061140503,1
fold_3,2026-04-25,rolling_mean_24h,6288,15.230803382103478,1
fold_3,2026-04-25,hist_gradient_boosting,6288,5.067862932233525,1
fold_3,2026-04-25,latest_available,6288,10.099872773536896,1
fold_3,2026-04-26,previous_day_24h,6288,10.846851145038167,1
fold_3,2026-04-26,previous_week_168h,6288,4.43734096692112,1
fold_3,2026-04-26,zone_hour_average,6288,8.311050576418458,1
fold_3,2026-04-26,rolling_mean_24h,6288,12.739735740033929,1
fold_3,2026-04-26,hist_gradient_boosting,6288,4.306029856751047,1
fold_3,2026-04-26,latest_available,6288,8.662213740458014,1
fold_3,2026-04-27,previous_day_24h,6288,9.581106870229007,1
fold_3,2026-04-27,previous_week_168h,6288,3.7402989821882953,1
fold_3,2026-04-27,zone_hour_average,6288,5.435541668449691,1
fold_3,2026-04-27,rolling_mean_24h,6288,10.942595684902459,1
fold_3,2026-04-27,hist_gradient_boosting,6288,3.70178458660109,1
fold_3,2026-04-27,latest_available,6288,7.143447837150127,1
fold_3,2026-04-28,previous_day_24h,6288,4.474554707379135,1
fold_3,2026-04-28,previous_week_168h,6288,3.5844465648854964,1
fold_3,2026-04-28,zone_hour_average,6288,5.389911500782894,1
fold_3,2026-04-28,rolling_mean_24h,6288,11.925923717133163,1
fold_3,2026-04-28,hist_gradient_boosting,6288,3.2586376816091214,1
fold_3,2026-04-28,latest_available,6288,7.908237913486005,1
fold_3,2026-04-29,previous_day_24h,6288,4.549777353689567,1
fold_3,2026-04-29,previous_week_168h,6288,4.269720101781171,1
fold_3,2026-04-29,zone_hour_average,6288,6.138671376886296,1
fold_3,2026-04-29,rolling_mean_24h,6288,13.161610740033927,1
fold_3,2026-04-29,hist_gradient_boosting,6288,3.7795005669514334,1
fold_3,2026-04-29,latest_available,6288,9.2970737913486,1
fold_3,2026-04-30,previous_day_24h,6288,4.3346055979643765,1
fold_3,2026-04-30,previous_week_168h,6288,3.614344783715013,1
fold_3,2026-04-30,zone_hour_average,6288,6.036909272065878,1
fold_3,2026-04-30,rolling_mean_24h,6288,12.831318914334181,1
fold_3,2026-04-30,hist_gradient_boosting,6288,3.624298725439464,1
fold_3,2026-04-30,latest_available,6288,9.65617048346056,1
fold_1,2026-02-01,previous_day_24h,6288,7.771151399491094,3
fold_1,2026-02-01,previous_week_168h,6288,13.291666666666666,3
fold_1,2026-02-01,zone_hour_average,6288,8.349905865268461,3
fold_1,2026-02-01,rolling_mean_24h,6288,12.281276505513148,3
fold_1,2026-02-01,hist_gradient_boosting,6288,9.81428311995975,3
fold_1,2026-02-01,latest_available,6288,14.13740458015267,3
fold_1,2026-02-02,previous_day_24h,6288,10.690044529262087,3
fold_1,2026-02-02,previous_week_168h,6288,8.411577608142494,3
fold_1,2026-02-02,zone_hour_average,6288,5.741646426092991,3
fold_1,2026-02-02,rolling_mean_24h,6288,12.107141910517386,3
fold_1,2026-02-02,hist_gradient_boosting,6288,6.065223451329924,3
fold_1,2026-02-02,latest_available,6288,11.798505089058525,3
fold_1,2026-02-03,previous_day_24h,6288,4.5194020356234095,3
fold_1,2026-02-03,previous_week_168h,6288,4.7333015267175576,3
fold_1,2026-02-03,zone_hour_average,6288,5.653212789472331,3
fold_1,2026-02-03,rolling_mean_24h,6288,11.963435644614078,3
fold_1,2026-02-03,hist_gradient_boosting,6288,3.747106407857266,3
fold_1,2026-02-03,latest_available,6288,13.000954198473282,3
fold_1,2026-02-04,previous_day_24h,6288,3.8256997455470736,3
fold_1,2026-02-04,previous_week_168h,6288,4.029580152671755,3
fold_1,2026-02-04,zone_hour_average,6288,5.6720924255275404,3
fold_1,2026-02-04,rolling_mean_24h,6288,12.458578509329941,3
fold_1,2026-02-04,hist_gradient_boosting,6288,3.514812257520816,3
fold_1,2026-02-04,latest_available,6288,14.002703562340967,3
fold_1,2026-02-05,previous_day_24h,6288,3.6477417302798982,3
fold_1,2026-02-05,previous_week_168h,6288,4.101145038167939,3
fold_1,2026-02-05,zone_hour_average,6288,5.470395323035273,3
fold_1,2026-02-05,rolling_mean_24h,6288,12.525306138676845,3
fold_1,2026-02-05,hist_gradient_boosting,6288,3.6739488704568912,3
fold_1,2026-02-05,latest_available,6288,14.306138676844784,3
fold_1,2026-02-06,previous_day_24h,6288,5.323473282442748,3
fold_1,2026-02-06,previous_week_168h,6288,4.801367684478372,3
fold_1,2026-02-06,zone_hour_average,6288,4.9132333727435515,3
fold_1,2026-02-06,rolling_mean_24h,6288,12.147324268447838,3
fold_1,2026-02-06,hist_gradient_boosting,6288,4.285711376590029,3
fold_1,2026-02-06,latest_available,6288,13.736959287531807,3
fold_1,2026-02-07,previous_day_24h,6288,9.028307888040713,3
fold_1,2026-02-07,previous_week_168h,6288,4.656965648854962,3
fold_1,2026-02-07,zone_hour_average,6288,8.846813769587305,3
fold_1,2026-02-07,rolling_mean_24h,6288,14.280680131467346,3
fold_1,2026-02-07,hist_gradient_boosting,6288,4.921086036616007,3
fold_1,2026-02-07,latest_available,6288,15.302162849872774,3
fold_1,2026-02-08,previous_day_24h,6288,8.229802798982188,3
fold_1,2026-02-08,previous_week_168h,6288,5.907283715012722,3
fold_1,2026-02-08,zone_hour_average,6288,8.64252715878034,3
fold_1,2026-02-08,rolling_mean_24h,6288,12.867339906700595,3
fold_1,2026-02-08,hist_gradient_boosting,6288,5.628885501025672,3
fold_1,2026-02-08,latest_available,6288,14.205152671755725,3
fold_1,2026-02-09,previous_day_24h,6288,11.940521628498727,3
fold_1,2026-02-09,previous_week_168h,6288,3.84764631043257,3
fold_1,2026-02-09,zone_hour_average,6288,6.398169888023577,3
fold_1,2026-02-09,rolling_mean_24h,6288,12.09073499787956,3
fold_1,2026-02-09,hist_gradient_boosting,6288,5.363333180067072,3
fold_1,2026-02-09,latest_available,6288,13.18352417302799,3
fold_1,2026-02-10,previous_day_24h,6288,4.856075063613232,3
fold_1,2026-02-10,previous_week_168h,6288,3.760973282442748,3
fold_1,2026-02-10,zone_hour_average,6288,5.925484167373481,3
fold_1,2026-02-10,rolling_mean_24h,6288,12.16975455894826,3
fold_1,2026-02-10,hist_gradient_boosting,6288,3.788637610210862,3
fold_1,2026-02-10,latest_available,6288,12.55057251908397,3
fold_1,2026-02-11,previous_day_24h,6288,3.8037531806615776,3
fold_1,2026-02-11,previous_week_168h,6288,3.619433842239186,3
fold_1,2026-02-11,zone_hour_average,6288,6.060465019148225,3
fold_1,2026-02-11,rolling_mean_24h,6288,12.583671278625955,3
fold_1,2026-02-11,hist_gradient_boosting,6288,3.4535373034708865,3
fold_1,2026-02-11,latest_available,6288,14.184637404580153,3
fold_1,2026-02-12,previous_day_24h,6288,4.263040712468193,3
fold_1,2026-02-12,previous_week_168h,6288,3.866412213740458,3
fold_1,2026-02-12,zone_hour_average,6288,6.4344222547784895,3
fold_1,2026-02-12,rolling_mean_24h,6288,13.536517970737913,3
fold_1,2026-02-12,hist_gradient_boosting,6288,3.795716618963534,3
fold_1,2026-02-12,latest_available,6288,15.149968193384224,3
fold_1,2026-02-13,previous_day_24h,6288,5.986800254452926,3
fold_1,2026-02-13,previous_week_168h,6288,4.314408396946565,3
fold_1,2026-02-13,zone_hour_average,6288,4.955018377155782,3
fold_1,2026-02-13,rolling_mean_24h,6288,12.715648854961833,3
fold_1,2026-02-13,hist_gradient_boosting,6288,4.249865150760051,3
fold_1,2026-02-13,latest_available,6288,14.524173027989821,3
fold_1,2026-02-14,previous_day_24h,6288,8.232029262086513,3
fold_1,2026-02-14,previous_week_168h,6288,6.125318066157761,3
fold_1,2026-02-14,zone_hour_average,6288,7.424585871437015,3
fold_1,2026-02-14,rolling_mean_24h,6288,13.17255751696353,3
fold_1,2026-02-14,hist_gradient_boosting,6288,5.097858008351421,3
fold_1,2026-02-14,latest_available,6288,14.002385496183207,3
fold_1,2026-02-15,previous_day_24h,6288,6.163645038167939,3
fold_1,2026-02-15,previous_week_168h,6288,6.741730279898219,3
fold_1,2026-02-15,zone_hour_average,6288,7.812601738333291,3
fold_1,2026-02-15,rolling_mean_24h,6288,10.701554548346056,3
fold_1,2026-02-15,hist_gradient_boosting,6288,4.455467093810924,3
fold_1,2026-02-15,latest_available,6288,12.720260814249365,3
fold_1,2026-02-16,previous_day_24h,6288,7.034351145038168,3
fold_1,2026-02-16,previous_week_168h,6288,7.604643765903308,3
fold_1,2026-02-16,zone_hour_average,6288,7.670764900917573,3
fold_1,2026-02-16,rolling_mean_24h,6288,8.998721108990672,3
fold_1,2026-02-16,hist_gradient_boosting,6288,5.206935468760144,3
fold_1,2026-02-16,latest_available,6288,9.249522900763358,3
fold_1,2026-02-17,previous_day_24h,6288,6.465489821882952,3
fold_1,2026-02-17,previous_week_168h,6288,4.902671755725191,3
fold_1,2026-02-17,zone_hour_average,6288,5.547310145560782,3
fold_1,2026-02-17,rolling_mean_24h,6288,10.640439461407974,3
fold_1,2026-02-17,hist_gradient_boosting,6288,3.700753781399598,3
fold_1,2026-02-17,latest_available,6288,9.99650127226463,3
fold_1,2026-02-18,previous_day_24h,6288,4.743797709923665,3
fold_1,2026-02-18,previous_week_168h,6288,4.053912213740458,3
fold_1,2026-02-18,zone_hour_average,6288,5.592702041620616,3
fold_1,2026-02-18,rolling_mean_24h,6288,11.908761397370652,3
fold_1,2026-02-18,hist_gradient_boosting,6288,3.565074070051477,3
fold_1,2026-02-18,latest_available,6288,13.115935114503817,3
fold_1,2026-02-19,previous_day_24h,6288,3.965330788804071,3
fold_1,2026-02-19,previous_week_168h,6288,4.654421119592875,3
fold_1,2026-02-19,zone_hour_average,6288,5.060302130721978,3
fold_1,2026-02-19,rolling_mean_24h,6288,12.117757368532656,3
fold_1,2026-02-19,hist_gradient_boosting,6288,4.155372156549444,3
fold_1,2026-02-19,latest_available,6288,13.367843511450381,3
fold_1,2026-02-20,previous_day_24h,6288,5.013994910941475,3
fold_1,2026-02-20,previous_week_168h,6288,4.7694020356234095,3
fold_1,2026-02-20,zone_hour_average,6288,4.389278707344865,3
fold_1,2026-02-20,rolling_mean_24h,6288,11.824851569126377,3
fold_1,2026-02-20,hist_gradient_boosting,6288,4.294676953386178,3
fold_1,2026-02-20,latest_available,6288,13.741730279898219,3
fold_1,2026-02-21,previous_day_24h,6288,8.383110687022901,3
fold_1,2026-02-21,previous_week_168h,6288,4.4726463104325695,3
fold_1,2026-02-21,zone_hour_average,6288,7.340645320893413,3
fold_1,2026-02-21,rolling_mean_24h,6288,13.608944285411367,3
fold_1,2026-02-21,hist_gradient_boosting,6288,4.456324527755824,3
fold_1,2026-02-21,latest_available,6288,14.148059796437659,3
fold_1,2026-02-22,previous_day_24h,6288,11.549936386768447,3
fold_1,2026-02-22,previous_week_168h,6288,7.832220101781171,3
fold_1,2026-02-22,zone_hour_average,6288,12.379284361854337,3
fold_1,2026-02-22,rolling_mean_24h,6288,12.284556562765054,3
fold_1,2026-02-22,hist_gradient_boosting,6288,6.94607833724741,3
fold_1,2026-02-22,latest_available,6288,11.970419847328245,3
fold_1,2026-02-23,previous_day_24h,6288,10.832538167938932,3
fold_1,2026-02-23,previous_week_168h,6288,10.50381679389313,3
fold_1,2026-02-23,zone_hour_average,6288,16.489483469127237,3
fold_1,2026-02-23,rolling_mean_24h,6288,7.502252968617473,3
fold_1,2026-02-23,hist_gradient_boosting,6288,7.883623447107846,3
fold_1,2026-02-23,latest_available,6288,3.314885496183206,3
fold_1,2026-02-24,previous_day_24h,6288,13.209128498727736,3
fold_1,2026-02-24,previous_week_168h,6288,4.995229007633588,3
fold_1,2026-02-24,zone_hour_average,6288,6.5450267089898135,3
fold_1,2026-02-24,rolling_mean_24h,6288,12.291905216284988,3
fold_1,2026-02-24,hist_gradient_boosting,6288,6.052335109435102,3
fold_1,2026-02-24,latest_available,6288,10.97264631043257,3
fold_1,2026-02-25,previous_day_24h,6288,4.88279262086514,3
fold_1,2026-02-25,previous_week_168h,6288,4.6211832061068705,3
fold_1,2026-02-25,zone_hour_average,6288,6.093652170560568,3
fold_1,2026-02-25,rolling_mean_24h,6288,11.492074851569127,3
fold_1,2026-02-25,hist_gradient_boosting,6288,3.9270841525520805,3
fold_1,2026-02-25,latest_available,6288,13.797709923664122,3
fold_1,2026-02-26,previous_day_24h,6288,4.359096692111959,3
fold_1,2026-02-26,previous_week_168h,6288,4.161895674300254,3
fold_1,2026-02-26,zone_hour_average,6288,5.879568907908603,3
fold_1,2026-02-26,rolling_mean_24h,6288,12.640558736217132,3
fold_1,2026-02-26,hist_gradient_boosting,6288,3.761394099306682,3
fold_1,2026-02-26,latest_available,6288,14.40283078880407,3
fold_1,2026-02-27,previous_day_24h,6288,5.7264631043257,3
fold_1,2026-02-27,previous_week_168h,6288,4.951653944020356,3
fold_1,2026-02-27,zone_hour_average,6288,5.5760680383135846,3
fold_1,2026-02-27,rolling_mean_24h,6288,12.985097275233247,3
fold_1,2026-02-27,hist_gradient_boosting,6288,4.221411807188749,3
fold_1,2026-02-27,latest_available,6288,14.687977099236642,3
fold_1,2026-02-28,previous_day_24h,6288,8.569338422391857,3
fold_1,2026-02-28,previous_week_168h,6288,4.100031806615776,3
fold_1,2026-02-28,zone_hour_average,6288,7.781018304332554,3
fold_1,2026-02-28,rolling_mean_24h,6288,13.401638040712468,3
fold_1,2026-02-28,hist_gradient_boosting,6288,4.373260058184145,3
fold_1,2026-02-28,latest_available,6288,14.27798982188295,3
fold_2,2026-03-01,previous_day_24h,6288,8.141857506361323,3
fold_2,2026-03-01,previous_week_168h,6288,6.509701017811705,3
fold_2,2026-03-01,zone_hour_average,6288,9.246835508109518,3
fold_2,2026-03-01,rolling_mean_24h,6288,12.189832485156911,3
fold_2,2026-03-01,hist_gradient_boosting,6288,4.3942836597065105,3
fold_2,2026-03-01,latest_available,6288,13.394879134860052,3
fold_2,2026-03-02,previous_day_24h,6288,11.186545801526718,3
fold_2,2026-03-02,previous_week_168h,6288,14.819497455470739,3
fold_2,2026-03-02,zone_hour_average,6288,5.861048410734727,3
fold_2,2026-03-02,rolling_mean_24h,6288,12.544588899491094,3
fold_2,2026-03-02,hist_gradient_boosting,6288,9.141096922895969,3
fold_2,2026-03-02,latest_available,6288,11.834287531806616,3
fold_2,2026-03-03,previous_day_24h,6288,5.721533078880407,3
fold_2,2026-03-03,previous_week_168h,6288,6.914599236641221,3
fold_2,2026-03-03,zone_hour_average,6288,6.817095649400806,3
fold_2,2026-03-03,rolling_mean_24h,6288,13.894746607294316,3
fold_2,2026-03-03,hist_gradient_boosting,6288,4.703971723034937,3
fold_2,2026-03-03,latest_available,6288,14.181297709923664,3
fold_2,2026-03-04,previous_day_24h,6288,4.185114503816794,3
fold_2,2026-03-04,previous_week_168h,6288,4.804389312977099,3
fold_2,2026-03-04,zone_hour_average,6288,5.7097514522809165,3
fold_2,2026-03-04,rolling_mean_24h,6288,12.344737330364715,3
fold_2,2026-03-04,hist_gradient_boosting,6288,3.658522808084322,3
fold_2,2026-03-04,latest_available,6288,14.473441475826972,3
fold_2,2026-03-05,previous_day_24h,6288,5.864821882951654,3
fold_2,2026-03-05,previous_week_168h,6288,5.6720737913486,3
fold_2,2026-03-05,zone_hour_average,6288,7.909698653111795,3
fold_2,2026-03-05,rolling_mean_24h,6288,14.664214906700595,3
fold_2,2026-03-05,hist_gradient_boosting,6288,5.023600834207577,3
fold_2,2026-03-05,latest_available,6288,15.989821882951654,3
fold_2,2026-03-06,previous_day_24h,6288,6.952290076335878,3
fold_2,2026-03-06,previous_week_168h,6288,4.2487277353689565,3
fold_2,2026-03-06,zone_hour_average,6288,4.580531491073211,3
fold_2,2026-03-06,rolling_mean_24h,6288,12.67353822094996,3
fold_2,2026-03-06,hist_gradient_boosting,6288,4.176918400312575,3
fold_2,2026-03-06,latest_available,6288,15.448314249363868,3
fold_2,2026-03-07,previous_day_24h,6288,8.306933842239186,3
fold_2,2026-03-07,previous_week_168h,6288,3.9309796437659035,3
fold_2,2026-03-07,zone_hour_average,6288,7.118440107478882,3
fold_2,2026-03-07,rolling_mean_24h,6288,12.817410146310433,3
fold_2,2026-03-07,hist_gradient_boosting,6288,3.941092467998774,3
fold_2,2026-03-07,latest_available,6288,13.67525445292621,3
fold_2,2026-03-08,previous_day_24h,6026,8.185529372718221,3
fold_2,2026-03-08,previous_week_168h,6026,4.766843677397942,3
fold_2,2026-03-08,zone_hour_average,6026,9.582896438871657,3
fold_2,2026-03-08,rolling_mean_24h,6026,11.720751742449385,3
fold_2,2026-03-08,hist_gradient_boosting,6026,4.964783176546091,3
fold_2,2026-03-08,latest_available,6026,13.529040823099901,3
fold_2,2026-03-09,previous_day_24h,6288,11.571087786259541,3
fold_2,2026-03-09,previous_week_168h,6288,5.4336832061068705,3
fold_2,2026-03-09,zone_hour_average,6288,5.64911587328648,3
fold_2,2026-03-09,rolling_mean_24h,6288,11.906720472858353,3
fold_2,2026-03-09,hist_gradient_boosting,6288,5.188806355360734,3
fold_2,2026-03-09,latest_available,6288,11.088104325699746,3
fold_2,2026-03-10,previous_day_24h,6288,5.694815521628499,3
fold_2,2026-03-10,previous_week_168h,6288,6.075381679389313,3
fold_2,2026-03-10,zone_hour_average,6288,5.8444065313572295,3
fold_2,2026-03-10,rolling_mean_24h,6288,12.90205550254453,3
fold_2,2026-03-10,hist_gradient_boosting,6288,4.587139797212318,3
fold_2,2026-03-10,latest_available,6288,13.47280534351145,3
fold_2,2026-03-11,previous_day_24h,6288,3.915235368956743,3
fold_2,2026-03-11,previous_week_168h,6288,5.692589058524173,3
fold_2,2026-03-11,zone_hour_average,6288,6.010931222562938,3
fold_2,2026-03-11,rolling_mean_24h,6288,12.706769508057677,3
fold_2,2026-03-11,hist_gradient_boosting,6288,4.318741725137365,3
fold_2,2026-03-11,latest_available,6288,14.623409669211195,3
fold_2,2026-03-12,previous_day_24h,6288,6.169211195928753,3
fold_2,2026-03-12,previous_week_168h,6288,8.12833969465649,3
fold_2,2026-03-12,zone_hour_average,6288,8.454005558633716,3
fold_2,2026-03-12,rolling_mean_24h,6288,14.851734785835456,3
fold_2,2026-03-12,hist_gradient_boosting,6288,6.108092197711393,3
fold_2,2026-03-12,latest_available,6288,16.411418575063614,3
fold_2,2026-03-13,previous_day_24h,6288,6.8945610687022905,3
fold_2,2026-03-13,previous_week_168h,6288,6.842080152671755,3
fold_2,2026-03-13,zone_hour_average,6288,5.805954828436816,3
fold_2,2026-03-13,rolling_mean_24h,6288,13.831994804919422,3
fold_2,2026-03-13,hist_gradient_boosting,6288,5.105653108043528,3
fold_2,2026-03-13,latest_available,6288,15.372773536895675,3
fold_2,2026-03-14,previous_day_24h,6288,9.213263358778626,3
fold_2,2026-03-14,previous_week_168h,6288,6.754452926208652,3
fold_2,2026-03-14,zone_hour_average,6288,7.889351345056264,3
fold_2,2026-03-14,rolling_mean_24h,6288,14.062831318914336,3
fold_2,2026-03-14,hist_gradient_boosting,6288,5.551199674601359,3
fold_2,2026-03-14,latest_available,6288,14.664599236641221,3
fold_2,2026-03-15,previous_day_24h,6288,8.838899491094148,3
fold_2,2026-03-15,previous_week_168h,6288,5.63263358778626,3
fold_2,2026-03-15,zone_hour_average,6288,8.413892116595223,3
fold_2,2026-03-15,rolling_mean_24h,6288,12.614351410093297,3
fold_2,2026-03-15,hist_gradient_boosting,6288,4.9531362488115,3
fold_2,2026-03-15,latest_available,6288,14.09716921119593,3
fold_2,2026-03-16,previous_day_24h,6288,11.356552162849873,3
fold_2,2026-03-16,previous_week_168h,6288,4.616889312977099,3
fold_2,2026-03-16,zone_hour_average,6288,6.503910774357905,3
fold_2,2026-03-16,rolling_mean_24h,6288,12.70806165182358,3
fold_2,2026-03-16,hist_gradient_boosting,6288,5.550780929020376,3
fold_2,2026-03-16,latest_available,6288,13.423823155216285,3
fold_2,2026-03-17,previous_day_24h,6288,6.0481870229007635,3
fold_2,2026-03-17,previous_week_168h,6288,4.511291348600509,3
fold_2,2026-03-17,zone_hour_average,6288,6.217991777200032,3
fold_2,2026-03-17,rolling_mean_24h,6288,13.25561916878711,3
fold_2,2026-03-17,hist_gradient_boosting,6288,4.228823359621366,3
fold_2,2026-03-17,latest_available,6288,13.068702290076336,3
fold_2,2026-03-18,previous_day_24h,6288,5.211195928753181,3
fold_2,2026-03-18,previous_week_168h,6288,4.212786259541985,3
fold_2,2026-03-18,zone_hour_average,6288,6.824722133740697,3
fold_2,2026-03-18,rolling_mean_24h,6288,13.054627862595419,3
fold_2,2026-03-18,hist_gradient_boosting,6288,4.196408213109343,3
fold_2,2026-03-18,latest_available,6288,15.490776081424936,3
fold_2,2026-03-19,previous_day_24h,6288,4.522423664122138,3
fold_2,2026-03-19,previous_week_168h,6288,5.117843511450381,3
fold_2,2026-03-19,zone_hour_average,6288,7.067770243139754,3
fold_2,2026-03-19,rolling_mean_24h,6288,14.374078933418152,3
fold_2,2026-03-19,hist_gradient_boosting,6288,4.267075535863875,3
fold_2,2026-03-19,latest_available,6288,15.56599872773537,3
fold_2,2026-03-20,previous_day_24h,6288,6.86704834605598,3
fold_2,2026-03-20,previous_week_168h,6288,5.125,3
fold_2,2026-03-20,zone_hour_average,6288,5.114085180790187,3
fold_2,2026-03-20,rolling_mean_24h,6288,13.436638570822733,3
fold_2,2026-03-20,hist_gradient_boosting,6288,4.694015727743778,3
fold_2,2026-03-20,latest_available,6288,14.945610687022901,3
fold_2,2026-03-21,previous_day_24h,6288,8.266539440203562,3
fold_2,2026-03-21,previous_week_168h,6288,4.784192111959287,3
fold_2,2026-03-21,zone_hour_average,6288,7.853032545374199,3
fold_2,2026-03-21,rolling_mean_24h,6288,12.927620069974555,3
fold_2,2026-03-21,hist_gradient_boosting,6288,4.361483270596554,3
fold_2,2026-03-21,latest_available,6288,14.01558524173028,3
fold_2,2026-03-22,previous_day_24h,6288,7.769083969465649,3
fold_2,2026-03-22,previous_week_168h,6288,4.964058524173028,3
fold_2,2026-03-22,zone_hour_average,6288,9.026330419424859,3
fold_2,2026-03-22,rolling_mean_24h,6288,11.751000583121288,3
fold_2,2026-03-22,hist_gradient_boosting,6288,4.348818234164454,3
fold_2,2026-03-22,latest_available,6288,13.37531806615776,3
fold_2,2026-03-23,previous_day_24h,6288,10.903784987277353,3
fold_2,2026-03-23,previous_week_168h,6288,4.822678117048346,3
fold_2,2026-03-23,zone_hour_average,6288,6.530418546275962,3
fold_2,2026-03-23,rolling_mean_24h,6288,11.851191422815946,3
fold_2,2026-03-23,hist_gradient_boosting,6288,4.775013310489726,3
fold_2,2026-03-23,latest_available,6288,11.804548346055979,3
fold_2,2026-03-24,previous_day_24h,6288,4.770674300254453,3
fold_2,2026-03-24,previous_week_168h,6288,5.056615776081425,3
fold_2,2026-03-24,zone_hour_average,6288,5.3452151091799704,3
fold_2,2026-03-24,rolling_mean_24h,6288,11.681138676844784,3
fold_2,2026-03-24,hist_gradient_boosting,6288,3.6610378306558875,3
fold_2,2026-03-24,latest_available,6288,11.771151399491094,3
fold_2,2026-03-25,previous_day_24h,6288,3.427003816793893,3
fold_2,2026-03-25,previous_week_168h,6288,5.239662849872774,3
fold_2,2026-03-25,zone_hour_average,6288,5.237853667509359,3
fold_2,2026-03-25,rolling_mean_24h,6288,11.272701972010179,3
fold_2,2026-03-25,hist_gradient_boosting,6288,3.638670914448922,3
fold_2,2026-03-25,latest_available,6288,12.946087786259541,3
fold_2,2026-03-26,previous_day_24h,6288,4.286895674300254,3
fold_2,2026-03-26,previous_week_168h,6288,5.486323155216285,3
fold_2,2026-03-26,zone_hour_average,6288,5.18505571345146,3
fold_2,2026-03-26,rolling_mean_24h,6288,11.944921543681085,3
fold_2,2026-03-26,hist_gradient_boosting,6288,3.9979734153617366,3
fold_2,2026-03-26,latest_available,6288,13.063931297709924,3
fold_2,2026-03-27,previous_day_24h,6288,5.451017811704834,3
fold_2,2026-03-27,previous_week_168h,6288,5.278944020356234,3
fold_2,2026-03-27,zone_hour_average,6288,4.029557253403859,3
fold_2,2026-03-27,rolling_mean_24h,6288,11.158940309584391,3
fold_2,2026-03-27,hist_gradient_boosting,6288,4.122975434889154,3
fold_2,2026-03-27,latest_available,6288,12.981393129770993,3
fold_2,2026-03-28,previous_day_24h,6288,7.508746819338422,3
fold_2,2026-03-28,previous_week_168h,6288,4.426685750636132,3
fold_2,2026-03-28,zone_hour_average,6288,7.609904428737105,3
fold_2,2026-03-28,rolling_mean_24h,6288,12.75691131255301,3
fold_2,2026-03-28,hist_gradient_boosting,6288,4.331355225978113,3
fold_2,2026-03-28,latest_available,6288,13.944497455470739,3
fold_2,2026-03-29,previous_day_24h,6288,7.5613867684478375,3
fold_2,2026-03-29,previous_week_168h,6288,3.8427162849872776,3
fold_2,2026-03-29,zone_hour_average,6288,9.132524839630351,3
fold_2,2026-03-29,rolling_mean_24h,6288,11.857314196352842,3
fold_2,2026-03-29,hist_gradient_boosting,6288,3.938085863367339,3
fold_2,2026-03-29,latest_available,6288,13.313136132315522,3
fold_2,2026-03-30,previous_day_24h,6288,9.42223282442748,3
fold_2,2026-03-30,previous_week_168h,6288,4.003339694656488,3
fold_2,2026-03-30,zone_hour_average,6288,5.651189144961899,3
fold_2,2026-03-30,rolling_mean_24h,6288,10.808133216709077,3
fold_2,2026-03-30,hist_gradient_boosting,6288,3.7064684084112063,3
fold_2,2026-03-30,latest_available,6288,10.23807251908397,3
fold_2,2026-03-31,previous_day_24h,6288,4.164917302798982,3
fold_2,2026-03-31,previous_week_168h,6288,3.5505725190839694,3
fold_2,2026-03-31,zone_hour_average,6288,4.756161772392119,3
fold_2,2026-03-31,rolling_mean_24h,6288,11.111442430025445,3
fold_2,2026-03-31,hist_gradient_boosting,6288,3.177819990488394,3
fold_2,2026-03-31,latest_available,6288,11.232506361323155,3
fold_3,2026-04-01,previous_day_24h,6288,3.969465648854962,3
fold_3,2026-04-01,previous_week_168h,6288,4.2616094147582695,3
fold_3,2026-04-01,zone_hour_average,6288,4.746603165892632,3
fold_3,2026-04-01,rolling_mean_24h,6288,10.29421782230704,3
fold_3,2026-04-01,hist_gradient_boosting,6288,3.776984124037447,3
fold_3,2026-04-01,latest_available,6288,11.674459287531807,3
fold_3,2026-04-02,previous_day_24h,6288,4.099872773536895,3
fold_3,2026-04-02,previous_week_168h,6288,4.398059796437659,3
fold_3,2026-04-02,zone_hour_average,6288,4.119788243691896,3
fold_3,2026-04-02,rolling_mean_24h,6288,11.184372349448685,3
fold_3,2026-04-02,hist_gradient_boosting,6288,3.5912435468591903,3
fold_3,2026-04-02,latest_available,6288,12.087468193384224,3
fold_3,2026-04-03,previous_day_24h,6288,5.586513994910941,3
fold_3,2026-04-03,previous_week_168h,6288,4.7460241730279895,3
fold_3,2026-04-03,zone_hour_average,6288,4.448004178818392,3
fold_3,2026-04-03,rolling_mean_24h,6288,10.03576918999152,3
fold_3,2026-04-03,hist_gradient_boosting,6288,4.2935310477992665,3
fold_3,2026-04-03,latest_available,6288,11.106234096692113,3
fold_3,2026-04-04,previous_day_24h,6288,6.357665394402035,3
fold_3,2026-04-04,previous_week_168h,6288,5.028148854961832,3
fold_3,2026-04-04,zone_hour_average,6288,6.884482876636057,3
fold_3,2026-04-04,rolling_mean_24h,6288,11.9122203668363,3
fold_3,2026-04-04,hist_gradient_boosting,6288,4.267561801815819,3
fold_3,2026-04-04,latest_available,6288,12.649809160305344,3
fold_3,2026-04-05,previous_day_24h,6288,8.264631043256998,3
fold_3,2026-04-05,previous_week_168h,6288,5.528784987277354,3
fold_3,2026-04-05,zone_hour_average,6288,9.027805508789525,3
fold_3,2026-04-05,rolling_mean_24h,6288,11.94621368744699,3
fold_3,2026-04-05,hist_gradient_boosting,6288,5.420447105941144,3
fold_3,2026-04-05,latest_available,6288,13.834923664122137,3
fold_3,2026-04-06,previous_day_24h,6288,8.657919847328245,3
fold_3,2026-04-06,previous_week_168h,6288,3.336991094147583,3
fold_3,2026-04-06,zone_hour_average,6288,5.779308404805628,3
fold_3,2026-04-06,rolling_mean_24h,6288,10.195445027565734,3
fold_3,2026-04-06,hist_gradient_boosting,6288,3.5557663372579627,3
fold_3,2026-04-06,latest_available,6288,9.642652671755725,3
fold_3,2026-04-07,previous_day_24h,6288,5.220896946564886,3
fold_3,2026-04-07,previous_week_168h,6288,3.7943702290076335,3
fold_3,2026-04-07,zone_hour_average,6288,4.972958320965034,3
fold_3,2026-04-07,rolling_mean_24h,6288,11.922398483884649,3
fold_3,2026-04-07,hist_gradient_boosting,6288,3.3918175598435223,3
fold_3,2026-04-07,latest_available,6288,11.618320610687023,3
fold_3,2026-04-08,previous_day_24h,6288,3.3959923664122136,3
fold_3,2026-04-08,previous_week_168h,6288,4.685909669211196,3
fold_3,2026-04-08,zone_hour_average,6288,5.038056455153977,3
fold_3,2026-04-08,rolling_mean_24h,6288,11.802878498727736,3
fold_3,2026-04-08,hist_gradient_boosting,6288,3.279018916942013,3
fold_3,2026-04-08,latest_available,6288,13.336195928753181,3
fold_3,2026-04-09,previous_day_24h,6288,3.8624363867684477,3
fold_3,2026-04-09,previous_week_168h,6288,4.240458015267175,3
fold_3,2026-04-09,zone_hour_average,6288,5.054504133091135,3
fold_3,2026-04-09,rolling_mean_24h,6288,12.38503233672604,3
fold_3,2026-04-09,hist_gradient_boosting,6288,3.3519666956713694,3
fold_3,2026-04-09,latest_available,6288,13.303276081424936,3
fold_3,2026-04-10,previous_day_24h,6288,5.069974554707379,3
fold_3,2026-04-10,previous_week_168h,6288,5.374681933842239,3
fold_3,2026-04-10,zone_hour_average,6288,3.9554094235224255,3
fold_3,2026-04-10,rolling_mean_24h,6288,12.091019932145889,3
fold_3,2026-04-10,hist_gradient_boosting,6288,3.7919213064742676,3
fold_3,2026-04-10,latest_available,6288,13.477417302798981,3
fold_3,2026-04-11,previous_day_24h,6288,7.662213740458015,3
fold_3,2026-04-11,previous_week_168h,6288,5.403466921119593,3
fold_3,2026-04-11,zone_hour_average,6288,7.502508121217625,3
fold_3,2026-04-11,rolling_mean_24h,6288,13.235826176844784,3
fold_3,2026-04-11,hist_gradient_boosting,6288,4.588691713808979,3
fold_3,2026-04-11,latest_available,6288,14.413645038167939,3
fold_3,2026-04-12,previous_day_24h,6288,8.201335877862595,3
fold_3,2026-04-12,previous_week_168h,6288,5.556774809160306,3
fold_3,2026-04-12,zone_hour_average,6288,8.93409544518532,3
fold_3,2026-04-12,rolling_mean_24h,6288,12.711156170483461,3
fold_3,2026-04-12,hist_gradient_boosting,6288,4.155374657183221,3
fold_3,2026-04-12,latest_available,6288,14.268765903307887,3
fold_3,2026-04-13,previous_day_24h,6288,10.329357506361323,3
fold_3,2026-04-13,previous_week_168h,6288,3.7196246819338423,3
fold_3,2026-04-13,zone_hour_average,6288,5.861993221211045,3
fold_3,2026-04-13,rolling_mean_24h,6288,11.723918575063614,3
fold_3,2026-04-13,hist_gradient_boosting,6288,4.135228513783922,3
fold_3,2026-04-13,latest_available,6288,10.76972010178117,3
fold_3,2026-04-14,previous_day_24h,6288,5.133428753180661,3
fold_3,2026-04-14,previous_week_168h,6288,3.6181615776081424,3
fold_3,2026-04-14,zone_hour_average,6288,5.303531628636079,3
fold_3,2026-04-14,rolling_mean_24h,6288,12.18348441475827,3
fold_3,2026-04-14,hist_gradient_boosting,6288,3.240178701836394,3
fold_3,2026-04-14,latest_available,6288,12.147582697201019,3
fold_3,2026-04-15,previous_day_24h,6288,3.659033078880407,3
fold_3,2026-04-15,previous_week_168h,6288,4.094624681933842,3
fold_3,2026-04-15,zone_hour_average,6288,5.744823603041119,3
fold_3,2026-04-15,rolling_mean_24h,6288,12.741630884223918,3
fold_3,2026-04-15,hist_gradient_boosting,6288,3.214997139189095,3
fold_3,2026-04-15,latest_available,6288,14.053117048346056,3
fold_3,2026-04-16,previous_day_24h,6288,3.785941475826972,3
fold_3,2026-04-16,previous_week_168h,6288,4.2251908396946565,3
fold_3,2026-04-16,zone_hour_average,6288,6.094633624171597,3
fold_3,2026-04-16,rolling_mean_24h,6288,13.227298027989821,3
fold_3,2026-04-16,hist_gradient_boosting,6288,3.3785618318331005,3
fold_3,2026-04-16,latest_available,6288,14.536577608142494,3
fold_3,2026-04-17,previous_day_24h,6288,5.977735368956743,3
fold_3,2026-04-17,previous_week_168h,6288,4.621501272264631,3
fold_3,2026-04-17,zone_hour_average,6288,4.9463959273997755,3
fold_3,2026-04-17,rolling_mean_24h,6288,12.541288963104325,3
fold_3,2026-04-17,hist_gradient_boosting,6288,4.149417486462842,3
fold_3,2026-04-17,latest_available,6288,14.572360050890586,3
fold_3,2026-04-18,previous_day_24h,6288,8.638994910941475,3
fold_3,2026-04-18,previous_week_168h,6288,4.384860050890585,3
fold_3,2026-04-18,zone_hour_average,6288,8.04376110549961,3
fold_3,2026-04-18,rolling_mean_24h,6288,14.263358778625955,3
fold_3,2026-04-18,hist_gradient_boosting,6288,4.477537498089303,3
fold_3,2026-04-18,latest_available,6288,14.87118320610687,3
fold_3,2026-04-19,previous_day_24h,6288,9.430820610687023,3
fold_3,2026-04-19,previous_week_168h,6288,4.236800254452926,3
fold_3,2026-04-19,zone_hour_average,6288,9.368690293946337,3
fold_3,2026-04-19,rolling_mean_24h,6288,13.778871130195078,3
fold_3,2026-04-19,hist_gradient_boosting,6288,4.716700521354525,3
fold_3,2026-04-19,latest_available,6288,15.743320610687023,3
fold_3,2026-04-20,previous_day_24h,6288,11.329993638676845,3
fold_3,2026-04-20,previous_week_168h,6288,3.9244592875318065,3
fold_3,2026-04-20,zone_hour_average,6288,5.338145562548187,3
fold_3,2026-04-20,rolling_mean_24h,6288,12.661544476251061,3
fold_3,2026-04-20,hist_gradient_boosting,6288,4.417819962785243,3
fold_3,2026-04-20,latest_available,6288,11.521946564885496,3
fold_3,2026-04-21,previous_day_24h,6288,4.604961832061068,3
fold_3,2026-04-21,previous_week_168h,6288,3.4427480916030535,3
fold_3,2026-04-21,zone_hour_average,6288,5.89221559863928,3
fold_3,2026-04-21,rolling_mean_24h,6288,12.456173134011873,3
fold_3,2026-04-21,hist_gradient_boosting,6288,3.4268781298079536,3
fold_3,2026-04-21,latest_available,6288,13.551367684478372,3
fold_3,2026-04-22,previous_day_24h,6288,3.6685750636132317,3
fold_3,2026-04-22,previous_week_168h,6288,3.7919847328244276,3
fold_3,2026-04-22,zone_hour_average,6288,6.133348030542492,3
fold_3,2026-04-22,rolling_mean_24h,6288,12.553461620016963,3
fold_3,2026-04-22,hist_gradient_boosting,6288,3.5049995303186687,3
fold_3,2026-04-22,latest_available,6288,14.397264631043257,3
fold_3,2026-04-23,previous_day_24h,6288,4.228212468193385,3
fold_3,2026-04-23,previous_week_168h,6288,3.5020674300254453,3
fold_3,2026-04-23,zone_hour_average,6288,6.1771172304173625,3
fold_3,2026-04-23,rolling_mean_24h,6288,13.14018765903308,3
fold_3,2026-04-23,hist_gradient_boosting,6288,3.500712941390383,3
fold_3,2026-04-23,latest_available,6288,14.572360050890586,3
fold_3,2026-04-24,previous_day_24h,6288,5.6444020356234095,3
fold_3,2026-04-24,previous_week_168h,6288,4.237754452926208,3
fold_3,2026-04-24,zone_hour_average,6288,4.651871986168485,3
fold_3,2026-04-24,rolling_mean_24h,6288,12.33405560856658,3
fold_3,2026-04-24,hist_gradient_boosting,6288,3.766088362886906,3
fold_3,2026-04-24,latest_available,6288,14.12118320610687,3
fold_3,2026-04-25,previous_day_24h,6288,9.322678117048346,3
fold_3,2026-04-25,previous_week_168h,6288,5.362913486005089,3
fold_3,2026-04-25,zone_hour_average,6288,9.491281061140503,3
fold_3,2026-04-25,rolling_mean_24h,6288,15.364099607718407,3
fold_3,2026-04-25,hist_gradient_boosting,6288,5.519590702935851,3
fold_3,2026-04-25,latest_available,6288,16.064249363867685,3
fold_3,2026-04-26,previous_day_24h,6288,10.846851145038167,3
fold_3,2026-04-26,previous_week_168h,6288,4.43734096692112,3
fold_3,2026-04-26,zone_hour_average,6288,8.311050576418458,3
fold_3,2026-04-26,rolling_mean_24h,6288,13.020985740033929,3
fold_3,2026-04-26,hist_gradient_boosting,6288,4.524819738907904,3
fold_3,2026-04-26,latest_available,6288,13.942907124681934,3
fold_3,2026-04-27,previous_day_24h,6288,9.581106870229007,3
fold_3,2026-04-27,previous_week_168h,6288,3.7402989821882953,3
fold_3,2026-04-27,zone_hour_average,6288,5.435541668449691,3
fold_3,2026-04-27,rolling_mean_24h,6288,11.502034298134012,3
fold_3,2026-04-27,hist_gradient_boosting,6288,3.7873483858486505,3
fold_3,2026-04-27,latest_available,6288,10.695451653944021,3
fold_3,2026-04-28,previous_day_24h,6288,4.474554707379135,3
fold_3,2026-04-28,previous_week_168h,6288,3.5844465648854964,3
fold_3,2026-04-28,zone_hour_average,6288,5.389911500782894,3
fold_3,2026-04-28,rolling_mean_24h,6288,11.995215754877016,3
fold_3,2026-04-28,hist_gradient_boosting,6288,3.252521154807681,3
fold_3,2026-04-28,latest_available,6288,12.24618320610687,3
fold_3,2026-04-29,previous_day_24h,6288,4.549777353689567,3
fold_3,2026-04-29,previous_week_168h,6288,4.269720101781171,3
fold_3,2026-04-29,zone_hour_average,6288,6.138671376886296,3
fold_3,2026-04-29,rolling_mean_24h,6288,13.158960188719254,3
fold_3,2026-04-29,hist_gradient_boosting,6288,3.799540126733494,3
fold_3,2026-04-29,latest_available,6288,14.128021628498727,3
fold_3,2026-04-30,previous_day_24h,6288,4.3346055979643765,3
fold_3,2026-04-30,previous_week_168h,6288,3.614344783715013,3
fold_3,2026-04-30,zone_hour_average,6288,6.036909272065878,3
fold_3,2026-04-30,rolling_mean_24h,6288,12.807994062765056,3
fold_3,2026-04-30,hist_gradient_boosting,6288,3.6801290042781916,3
fold_3,2026-04-30,latest_available,6288,15.380089058524174,3
fold_1,2026-02-01,previous_day_24h,6288,7.771151399491094,6
fold_1,2026-02-01,previous_week_168h,6288,13.291666666666666,6
fold_1,2026-02-01,zone_hour_average,6288,8.349905865268461,6
fold_1,2026-02-01,rolling_mean_24h,6288,12.402943437234944,6
fold_1,2026-02-01,hist_gradient_boosting,6288,10.506512489171891,6
fold_1,2026-02-01,latest_available,6288,19.962945292620866,6
fold_1,2026-02-02,previous_day_24h,6288,10.690044529262087,6
fold_1,2026-02-02,previous_week_168h,6288,8.411577608142494,6
fold_1,2026-02-02,zone_hour_average,6288,5.741646426092991,6
fold_1,2026-02-02,rolling_mean_24h,6288,12.786855916030536,6
fold_1,2026-02-02,hist_gradient_boosting,6288,6.626730107582406,6
fold_1,2026-02-02,latest_available,6288,15.959446564885496,6
fold_1,2026-02-03,previous_day_24h,6288,4.5194020356234095,6
fold_1,2026-02-03,previous_week_168h,6288,4.7333015267175576,6
fold_1,2026-02-03,zone_hour_average,6288,5.653212789472331,6
fold_1,2026-02-03,rolling_mean_24h,6288,11.929680873621715,6
fold_1,2026-02-03,hist_gradient_boosting,6288,3.8885355242346007,6
fold_1,2026-02-03,latest_available,6288,18.18050254452926,6
fold_1,2026-02-04,previous_day_24h,6288,3.8256997455470736,6
fold_1,2026-02-04,previous_week_168h,6288,4.029580152671755,6
fold_1,2026-02-04,zone_hour_average,6288,5.6720924255275404,6
fold_1,2026-02-04,rolling_mean_24h,6288,12.36319179389313,6
fold_1,2026-02-04,hist_gradient_boosting,6288,3.552922825788813,6
fold_1,2026-02-04,latest_available,6288,19.53196564885496,6
fold_1,2026-02-05,previous_day_24h,6288,3.6477417302798982,6
fold_1,2026-02-05,previous_week_168h,6288,4.101145038167939,6
fold_1,2026-02-05,zone_hour_average,6288,5.470395323035273,6
fold_1,2026-02-05,rolling_mean_24h,6288,12.462130248091603,6
fold_1,2026-02-05,hist_gradient_boosting,6288,3.712286422014703,6
fold_1,2026-02-05,latest_available,6288,20.150445292620866,6
fold_1,2026-02-06,previous_day_24h,6288,5.323473282442748,6
fold_1,2026-02-06,previous_week_168h,6288,4.801367684478372,6
fold_1,2026-02-06,zone_hour_average,6288,4.9132333727435515,6
fold_1,2026-02-06,rolling_mean_24h,6288,11.995434425360475,6
fold_1,2026-02-06,hist_gradient_boosting,6288,4.379545051969744,6
fold_1,2026-02-06,latest_available,6288,19.35034987277354,6
fold_1,2026-02-07,previous_day_24h,6288,9.028307888040713,6
fold_1,2026-02-07,previous_week_168h,6288,4.656965648854962,6
fold_1,2026-02-07,zone_hour_average,6288,8.846813769587305,6
fold_1,2026-02-07,rolling_mean_24h,6288,14.183358513570822,6
fold_1,2026-02-07,hist_gradient_boosting,6288,5.011188130293648,6
fold_1,2026-02-07,latest_available,6288,21.936068702290076,6
fold_1,2026-02-08,previous_day_24h,6288,8.229802798982188,6
fold_1,2026-02-08,previous_week_168h,6288,5.907283715012722,6
fold_1,2026-02-08,zone_hour_average,6288,8.64252715878034,6
fold_1,2026-02-08,rolling_mean_24h,6288,12.988046013570822,6
fold_1,2026-02-08,hist_gradient_boosting,6288,5.710330275400778,6
fold_1,2026-02-08,latest_available,6288,20.495388040712466,6
fold_1,2026-02-09,previous_day_24h,6288,11.940521628498727,6
fold_1,2026-02-09,previous_week_168h,6288,3.84764631043257,6
fold_1,2026-02-09,zone_hour_average,6288,6.398169888023577,6
fold_1,2026-02-09,rolling_mean_24h,6288,12.760926897794738,6
fold_1,2026-02-09,hist_gradient_boosting,6288,5.352737641907213,6
fold_1,2026-02-09,latest_available,6288,17.12945292620865,6
fold_1,2026-02-10,previous_day_24h,6288,4.856075063613232,6
fold_1,2026-02-10,previous_week_168h,6288,3.760973282442748,6
fold_1,2026-02-10,zone_hour_average,6288,5.925484167373481,6
fold_1,2026-02-10,rolling_mean_24h,6288,12.347321617896522,6
fold_1,2026-02-10,hist_gradient_boosting,6288,3.8254385185643747,6
fold_1,2026-02-10,latest_available,6288,17.539917302798983,6
fold_1,2026-02-11,previous_day_24h,6288,3.8037531806615776,6
fold_1,2026-02-11,previous_week_168h,6288,3.619433842239186,6
fold_1,2026-02-11,zone_hour_average,6288,6.060465019148225,6
fold_1,2026-02-11,rolling_mean_24h,6288,12.476191422815944,6
fold_1,2026-02-11,hist_gradient_boosting,6288,3.451828395016709,6
fold_1,2026-02-11,latest_available,6288,19.59367048346056,6
fold_1,2026-02-12,previous_day_24h,6288,4.263040712468193,6
fold_1,2026-02-12,previous_week_168h,6288,3.866412213740458,6
fold_1,2026-02-12,zone_hour_average,6288,6.4344222547784895,6
fold_1,2026-02-12,rolling_mean_24h,6288,13.505645674300254,6
fold_1,2026-02-12,hist_gradient_boosting,6288,3.714359148457962,6
fold_1,2026-02-12,latest_available,6288,21.01940203562341,6
fold_1,2026-02-13,previous_day_24h,6288,5.986800254452926,6
fold_1,2026-02-13,previous_week_168h,6288,4.314408396946565,6
fold_1,2026-02-13,zone_hour_average,6288,4.955018377155782,6
fold_1,2026-02-13,rolling_mean_24h,6288,12.534066210771842,6
fold_1,2026-02-13,hist_gradient_boosting,6288,4.303914441290924,6
fold_1,2026-02-13,latest_available,6288,20.771946564885496,6
fold_1,2026-02-14,previous_day_24h,6288,8.232029262086513,6
fold_1,2026-02-14,previous_week_168h,6288,6.125318066157761,6
fold_1,2026-02-14,zone_hour_average,6288,7.424585871437015,6
fold_1,2026-02-14,rolling_mean_24h,6288,12.846002968617471,6
fold_1,2026-02-14,hist_gradient_boosting,6288,5.445739001969057,6
fold_1,2026-02-14,latest_available,6288,20.298187022900763,6
fold_1,2026-02-15,previous_day_24h,6288,6.163645038167939,6
fold_1,2026-02-15,previous_week_168h,6288,6.741730279898219,6
fold_1,2026-02-15,zone_hour_average,6288,7.812601738333291,6
fold_1,2026-02-15,rolling_mean_24h,6288,10.797338846480066,6
fold_1,2026-02-15,hist_gradient_boosting,6288,4.868059839361761,6
fold_1,2026-02-15,latest_available,6288,18.328244274809162,6
fold_1,2026-02-16,previous_day_24h,6288,7.034351145038168,6
fold_1,2026-02-16,previous_week_168h,6288,7.604643765903308,6
fold_1,2026-02-16,zone_hour_average,6288,7.670764900917573,6
fold_1,2026-02-16,rolling_mean_24h,6288,9.625457220101781,6
fold_1,2026-02-16,hist_gradient_boosting,6288,5.673344948120665,6
fold_1,2026-02-16,latest_available,6288,13.214058524173028,6
fold_1,2026-02-17,previous_day_24h,6288,6.465489821882952,6
fold_1,2026-02-17,previous_week_168h,6288,4.902671755725191,6
fold_1,2026-02-17,zone_hour_average,6288,5.547310145560782,6
fold_1,2026-02-17,rolling_mean_24h,6288,10.979935326547924,6
fold_1,2026-02-17,hist_gradient_boosting,6288,3.7988319722002677,6
fold_1,2026-02-17,latest_available,6288,14.323632315521628,6
fold_1,2026-02-18,previous_day_24h,6288,4.743797709923665,6
fold_1,2026-02-18,previous_week_168h,6288,4.053912213740458,6
fold_1,2026-02-18,zone_hour_average,6288,5.592702041620616,6
fold_1,2026-02-18,rolling_mean_24h,6288,11.795105756997456,6
fold_1,2026-02-18,hist_gradient_boosting,6288,3.5250874012669806,6
fold_1,2026-02-18,latest_available,6288,17.606711195928753,6
fold_1,2026-02-19,previous_day_24h,6288,3.965330788804071,6
fold_1,2026-02-19,previous_week_168h,6288,4.654421119592875,6
fold_1,2026-02-19,zone_hour_average,6288,5.060302130721978,6
fold_1,2026-02-19,rolling_mean_24h,6288,11.997395833333334,6
fold_1,2026-02-19,hist_gradient_boosting,6288,4.2757267427683265,6
fold_1,2026-02-19,latest_available,6288,19.228848600508904,6
fold_1,2026-02-20,previous_day_24h,6288,5.013994910941475,6
fold_1,2026-02-20,previous_week_168h,6288,4.7694020356234095,6
fold_1,2026-02-20,zone_hour_average,6288,4.389278707344865,6
fold_1,2026-02-20,rolling_mean_24h,6288,11.763345525869381,6
fold_1,2026-02-20,hist_gradient_boosting,6288,4.31371624410635,6
fold_1,2026-02-20,latest_available,6288,19.419052162849873,6
fold_1,2026-02-21,previous_day_24h,6288,8.383110687022901,6
fold_1,2026-02-21,previous_week_168h,6288,4.4726463104325695,6
fold_1,2026-02-21,zone_hour_average,6288,7.340645320893413,6
fold_1,2026-02-21,rolling_mean_24h,6288,13.3340953668363,6
fold_1,2026-02-21,hist_gradient_boosting,6288,4.349252254173461,6
fold_1,2026-02-21,latest_available,6288,20.00333969465649,6
fold_1,2026-02-22,previous_day_24h,6288,11.549936386768447,6
fold_1,2026-02-22,previous_week_168h,6288,7.832220101781171,6
fold_1,2026-02-22,zone_hour_average,6288,12.379284361854337,6
fold_1,2026-02-22,rolling_mean_24h,6288,12.643812287955896,6
fold_1,2026-02-22,hist_gradient_boosting,6288,7.347484610012206,6
fold_1,2026-02-22,latest_available,6288,16.630248091603054,6
fold_1,2026-02-23,previous_day_24h,6288,10.832538167938932,6
fold_1,2026-02-23,previous_week_168h,6288,10.50381679389313,6
fold_1,2026-02-23,zone_hour_average,6288,16.489483469127237,6
fold_1,2026-02-23,rolling_mean_24h,6288,8.685969306615776,6
fold_1,2026-02-23,hist_gradient_boosting,6288,9.350713710975763,6
fold_1,2026-02-23,latest_available,6288,5.402989821882952,6
fold_1,2026-02-24,previous_day_24h,6288,13.209128498727736,6
fold_1,2026-02-24,previous_week_168h,6288,4.995229007633588,6
fold_1,2026-02-24,zone_hour_average,6288,6.5450267089898135,6
fold_1,2026-02-24,rolling_mean_24h,6288,13.032502385496183,6
fold_1,2026-02-24,hist_gradient_boosting,6288,6.733918789606366,6
fold_1,2026-02-24,latest_available,6288,13.011132315521628,6
fold_1,2026-02-25,previous_day_24h,6288,4.88279262086514,6
fold_1,2026-02-25,previous_week_168h,6288,4.6211832061068705,6
fold_1,2026-02-25,zone_hour_average,6288,6.093652170560568,6
fold_1,2026-02-25,rolling_mean_24h,6288,11.26004558948261,6
fold_1,2026-02-25,hist_gradient_boosting,6288,3.8817055168700914,6
fold_1,2026-02-25,latest_available,6288,18.49252544529262,6
fold_1,2026-02-26,previous_day_24h,6288,4.359096692111959,6
fold_1,2026-02-26,previous_week_168h,6288,4.161895674300254,6
fold_1,2026-02-26,zone_hour_average,6288,5.879568907908603,6
fold_1,2026-02-26,rolling_mean_24h,6288,12.599872773536896,6
fold_1,2026-02-26,hist_gradient_boosting,6288,3.657913617050646,6
fold_1,2026-02-26,latest_available,6288,19.876272264631044,6
fold_1,2026-02-27,previous_day_24h,6288,5.7264631043257,6
fold_1,2026-02-27,previous_week_168h,6288,4.951653944020356,6
fold_1,2026-02-27,zone_hour_average,6288,5.5760680383135846,6
fold_1,2026-02-27,rolling_mean_24h,6288,12.858467186174725,6
fold_1,2026-02-27,hist_gradient_boosting,6288,4.230774675861455,6
fold_1,2026-02-27,latest_available,6288,20.432410941475826,6
fold_1,2026-02-28,previous_day_24h,6288,8.569338422391857,6
fold_1,2026-02-28,previous_week_168h,6288,4.100031806615776,6
fold_1,2026-02-28,zone_hour_average,6288,7.781018304332554,6
fold_1,2026-02-28,rolling_mean_24h,6288,13.079324374469891,6
fold_1,2026-02-28,hist_gradient_boosting,6288,4.525533818202073,6
fold_1,2026-02-28,latest_available,6288,20.923346055979643,6
fold_2,2026-03-01,previous_day_24h,6288,8.141857506361323,6
fold_2,2026-03-01,previous_week_168h,6288,6.509701017811705,6
fold_2,2026-03-01,zone_hour_average,6288,9.246835508109518,6
fold_2,2026-03-01,rolling_mean_24h,6288,12.31425599024597,6
fold_2,2026-03-01,hist_gradient_boosting,6288,4.690214086051788,6
fold_2,2026-03-01,latest_available,6288,18.81202290076336,6
fold_2,2026-03-02,previous_day_24h,6288,11.186545801526718,6
fold_2,2026-03-02,previous_week_168h,6288,14.819497455470739,6
fold_2,2026-03-02,zone_hour_average,6288,5.861048410734727,6
fold_2,2026-03-02,rolling_mean_24h,6288,13.434610899067007,6
fold_2,2026-03-02,hist_gradient_boosting,6288,9.923444995640839,6
fold_2,2026-03-02,latest_available,6288,15.834923664122137,6
fold_2,2026-03-03,previous_day_24h,6288,5.721533078880407,6
fold_2,2026-03-03,previous_week_168h,6288,6.914599236641221,6
fold_2,2026-03-03,zone_hour_average,6288,6.817095649400806,6
fold_2,2026-03-03,rolling_mean_24h,6288,13.897708598388464,6
fold_2,2026-03-03,hist_gradient_boosting,6288,4.906640687923404,6
fold_2,2026-03-03,latest_available,6288,19.982347328244273,6
fold_2,2026-03-04,previous_day_24h,6288,4.185114503816794,6
fold_2,2026-03-04,previous_week_168h,6288,4.804389312977099,6
fold_2,2026-03-04,zone_hour_average,6288,5.7097514522809165,6
fold_2,2026-03-04,rolling_mean_24h,6288,12.064196352841392,6
fold_2,2026-03-04,hist_gradient_boosting,6288,3.756511156316434,6
fold_2,2026-03-04,latest_available,6288,20.567430025445294,6
fold_2,2026-03-05,previous_day_24h,6288,5.864821882951654,6
fold_2,2026-03-05,previous_week_168h,6288,5.6720737913486,6
fold_2,2026-03-05,zone_hour_average,6288,7.909698653111795,6
fold_2,2026-03-05,rolling_mean_24h,6288,14.819808895250212,6
fold_2,2026-03-05,hist_gradient_boosting,6288,5.177557895600293,6
fold_2,2026-03-05,latest_available,6288,21.92589058524173,6
fold_2,2026-03-06,previous_day_24h,6288,6.952290076335878,6
fold_2,2026-03-06,previous_week_168h,6288,4.2487277353689565,6
fold_2,2026-03-06,zone_hour_average,6288,4.580531491073211,6
fold_2,2026-03-06,rolling_mean_24h,6288,12.300996607294318,6
fold_2,2026-03-06,hist_gradient_boosting,6288,4.132110917492155,6
fold_2,2026-03-06,latest_available,6288,21.71533078880407,6
fold_2,2026-03-07,previous_day_24h,6288,8.306933842239186,6
fold_2,2026-03-07,previous_week_168h,6288,3.9309796437659035,6
fold_2,2026-03-07,zone_hour_average,6288,7.118440107478882,6
fold_2,2026-03-07,rolling_mean_24h,6288,12.655097010178118,6
fold_2,2026-03-07,hist_gradient_boosting,6288,3.9237469281478004,6
fold_2,2026-03-07,latest_available,6288,19.709128498727736,6
fold_2,2026-03-08,previous_day_24h,6026,8.185529372718221,6
fold_2,2026-03-08,previous_week_168h,6026,4.766843677397942,6
fold_2,2026-03-08,zone_hour_average,6026,9.582896438871657,6
fold_2,2026-03-08,rolling_mean_24h,6026,11.831950436995243,6
fold_2,2026-03-08,hist_gradient_boosting,6026,5.230184944626908,6
fold_2,2026-03-08,latest_available,6026,18.64885496183206,6
fold_2,2026-03-09,previous_day_24h,6288,11.571087786259541,6
fold_2,2026-03-09,previous_week_168h,6288,5.4336832061068705,6
fold_2,2026-03-09,zone_hour_average,6288,5.64911587328648,6
fold_2,2026-03-09,rolling_mean_24h,6288,12.737277353689565,6
fold_2,2026-03-09,hist_gradient_boosting,6288,5.16092944505711,6
fold_2,2026-03-09,latest_available,6288,15.10543893129771,6
fold_2,2026-03-10,previous_day_24h,6288,5.694815521628499,6
fold_2,2026-03-10,previous_week_168h,6288,6.075381679389313,6
fold_2,2026-03-10,zone_hour_average,6288,5.8444065313572295,6
fold_2,2026-03-10,rolling_mean_24h,6288,12.927056827820188,6
fold_2,2026-03-10,hist_gradient_boosting,6288,4.456331048116028,6
fold_2,2026-03-10,latest_available,6288,18.391062340966922,6
fold_2,2026-03-11,previous_day_24h,6288,3.915235368956743,6
fold_2,2026-03-11,previous_week_168h,6288,5.692589058524173,6
fold_2,2026-03-11,zone_hour_average,6288,6.010931222562938,6
fold_2,2026-03-11,rolling_mean_24h,6288,12.49126643341815,6
fold_2,2026-03-11,hist_gradient_boosting,6288,4.19755862305793,6
fold_2,2026-03-11,latest_available,6288,20.647105597964376,6
fold_2,2026-03-12,previous_day_24h,6288,6.169211195928753,6
fold_2,2026-03-12,previous_week_168h,6288,8.12833969465649,6
fold_2,2026-03-12,zone_hour_average,6288,8.454005558633716,6
fold_2,2026-03-12,rolling_mean_24h,6288,15.04329675572519,6
fold_2,2026-03-12,hist_gradient_boosting,6288,6.099806699095942,6
fold_2,2026-03-12,latest_available,6288,22.815044529262085,6
fold_2,2026-03-13,previous_day_24h,6288,6.8945610687022905,6
fold_2,2026-03-13,previous_week_168h,6288,6.842080152671755,6
fold_2,2026-03-13,zone_hour_average,6288,5.805954828436816,6
fold_2,2026-03-13,rolling_mean_24h,6288,13.570537796861748,6
fold_2,2026-03-13,hist_gradient_boosting,6288,4.975336155837583,6
fold_2,2026-03-13,latest_available,6288,22.06297709923664,6
fold_2,2026-03-14,previous_day_24h,6288,9.213263358778626,6
fold_2,2026-03-14,previous_week_168h,6288,6.754452926208652,6
fold_2,2026-03-14,zone_hour_average,6288,7.889351345056264,6
fold_2,2026-03-14,rolling_mean_24h,6288,13.763796119592875,6
fold_2,2026-03-14,hist_gradient_boosting,6288,5.465853042615001,6
fold_2,2026-03-14,latest_available,6288,21.426685750636132,6
fold_2,2026-03-15,previous_day_24h,6288,8.838899491094148,6
fold_2,2026-03-15,previous_week_168h,6288,5.63263358778626,6
fold_2,2026-03-15,zone_hour_average,6288,8.413892116595223,6
fold_2,2026-03-15,rolling_mean_24h,6288,12.737423134011875,6
fold_2,2026-03-15,hist_gradient_boosting,6288,4.979132849527048,6
fold_2,2026-03-15,latest_available,6288,20.11673027989822,6
fold_2,2026-03-16,previous_day_24h,6288,11.356552162849873,6
fold_2,2026-03-16,previous_week_168h,6288,4.616889312977099,6
fold_2,2026-03-16,zone_hour_average,6288,6.503910774357905,6
fold_2,2026-03-16,rolling_mean_24h,6288,13.48247322943172,6
fold_2,2026-03-16,hist_gradient_boosting,6288,5.439631727141931,6
fold_2,2026-03-16,latest_available,6288,16.34033078880407,6
fold_2,2026-03-17,previous_day_24h,6288,6.0481870229007635,6
fold_2,2026-03-17,previous_week_168h,6288,4.511291348600509,6
fold_2,2026-03-17,zone_hour_average,6288,6.217991777200032,6
fold_2,2026-03-17,rolling_mean_24h,6288,13.22782151187447,6
fold_2,2026-03-17,hist_gradient_boosting,6288,4.411571837787149,6
fold_2,2026-03-17,latest_available,6288,19.146946564885496,6
fold_2,2026-03-18,previous_day_24h,6288,5.211195928753181,6
fold_2,2026-03-18,previous_week_168h,6288,4.212786259541985,6
fold_2,2026-03-18,zone_hour_average,6288,6.824722133740697,6
fold_2,2026-03-18,rolling_mean_24h,6288,12.957611058100087,6
fold_2,2026-03-18,hist_gradient_boosting,6288,4.236021498600762,6
fold_2,2026-03-18,latest_available,6288,21.46230916030534,6
fold_2,2026-03-19,previous_day_24h,6288,4.522423664122138,6
fold_2,2026-03-19,previous_week_168h,6288,5.117843511450381,6
fold_2,2026-03-19,zone_hour_average,6288,7.067770243139754,6
fold_2,2026-03-19,rolling_mean_24h,6288,14.353378127650549,6
fold_2,2026-03-19,hist_gradient_boosting,6288,4.162193243724449,6
fold_2,2026-03-19,latest_available,6288,22.10194020356234,6
fold_2,2026-03-20,previous_day_24h,6288,6.86704834605598,6
fold_2,2026-03-20,previous_week_168h,6288,5.125,6
fold_2,2026-03-20,zone_hour_average,6288,5.114085180790187,6
fold_2,2026-03-20,rolling_mean_24h,6288,13.143646628498727,6
fold_2,2026-03-20,hist_gradient_boosting,6288,4.7733079688603794,6
fold_2,2026-03-20,latest_available,6288,21.245229007633586,6
fold_2,2026-03-21,previous_day_24h,6288,8.266539440203562,6
fold_2,2026-03-21,previous_week_168h,6288,4.784192111959287,6
fold_2,2026-03-21,zone_hour_average,6288,7.853032545374199,6
fold_2,2026-03-21,rolling_mean_24h,6288,12.651015161153522,6
fold_2,2026-03-21,hist_gradient_boosting,6288,4.573196446989648,6
fold_2,2026-03-21,latest_available,6288,20.611323155216287,6
fold_2,2026-03-22,previous_day_24h,6288,7.769083969465649,6
fold_2,2026-03-22,previous_week_168h,6288,4.964058524173028,6
fold_2,2026-03-22,zone_hour_average,6288,9.026330419424859,6
fold_2,2026-03-22,rolling_mean_24h,6288,11.819895038167939,6
fold_2,2026-03-22,hist_gradient_boosting,6288,4.461657784871699,6
fold_2,2026-03-22,latest_available,6288,18.672391857506362,6
fold_2,2026-03-23,previous_day_24h,6288,10.903784987277353,6
fold_2,2026-03-23,previous_week_168h,6288,4.822678117048346,6
fold_2,2026-03-23,zone_hour_average,6288,6.530418546275962,6
fold_2,2026-03-23,rolling_mean_24h,6288,12.650564567430026,6
fold_2,2026-03-23,hist_gradient_boosting,6288,4.944679395508416,6
fold_2,2026-03-23,latest_available,6288,15.714217557251908,6
fold_2,2026-03-24,previous_day_24h,6288,4.770674300254453,6
fold_2,2026-03-24,previous_week_168h,6288,5.056615776081425,6
fold_2,2026-03-24,zone_hour_average,6288,5.3452151091799704,6
fold_2,2026-03-24,rolling_mean_24h,6288,11.746998250636132,6
fold_2,2026-03-24,hist_gradient_boosting,6288,3.730164150220372,6
fold_2,2026-03-24,latest_available,6288,16.982347328244273,6
fold_2,2026-03-25,previous_day_24h,6288,3.427003816793893,6
fold_2,2026-03-25,previous_week_168h,6288,5.239662849872774,6
fold_2,2026-03-25,zone_hour_average,6288,5.237853667509359,6
fold_2,2026-03-25,rolling_mean_24h,6288,11.10893765903308,6
fold_2,2026-03-25,hist_gradient_boosting,6288,3.63280264396402,6
fold_2,2026-03-25,latest_available,6288,18.162531806615775,6
fold_2,2026-03-26,previous_day_24h,6288,4.286895674300254,6
fold_2,2026-03-26,previous_week_168h,6288,5.486323155216285,6
fold_2,2026-03-26,zone_hour_average,6288,5.18505571345146,6
fold_2,2026-03-26,rolling_mean_24h,6288,11.922988231552162,6
fold_2,2026-03-26,hist_gradient_boosting,6288,3.9242780199436393,6
fold_2,2026-03-26,latest_available,6288,18.45753816793893,6
fold_2,2026-03-27,previous_day_24h,6288,5.451017811704834,6
fold_2,2026-03-27,previous_week_168h,6288,5.278944020356234,6
fold_2,2026-03-27,zone_hour_average,6288,4.029557253403859,6
fold_2,2026-03-27,rolling_mean_24h,6288,10.951488284563188,6
fold_2,2026-03-27,hist_gradient_boosting,6288,4.171179461518677,6
fold_2,2026-03-27,latest_available,6288,18.0243320610687,6
fold_2,2026-03-28,previous_day_24h,6288,7.508746819338422,6
fold_2,2026-03-28,previous_week_168h,6288,4.426685750636132,6
fold_2,2026-03-28,zone_hour_average,6288,7.609904428737105,6
fold_2,2026-03-28,rolling_mean_24h,6288,12.53093193384224,6
fold_2,2026-03-28,hist_gradient_boosting,6288,4.320793586293338,6
fold_2,2026-03-28,latest_available,6288,19.500954198473284,6
fold_2,2026-03-29,previous_day_24h,6288,7.5613867684478375,6
fold_2,2026-03-29,previous_week_168h,6288,3.8427162849872776,6
fold_2,2026-03-29,zone_hour_average,6288,9.132524839630351,6
fold_2,2026-03-29,rolling_mean_24h,6288,11.942396893553857,6
fold_2,2026-03-29,hist_gradient_boosting,6288,4.057250958330012,6
fold_2,2026-03-29,latest_available,6288,18.702131043256998,6
fold_2,2026-03-30,previous_day_24h,6288,9.42223282442748,6
fold_2,2026-03-30,previous_week_168h,6288,4.003339694656488,6
fold_2,2026-03-30,zone_hour_average,6288,5.651189144961899,6
fold_2,2026-03-30,rolling_mean_24h,6288,11.640790659457167,6
fold_2,2026-03-30,hist_gradient_boosting,6288,3.760389777349307,6
fold_2,2026-03-30,latest_available,6288,14.205311704834605,6
fold_2,2026-03-31,previous_day_24h,6288,4.164917302798982,6
fold_2,2026-03-31,previous_week_168h,6288,3.5505725190839694,6
fold_2,2026-03-31,zone_hour_average,6288,4.756161772392119,6
fold_2,2026-03-31,rolling_mean_24h,6288,11.169396734520781,6
fold_2,2026-03-31,hist_gradient_boosting,6288,3.1143941684504797,6
fold_2,2026-03-31,latest_available,6288,16.19163486005089,6
fold_3,2026-04-01,previous_day_24h,6288,3.969465648854962,6
fold_3,2026-04-01,previous_week_168h,6288,4.2616094147582695,6
fold_3,2026-04-01,zone_hour_average,6288,4.746603165892632,6
fold_3,2026-04-01,rolling_mean_24h,6288,10.212779633163699,6
fold_3,2026-04-01,hist_gradient_boosting,6288,3.758380940994151,6
fold_3,2026-04-01,latest_available,6288,16.712786259541986,6
fold_3,2026-04-02,previous_day_24h,6288,4.099872773536895,6
fold_3,2026-04-02,previous_week_168h,6288,4.398059796437659,6
fold_3,2026-04-02,zone_hour_average,6288,4.119788243691896,6
fold_3,2026-04-02,rolling_mean_24h,6288,11.165248621713316,6
fold_3,2026-04-02,hist_gradient_boosting,6288,3.58194254735639,6
fold_3,2026-04-02,latest_available,6288,16.982029262086513,6
fold_3,2026-04-03,previous_day_24h,6288,5.586513994910941,6
fold_3,2026-04-03,previous_week_168h,6288,4.7460241730279895,6
fold_3,2026-04-03,zone_hour_average,6288,4.448004178818392,6
fold_3,2026-04-03,rolling_mean_24h,6288,9.823347381255301,6
fold_3,2026-04-03,hist_gradient_boosting,6288,4.370917155973158,6
fold_3,2026-04-03,latest_available,6288,16.301685750636132,6
fold_3,2026-04-04,previous_day_24h,6288,6.357665394402035,6
fold_3,2026-04-04,previous_week_168h,6288,5.028148854961832,6
fold_3,2026-04-04,zone_hour_average,6288,6.884482876636057,6
fold_3,2026-04-04,rolling_mean_24h,6288,11.867498939779473,6
fold_3,2026-04-04,hist_gradient_boosting,6288,4.256490092516833,6
fold_3,2026-04-04,latest_available,6288,17.459287531806616,6
fold_3,2026-04-05,previous_day_24h,6288,8.264631043256998,6
fold_3,2026-04-05,previous_week_168h,6288,5.528784987277354,6
fold_3,2026-04-05,zone_hour_average,6288,9.027805508789525,6
fold_3,2026-04-05,rolling_mean_24h,6288,12.082471904156064,6
fold_3,2026-04-05,hist_gradient_boosting,6288,5.473087579430442,6
fold_3,2026-04-05,latest_available,6288,19.30900127226463,6
fold_3,2026-04-06,previous_day_24h,6288,8.657919847328245,6
fold_3,2026-04-06,previous_week_168h,6288,3.336991094147583,6
fold_3,2026-04-06,zone_hour_average,6288,5.779308404805628,6
fold_3,2026-04-06,rolling_mean_24h,6288,10.74544767811705,6
fold_3,2026-04-06,hist_gradient_boosting,6288,3.6359619407091404,6
fold_3,2026-04-06,latest_available,6288,13.523695928753181,6
fold_3,2026-04-07,previous_day_24h,6288,5.220896946564886,6
fold_3,2026-04-07,previous_week_168h,6288,3.7943702290076335,6
fold_3,2026-04-07,zone_hour_average,6288,4.972958320965034,6
fold_3,2026-04-07,rolling_mean_24h,6288,11.992127862595419,6
fold_3,2026-04-07,hist_gradient_boosting,6288,3.496310834054211,6
fold_3,2026-04-07,latest_available,6288,16.664917302798983,6
fold_3,2026-04-08,previous_day_24h,6288,3.3959923664122136,6
fold_3,2026-04-08,previous_week_168h,6288,4.685909669211196,6
fold_3,2026-04-08,zone_hour_average,6288,5.038056455153977,6
fold_3,2026-04-08,rolling_mean_24h,6288,11.640287054707379,6
fold_3,2026-04-08,hist_gradient_boosting,6288,3.2776350532891767,6
fold_3,2026-04-08,latest_available,6288,18.921437659033078,6
fold_3,2026-04-09,previous_day_24h,6288,3.8624363867684477,6
fold_3,2026-04-09,previous_week_168h,6288,4.240458015267175,6
fold_3,2026-04-09,zone_hour_average,6288,5.054504133091135,6
fold_3,2026-04-09,rolling_mean_24h,6288,12.35823526293469,6
fold_3,2026-04-09,hist_gradient_boosting,6288,3.3834491283975323,6
fold_3,2026-04-09,latest_available,6288,19.130089058524174,6
fold_3,2026-04-10,previous_day_24h,6288,5.069974554707379,6
fold_3,2026-04-10,previous_week_168h,6288,5.374681933842239,6
fold_3,2026-04-10,zone_hour_average,6288,3.9554094235224255,6
fold_3,2026-04-10,rolling_mean_24h,6288,11.889531647582697,6
fold_3,2026-04-10,hist_gradient_boosting,6288,3.9053909322938942,6
fold_3,2026-04-10,latest_available,6288,19.184955470737915,6
fold_3,2026-04-11,previous_day_24h,6288,7.662213740458015,6
fold_3,2026-04-11,previous_week_168h,6288,5.403466921119593,6
fold_3,2026-04-11,zone_hour_average,6288,7.502508121217625,6
fold_3,2026-04-11,rolling_mean_24h,6288,13.043734096692113,6
fold_3,2026-04-11,hist_gradient_boosting,6288,4.6591748780750475,6
fold_3,2026-04-11,latest_available,6288,20.549936386768447,6
fold_3,2026-04-12,previous_day_24h,6288,8.201335877862595,6
fold_3,2026-04-12,previous_week_168h,6288,5.556774809160306,6
fold_3,2026-04-12,zone_hour_average,6288,8.93409544518532,6
fold_3,2026-04-12,rolling_mean_24h,6288,12.749052427905003,6
fold_3,2026-04-12,hist_gradient_boosting,6288,4.40643925902511,6
fold_3,2026-04-12,latest_available,6288,20.14472010178117,6
fold_3,2026-04-13,previous_day_24h,6288,10.329357506361323,6
fold_3,2026-04-13,previous_week_168h,6288,3.7196246819338423,6
fold_3,2026-04-13,zone_hour_average,6288,5.861993221211045,6
fold_3,2026-04-13,rolling_mean_24h,6288,12.578052109838845,6
fold_3,2026-04-13,hist_gradient_boosting,6288,4.294101787647018,6
fold_3,2026-04-13,latest_available,6288,15.3441475826972,6
fold_3,2026-04-14,previous_day_24h,6288,5.133428753180661,6
fold_3,2026-04-14,previous_week_168h,6288,3.6181615776081424,6
fold_3,2026-04-14,zone_hour_average,6288,5.303531628636079,6
fold_3,2026-04-14,rolling_mean_24h,6288,12.216106075063614,6
fold_3,2026-04-14,hist_gradient_boosting,6288,3.3049949549095077,6
fold_3,2026-04-14,latest_available,6288,17.485209923664122,6
fold_3,2026-04-15,previous_day_24h,6288,3.659033078880407,6
fold_3,2026-04-15,previous_week_168h,6288,4.094624681933842,6
fold_3,2026-04-15,zone_hour_average,6288,5.744823603041119,6
fold_3,2026-04-15,rolling_mean_24h,6288,12.64130751696353,6
fold_3,2026-04-15,hist_gradient_boosting,6288,3.2394513363805073,6
fold_3,2026-04-15,latest_available,6288,19.857824427480917,6
fold_3,2026-04-16,previous_day_24h,6288,3.785941475826972,6
fold_3,2026-04-16,previous_week_168h,6288,4.2251908396946565,6
fold_3,2026-04-16,zone_hour_average,6288,6.094633624171597,6
fold_3,2026-04-16,rolling_mean_24h,6288,13.195935379558948,6
fold_3,2026-04-16,hist_gradient_boosting,6288,3.330728136300817,6
fold_3,2026-04-16,latest_available,6288,20.692430025445294,6
fold_3,2026-04-17,previous_day_24h,6288,5.977735368956743,6
fold_3,2026-04-17,previous_week_168h,6288,4.621501272264631,6
fold_3,2026-04-17,zone_hour_average,6288,4.9463959273997755,6
fold_3,2026-04-17,rolling_mean_24h,6288,12.354796172603903,6
fold_3,2026-04-17,hist_gradient_boosting,6288,4.061508538944184,6
fold_3,2026-04-17,latest_available,6288,20.48823155216285,6
fold_3,2026-04-18,previous_day_24h,6288,8.638994910941475,6
fold_3,2026-04-18,previous_week_168h,6288,4.384860050890585,6
fold_3,2026-04-18,zone_hour_average,6288,8.04376110549961,6
fold_3,2026-04-18,rolling_mean_24h,6288,13.977549830364717,6
fold_3,2026-04-18,hist_gradient_boosting,6288,4.58514022244646,6
fold_3,2026-04-18,latest_available,6288,21.099395674300254,6
fold_3,2026-04-19,previous_day_24h,6288,9.430820610687023,6
fold_3,2026-04-19,previous_week_168h,6288,4.236800254452926,6
fold_3,2026-04-19,zone_hour_average,6288,9.368690293946337,6
fold_3,2026-04-19,rolling_mean_24h,6288,13.879042090754876,6
fold_3,2026-04-19,hist_gradient_boosting,6288,4.815337770322703,6
fold_3,2026-04-19,latest_available,6288,22.301685750636132,6
fold_3,2026-04-20,previous_day_24h,6288,11.329993638676845,6
fold_3,2026-04-20,previous_week_168h,6288,3.9244592875318065,6
fold_3,2026-04-20,zone_hour_average,6288,5.338145562548187,6
fold_3,2026-04-20,rolling_mean_24h,6288,13.506063136132315,6
fold_3,2026-04-20,hist_gradient_boosting,6288,4.601201352412569,6
fold_3,2026-04-20,latest_available,6288,15.857665394402035,6
fold_3,2026-04-21,previous_day_24h,6288,4.604961832061068,6
fold_3,2026-04-21,previous_week_168h,6288,3.4427480916030535,6
fold_3,2026-04-21,zone_hour_average,6288,5.89221559863928,6
fold_3,2026-04-21,rolling_mean_24h,6288,12.349017970737913,6
fold_3,2026-04-21,hist_gradient_boosting,6288,3.417105897597794,6
fold_3,2026-04-21,latest_available,6288,19.00333969465649,6
fold_3,2026-04-22,previous_day_24h,6288,3.6685750636132317,6
fold_3,2026-04-22,previous_week_168h,6288,3.7919847328244276,6
fold_3,2026-04-22,zone_hour_average,6288,6.133348030542492,6
fold_3,2026-04-22,rolling_mean_24h,6288,12.519826123833758,6
fold_3,2026-04-22,hist_gradient_boosting,6288,3.425920842734935,6
fold_3,2026-04-22,latest_available,6288,20.240298982188296,6
fold_3,2026-04-23,previous_day_24h,6288,4.228212468193385,6
fold_3,2026-04-23,previous_week_168h,6288,3.5020674300254453,6
fold_3,2026-04-23,zone_hour_average,6288,6.1771172304173625,6
fold_3,2026-04-23,rolling_mean_24h,6288,13.117498939779473,6
fold_3,2026-04-23,hist_gradient_boosting,6288,3.3923313985934755,6
fold_3,2026-04-23,latest_available,6288,20.30136768447837,6
fold_3,2026-04-24,previous_day_24h,6288,5.6444020356234095,6
fold_3,2026-04-24,previous_week_168h,6288,4.237754452926208,6
fold_3,2026-04-24,zone_hour_average,6288,4.651871986168485,6
fold_3,2026-04-24,rolling_mean_24h,6288,12.105472063189145,6
fold_3,2026-04-24,hist_gradient_boosting,6288,3.7224228273758535,6
fold_3,2026-04-24,latest_available,6288,19.83587786259542,6
fold_3,2026-04-25,previous_day_24h,6288,9.322678117048346,6
fold_3,2026-04-25,previous_week_168h,6288,5.362913486005089,6
fold_3,2026-04-25,zone_hour_average,6288,9.491281061140503,6
fold_3,2026-04-25,rolling_mean_24h,6288,15.291447996183203,6
fold_3,2026-04-25,hist_gradient_boosting,6288,5.807155308164836,6
fold_3,2026-04-25,latest_available,6288,23.09701017811705,6
fold_3,2026-04-26,previous_day_24h,6288,10.846851145038167,6
fold_3,2026-04-26,previous_week_168h,6288,4.43734096692112,6
fold_3,2026-04-26,zone_hour_average,6288,8.311050576418458,6
fold_3,2026-04-26,rolling_mean_24h,6288,13.366451972010179,6
fold_3,2026-04-26,hist_gradient_boosting,6288,4.750833633446523,6
fold_3,2026-04-26,latest_available,6288,20.2881679389313,6
fold_3,2026-04-27,previous_day_24h,6288,9.581106870229007,6
fold_3,2026-04-27,previous_week_168h,6288,3.7402989821882953,6
fold_3,2026-04-27,zone_hour_average,6288,5.435541668449691,6
fold_3,2026-04-27,rolling_mean_24h,6288,12.383276346480066,6
fold_3,2026-04-27,hist_gradient_boosting,6288,3.9276203901671645,6
fold_3,2026-04-27,latest_available,6288,14.97201017811705,6
fold_3,2026-04-28,previous_day_24h,6288,4.474554707379135,6
fold_3,2026-04-28,previous_week_168h,6288,3.5844465648854964,6
fold_3,2026-04-28,zone_hour_average,6288,5.389911500782894,6
fold_3,2026-04-28,rolling_mean_24h,6288,11.991650763358779,6
fold_3,2026-04-28,hist_gradient_boosting,6288,3.2682708828991953,6
fold_3,2026-04-28,latest_available,6288,17.552003816793892,6
fold_3,2026-04-29,previous_day_24h,6288,4.549777353689567,6
fold_3,2026-04-29,previous_week_168h,6288,4.269720101781171,6
fold_3,2026-04-29,zone_hour_average,6288,6.138671376886296,6
fold_3,2026-04-29,rolling_mean_24h,6288,13.059193437234944,6
fold_3,2026-04-29,hist_gradient_boosting,6288,3.8427170105007322,6
fold_3,2026-04-29,latest_available,6288,19.991412213740457,6
fold_3,2026-04-30,previous_day_24h,6288,4.3346055979643765,6
fold_3,2026-04-30,previous_week_168h,6288,3.614344783715013,6
fold_3,2026-04-30,zone_hour_average,6288,6.036909272065878,6
fold_3,2026-04-30,rolling_mean_24h,6288,12.6955112913486,6
fold_3,2026-04-30,hist_gradient_boosting,6288,3.59743039066913,6
fold_3,2026-04-30,latest_available,6288,21.294529262086513,6
