fold,model,dimension,value,rows,mean_prediction,positive_prediction_fraction,mae,rmse,r2,smape_pct,delay_hours
fold_1,previous_day_24h,borough,Bronx,28896,1.1995431893687707,0.5133236434108527,1.0574127906976745,1.7195882255817079,0.0517391788313355,81.13008343758811,0
fold_1,previous_week_168h,borough,Bronx,28896,1.2190268549280177,0.5166112956810631,1.0474114064230344,1.709000018467795,0.06338088520860663,80.23373502230694,0
fold_1,zone_hour_average,borough,Bronx,28896,1.1981328139273875,0.9718992248062015,0.8841837766740869,1.3314959120753829,0.43146323142663945,120.25978483450722,0
fold_1,rolling_mean_24h,borough,Bronx,28896,1.20078326873385,0.9554263565891473,1.0634718761535622,1.571813902443227,0.20771554790071578,118.61157754521435,0
fold_1,hist_gradient_boosting,borough,Bronx,28896,1.2480271764117674,1.0,0.898020387493043,1.3030748113261976,0.45547530345823517,125.45989494282703,0
fold_1,latest_available,borough,Bronx,28896,1.2059108527131783,0.5158153377630121,1.0453696013289036,1.6918535675138058,0.08208086161061023,80.93730840535245,0
fold_1,previous_day_24h,borough,Brooklyn,40992,3.6573965651834506,0.7080893832943014,2.4449404761904763,4.691193249714518,0.2690778990816869,79.72621097110043,0
fold_1,previous_week_168h,borough,Brooklyn,40992,3.74756049960968,0.7154810694769711,2.2249951209992194,3.7886732099307734,0.5232631303021469,76.93874315090795,0
fold_1,zone_hour_average,borough,Brooklyn,40992,3.46665286747254,0.9897540983606558,2.132247238189861,3.92280430129984,0.4889095899026574,95.40592784994287,0
fold_1,rolling_mean_24h,borough,Brooklyn,40992,3.6545687776476705,0.9858752927400468,2.5709467701014828,4.350292547558618,0.37144776786763745,98.74580465672165,0
fold_1,hist_gradient_boosting,borough,Brooklyn,40992,3.6761847845804656,1.0,1.721177888328903,2.761811746558704,0.7466665186562823,92.86165415530246,0
fold_1,latest_available,borough,Brooklyn,40992,3.647467798594848,0.7073575331772053,2.027078454332553,3.3942784319174777,0.6173520636442088,75.03912794093132,0
fold_1,previous_day_24h,borough,Manhattan,46368,62.90221704623878,0.8773076259489303,20.339415113871635,44.70428823746661,0.7347871589715516,47.619628646966085,0
fold_1,previous_week_168h,borough,Manhattan,46368,63.83531746031746,0.8800897170462388,15.174861973775018,30.153142450745236,0.8793405510845854,40.70826378404754,0
fold_1,zone_hour_average,borough,Manhattan,46368,65.39476955545796,0.9577294685990339,21.36867321710317,42.20705074107084,0.7635898102768701,55.970168662605836,0
fold_1,rolling_mean_24h,borough,Manhattan,46368,62.83463990970784,0.9554649758454107,38.14292723429951,64.39473560904202,0.4497033012990068,75.2510092005159,0
fold_1,hist_gradient_boosting,borough,Manhattan,46368,63.87059869629732,0.9995471014492754,9.978453482566373,17.99564317672326,0.9570235117381541,49.42486061430254,0
fold_1,latest_available,borough,Manhattan,46368,62.73365251897861,0.8772644927536232,15.856452726017944,29.639436639025597,0.8834167741706072,42.84811887361245,0
fold_1,previous_day_24h,borough,Queens,46368,6.4644151138716355,0.5598257418909592,2.9990726363008973,13.561127519739104,0.8209172054671309,77.66159897621505,0
fold_1,previous_week_168h,borough,Queens,46368,6.6125992063492065,0.568301414768806,3.049646307798482,15.33261880592794,0.7710740947178158,76.08853488888728,0
fold_1,zone_hour_average,borough,Queens,46368,6.963032905544984,0.9752415458937198,2.574756275662073,11.630206031423326,0.8682844407989203,115.72869494522071,0
fold_1,rolling_mean_24h,borough,Queens,46368,6.465586899010812,0.9601449275362319,4.08528511042098,18.350527564740002,0.6720864430867567,115.52961428118265,0
fold_1,hist_gradient_boosting,borough,Queens,46368,6.517560879227634,0.9998706004140787,2.0802069575045943,7.525620299495095,0.9448498283914769,118.26744234756599,0
fold_1,latest_available,borough,Queens,46368,6.477311939268461,0.5596532091097308,2.6700094893029678,10.39384145208714,0.8948003151485063,75.97776653117818,0
fold_1,previous_day_24h,borough,Staten Island,13440,0.03184523809523809,0.029389880952380952,0.056026785714285716,0.25631895123440396,-0.7827346254325762,10.287698412698415,0
fold_1,previous_week_168h,borough,Staten Island,13440,0.03563988095238095,0.03184523809523809,0.05892857142857143,0.26753949419175654,-0.9422318342764873,10.610119047619047,0
fold_1,zone_hour_average,borough,Staten Island,13440,0.03245510662177328,0.5333333333333333,0.057190606461439794,0.1873655459430448,0.04741282410878622,106.36708949269287,0
fold_1,rolling_mean_24h,borough,Staten Island,13440,0.03180803571428571,0.3885416666666667,0.05951760912698413,0.1923171437059825,-0.00360141581012674,78.55317461670859,0
fold_1,hist_gradient_boosting,borough,Staten Island,13440,0.22196356416440086,1.0,0.23622716748649658,0.2733547055781848,-1.0275817497649604,197.4856763132177,0
fold_1,latest_available,borough,Staten Island,13440,0.03169642857142857,0.02924107142857143,0.05677083333333333,0.25689885910514243,-0.7908104334753059,10.50793650793651,0
fold_1,previous_day_24h,local_hour,0,7336,13.745501635768811,0.5344874591057798,8.895992366412214,37.38052395872176,0.3865732659922413,69.88355691548028,0
fold_1,previous_week_168h,local_hour,0,7336,14.004907306434024,0.5505725190839694,4.491003271537623,15.655184040759615,0.8924059426074291,62.36207104597269,0
fold_1,zone_hour_average,local_hour,0,7336,14.979643765903306,0.9312977099236641,10.1153671392221,33.72386811474537,0.500717097153561,116.88460730463215,0
fold_1,rolling_mean_24h,local_hour,0,7336,19.319145310796074,0.920392584514722,13.168063885859686,40.34229614919435,0.2855149326938562,115.28287757911369,0
fold_1,hist_gradient_boosting,local_hour,0,7336,14.44630769405933,0.9998636859323882,3.3262689101281486,9.840952650646706,0.9574846053690581,119.23193598970352,0
fold_1,latest_available,local_hour,0,7336,19.289258451472193,0.6120501635768811,7.304798255179935,21.518765111139555,0.7967143979984479,68.15048111808575,0
fold_1,previous_day_24h,local_hour,1,7336,9.18784078516903,0.4326608505997819,7.185932388222464,37.127154112846895,0.23980895904738142,62.85120064768357,0
fold_1,previous_week_168h,local_hour,1,7336,9.221237731733915,0.43784078516902947,3.0396673936750274,11.328620831569674,0.9292227787626073,54.87571339855782,0
fold_1,zone_hour_average,local_hour,1,7336,9.920836867401752,0.9274809160305344,8.539071650712872,33.179883357577744,0.39285959585140906,134.69567221315546,0
fold_1,rolling_mean_24h,local_hour,1,7336,19.318003680479826,0.9198473282442748,15.656198882224645,45.06595827482901,-0.12004802869282782,139.04006835293816,0
fold_1,hist_gradient_boosting,local_hour,1,7336,9.79151170517677,0.9989094874591058,2.3625983971253826,7.528331964514136,0.9687437445285481,135.6131166246636,0
fold_1,latest_available,local_hour,1,7336,13.718102508178845,0.5338058887677208,5.374591057797165,15.90996683563527,0.8604023928107574,65.97688831047554,0
fold_1,previous_day_24h,local_hour,2,7336,6.273718647764449,0.38208833151581245,5.328516902944384,28.95497670725665,0.20253095475631433,58.592545164042974,0
fold_1,previous_week_168h,local_hour,2,7336,6.218375136314068,0.3914940021810251,2.0828789531079606,7.174108298600156,0.9510443015119636,51.476186894053825,0
fold_1,zone_hour_average,local_hour,2,7336,6.649561775515974,0.9198473282442748,6.316041641423322,25.788261296653562,0.3674257364249509,139.95222843792996,0
fold_1,rolling_mean_24h,local_hour,2,7336,19.316731415848786,0.9199836423118866,16.387342102871685,43.433206589333516,-0.7943666211653437,149.36210016642485,0
fold_1,hist_gradient_boosting,local_hour,2,7336,6.711603042009595,0.997546346782988,1.7517453681261912,5.3893428317233205,0.9723726635275316,143.17235241032395,0
fold_1,latest_available,local_hour,2,7336,9.157306434023992,0.4323882224645583,3.40567066521265,12.725169333617826,0.8459738234264788,54.93615161019636,0
fold_1,previous_day_24h,local_hour,3,7336,4.503544165757906,0.4048527808069793,4.091057797164668,20.27679239193324,0.16807995803204756,67.01935371449335,0
fold_1,previous_week_168h,local_hour,3,7336,4.386723009814613,0.41098691384950925,1.762131952017448,6.482959375799457,0.9149587415423976,58.494300100255515,0
fold_1,zone_hour_average,local_hour,3,7336,4.638394119310149,0.9427480916030534,4.580854436770467,17.76792742502273,0.36121218807436184,141.12073133074276,0
fold_1,rolling_mean_24h,local_hour,3,7336,19.315958969465644,0.9198473282442748,16.338950608869503,41.78218439314469,-2.5323632735020736,147.23880791450068,0
fold_1,hist_gradient_boosting,local_hour,3,7336,4.834401184273268,1.0,1.615387697156232,5.140430514192596,0.9465334620309912,140.4339565806109,0
fold_1,latest_available,local_hour,3,7336,6.255179934569248,0.3814067611777535,2.5817884405670664,11.680334207435282,0.7239462718973017,56.3607518463489,0
fold_1,previous_day_24h,local_hour,4,7336,3.8035714285714284,0.5231733914940022,3.033124318429662,10.415305981649553,0.24229214985069658,70.83857884337321,0
fold_1,previous_week_168h,local_hour,4,7336,3.5826063249727373,0.5174482006543075,1.920937840785169,5.189011962524194,0.8119267349867346,65.77411902453221,0
fold_1,zone_hour_average,local_hour,4,7336,3.7308453491659597,0.916030534351145,2.9176057191324367,9.020073727002119,0.43169968733794095,113.0859543549881,0
fold_1,rolling_mean_24h,local_hour,4,7336,19.316833651399488,0.9201199563794984,16.02491707560887,41.171324383979716,-10.83988257576885,129.0776291109607,0
fold_1,hist_gradient_boosting,local_hour,4,7336,3.7008263869625715,1.0,1.6319187466333638,3.7436506223913826,0.9021077427429774,124.72250045675644,0
fold_1,latest_available,local_hour,4,7336,4.52453653217012,0.4068974918211559,2.6878407851690294,12.064044381898583,-0.01658470860846739,71.41007659362114,0
fold_1,previous_day_24h,local_hour,5,7336,4.2534078516902945,0.6164122137404581,2.3996728462377317,5.348666503875873,0.6288702757361209,72.81383282834315,0
fold_1,previous_week_168h,local_hour,5,7336,4.290757906215921,0.6252726281352236,2.0916030534351147,4.634956788092087,0.7213069886856681,69.46609085347899,0
fold_1,zone_hour_average,local_hour,5,7336,4.144048628781453,0.9351145038167938,1.942657215557979,4.208577092572461,0.7702236782186719,94.48337501182264,0
fold_1,rolling_mean_24h,local_hour,5,7336,19.318304707379138,0.9199836423118866,15.7175913304253,40.505373314954525,-20.284329689970676,114.50769308620174,0
fold_1,hist_gradient_boosting,local_hour,5,7336,4.337377928922422,1.0,1.9885397523684314,4.2211355013486775,0.7688503255296405,106.99826782091404,0
fold_1,latest_available,local_hour,5,7336,3.838876772082879,0.527535441657579,3.5383042529989095,10.56763412258136,-0.448739282479679,79.5858202026444,0
fold_1,previous_day_24h,local_hour,6,7336,8.347464558342422,0.7026990185387132,3.7587241003271536,8.873013624145063,0.7423833959216051,67.09832920161234,0
fold_1,previous_week_168h,local_hour,6,7336,8.45474372955289,0.7140130861504908,3.1669847328244276,7.335482030474283,0.8239285789382927,61.439269950219064,0
fold_1,zone_hour_average,local_hour,6,7336,8.026925746009715,0.9580152671755725,3.4740036680876374,7.758846704370845,0.8030182928122556,86.7902578384919,0
fold_1,rolling_mean_24h,local_hour,6,7336,19.319292984369323,0.9201199563794984,13.238856324972737,34.90135615242586,-2.985806025864713,99.62263874885753,0
fold_1,hist_gradient_boosting,local_hour,6,7336,8.0671048964003,1.0,2.6841774736367032,5.494967149023076,0.9011989056263368,91.43792542826523,0
fold_1,latest_available,local_hour,6,7336,4.277126499454743,0.6185932388222465,4.85278080697928,11.405997676135321,0.5743054287018639,77.00565518892878,0
fold_1,previous_day_24h,local_hour,7,7336,14.383724100327154,0.7287350054525628,6.449291166848419,17.963468624304095,0.7043054950389895,68.59656769904157,0
fold_1,previous_week_168h,local_hour,7,7336,14.597055616139585,0.7407306434023991,5.20324427480916,12.994887217058812,0.845258114773898,64.35908019566308,0
fold_1,zone_hour_average,local_hour,7,7336,14.046564885496181,0.9541984732824428,7.073557549320909,16.9628049496447,0.7363315349462866,86.0678957383425,0
fold_1,rolling_mean_24h,local_hour,7,7336,19.319486095965104,0.9206652126499455,11.65069520174482,29.555783263477764,0.19952494861836245,95.60198893526103,0
fold_1,hist_gradient_boosting,local_hour,7,7336,14.466121482391939,1.0,3.848474541133097,8.332821050087958,0.9363721915438729,85.92898495343583,0
fold_1,latest_available,local_hour,7,7336,8.352099236641221,0.7001090512540894,7.1872955288985825,20.313820630670367,0.6218656932785376,65.920905124742,0
fold_1,previous_day_24h,local_hour,8,7336,18.7904852780807,0.7435932388222465,7.440839694656488,20.556462658585158,0.7720898342476827,66.77139716783087,0
fold_1,previous_week_168h,local_hour,8,7336,19.020992366412212,0.7547709923664122,5.958969465648855,15.312293441065577,0.8735416776179549,62.22395652006175,0
fold_1,zone_hour_average,local_hour,8,7336,18.53435114503817,0.950381679389313,7.966905422821454,20.121834489693548,0.781625424131829,80.60477530239879,0
fold_1,rolling_mean_24h,local_hour,8,7336,19.318861323155215,0.920392584514722,11.228098873137041,28.01196230042106,0.5767918759162337,90.25354633583605,0
fold_1,hist_gradient_boosting,local_hour,8,7336,19.066395997025896,1.0,3.914294776556855,8.121742471546689,0.9644233248136141,82.5643986343561,0
fold_1,latest_available,local_hour,8,7336,14.368729552889858,0.7283260632497274,6.290076335877862,14.813636913470775,0.8816439885563974,61.251677975157456,0
fold_1,previous_day_24h,local_hour,9,7336,19.18879498364231,0.7141494002181025,6.242230098146129,17.082769670905996,0.8522117792162823,63.4378846482152,0
fold_1,previous_week_168h,local_hour,9,7336,19.582197382769902,0.7300981461286805,5.544302071973828,14.571538825036733,0.8924689006805503,61.87518112627693,0
fold_1,zone_hour_average,local_hour,9,7336,20.00673143650243,0.9465648854961832,6.087355011400813,16.82415610397988,0.8566525971691563,78.98079503321603,0
fold_1,rolling_mean_24h,local_hour,9,7336,19.31711195928753,0.920392584514722,8.783135677935297,23.13159069538938,0.7290218657638097,83.0374809540544,0
fold_1,hist_gradient_boosting,local_hour,9,7336,20.056861678088087,1.0,3.9508387388606008,8.618796344478568,0.9623801995347604,87.11796738811658,0
fold_1,latest_available,local_hour,9,7336,18.74850054525627,0.7425027262813523,5.040757906215921,11.09642848806947,0.9376423575557248,59.70466469481807,0
fold_1,previous_day_24h,local_hour,10,7336,19.222737186477644,0.6811613958560524,5.184432933478735,14.852340286824766,0.8923962859263272,65.0219021722844,0
fold_1,previous_week_168h,local_hour,10,7336,19.585741548527807,0.6947928026172301,5.290076335877862,14.99714622071612,0.8902878485650565,64.82036336957707,0
fold_1,zone_hour_average,local_hour,10,7336,20.97418459403192,0.9389312977099237,4.786574303559037,14.308394796034722,0.9001336196357091,80.66068637411932,0
fold_1,rolling_mean_24h,local_hour,10,7336,19.3138574609233,0.9202562704471101,7.000051117775355,18.943975242054425,0.8249429059665353,82.95164123352374,0
fold_1,hist_gradient_boosting,local_hour,10,7336,19.854011324365178,1.0,3.7468366941111357,8.472046387844053,0.9649882249060365,92.43522142557491,0
fold_1,latest_available,local_hour,10,7336,19.110687022900763,0.7134678298800436,4.935796074154853,11.470892707124596,0.9358152409560443,62.368476642550014,0
fold_1,previous_day_24h,local_hour,11,7336,20.589558342420936,0.6815703380588877,5.495229007633588,15.871970211225872,0.8964135544800286,63.22224690827868,0
fold_1,previous_week_168h,local_hour,11,7336,20.891221374045802,0.6898854961832062,5.646401308615049,16.75496150414714,0.8845674950657397,63.34257940154367,0
fold_1,zone_hour_average,local_hour,11,7336,22.599514226231786,0.950381679389313,4.993769207891345,15.0336247493409,0.9070672769149843,83.34030525723642,0
fold_1,rolling_mean_24h,local_hour,11,7336,19.30970556161396,0.9198473282442748,6.663326972010179,18.84248594101522,0.8540118344906328,80.76350311891908,0
fold_1,hist_gradient_boosting,local_hour,11,7336,20.584367682588834,1.0,3.5214854632802206,8.41202704059775,0.9709033780343526,91.34905964934603,0
fold_1,latest_available,local_hour,11,7336,19.123091603053435,0.6812977099236641,4.282306434023991,10.601967626683829,0.9537816753376002,60.17591682496277,0
fold_1,previous_day_24h,local_hour,12,7336,22.110687022900763,0.6793893129770993,5.84201199563795,16.531903824324246,0.9023637407188017,64.1413750672013,0
fold_1,previous_week_168h,local_hour,12,7336,22.337786259541986,0.6842966194111232,5.9276172300981465,17.672999849038707,0.8884201073179336,63.039475086423174,0
fold_1,zone_hour_average,local_hour,12,7336,24.484038861901457,0.9465648854961832,5.4767596906909874,16.000601543517337,0.9085385647015893,83.02480503722691,0
fold_1,rolling_mean_24h,local_hour,12,7336,19.305826290439843,0.9202562704471101,7.031096646673936,20.04835831166096,0.8564103876434066,80.86415924697555,0
fold_1,hist_gradient_boosting,local_hour,12,7336,22.22627958686977,1.0,3.532534439484551,8.166632102029299,0.9761739869708973,91.21136051967343,0
fold_1,latest_available,local_hour,12,7336,20.496455834242095,0.6804798255179935,4.044029443838604,9.594810427098183,0.9671119451006412,59.84241655483667,0
fold_1,previous_day_24h,local_hour,13,7336,23.238276990185387,0.690567066521265,6.215648854961832,17.50668979470868,0.8995708448124465,64.5850184164464,0
fold_1,previous_week_168h,local_hour,13,7336,23.419847328244273,0.695474372955289,6.244002181025082,18.814032791510797,0.8840113403549767,62.49705610467169,0
fold_1,zone_hour_average,local_hour,13,7336,25.545523941707145,0.9427480916030534,5.843407356002777,16.778322734761936,0.9077537278921164,81.72020424835284,0
fold_1,rolling_mean_24h,local_hour,13,7336,19.300277171937473,0.920392584514722,7.113458742275536,20.56869962910828,0.8613673871128609,79.23367231178293,0
fold_1,hist_gradient_boosting,local_hour,13,7336,23.401526662479988,1.0,3.701153166600743,9.176804735753066,0.9724047255144898,90.2624904042533,0
fold_1,latest_available,local_hour,13,7336,21.977508178844058,0.679525627044711,4.133724100327154,10.425901758644958,0.9643812238474735,59.187161160149344,0
fold_1,previous_day_24h,local_hour,14,7336,24.62718102508179,0.6983369683751364,6.329607415485278,18.849335195054728,0.9005836565098446,63.9095470944191,0
fold_1,previous_week_168h,local_hour,14,7336,24.858914940021812,0.7071973827699018,6.432115594329335,19.71341150686056,0.8912600106373525,64.19635124844862,0
fold_1,zone_hour_average,local_hour,14,7336,27.203053435114505,0.9541984732824428,6.1683131753742435,18.339997232316957,0.9058838306677269,81.72259903481586,0
fold_1,rolling_mean_24h,local_hour,14,7336,19.294165757906217,0.9205288985823337,8.200608869502,25.011559079919305,0.8249559959931541,78.37801346870033,0
fold_1,hist_gradient_boosting,local_hour,14,7336,24.742938753251263,1.0,3.9356161548626667,9.784683548008038,0.973210828671019,88.58120420000532,0
fold_1,latest_available,local_hour,14,7336,23.091603053435115,0.6889312977099237,4.672709923664122,12.034613610525046,0.9594743477764783,59.998523722488045,0
fold_1,previous_day_24h,local_hour,15,7336,26.106052344601963,0.6928844056706652,6.710468920392585,20.16713831533567,0.9010064040964713,62.97194050643135,0
fold_1,previous_week_168h,local_hour,15,7336,26.54293893129771,0.70092693565976,6.815294438386042,20.86922136108826,0.8939938558922977,62.471722141731846,0
fold_1,zone_hour_average,local_hour,15,7336,29.081818181818182,0.9351145038167938,6.890358877763458,20.781676849680668,0.8948813630025052,79.4688835787232,0
fold_1,rolling_mean_24h,local_hour,15,7336,19.289360687022906,0.9205288985823337,9.336048255179934,29.216133663173217,0.7922389976839903,79.8459106624983,0
fold_1,hist_gradient_boosting,local_hour,15,7336,26.20964070763835,1.0,4.313522046884994,11.29913249363822,0.9689251709079623,89.42413493945271,0
fold_1,latest_available,local_hour,15,7336,24.511859323882224,0.6980643402399127,4.854007633587786,12.84243600281382,0.959856672665887,59.69077229127403,0
fold_1,previous_day_24h,local_hour,16,7336,27.32129225736096,0.6922028353326063,7.193429661941113,21.01281285913428,0.898020487259823,62.59794267882649,0
fold_1,previous_week_168h,local_hour,16,7336,27.716057797164666,0.6961559432933478,7.1473555070883314,21.54034597928516,0.892835758001751,64.37876955293986,0
fold_1,zone_hour_average,local_hour,16,7336,29.86655100624567,0.9351145038167938,6.975696440963617,20.77394099052641,0.900325897346302,79.49348491529173,0
fold_1,rolling_mean_24h,local_hour,16,7336,19.28433978553253,0.9208015267175572,10.214183478735006,29.920104618105107,0.7932379817949565,80.27584738689656,0
fold_1,hist_gradient_boosting,local_hour,16,7336,27.5898755690132,1.0,4.3733947725339455,11.053241052544166,0.9717821558882173,88.64520293950679,0
fold_1,latest_available,local_hour,16,7336,25.985550708833152,0.6911123227917121,5.080697928026172,12.945601729697529,0.9612930429211112,60.23564499006177,0
fold_1,previous_day_24h,local_hour,17,7336,31.917529989094874,0.6982006543075245,8.445610687022901,24.658786516243115,0.8939480673861753,62.66364057246253,0
fold_1,previous_week_168h,local_hour,17,7336,32.39013086150491,0.6938386041439476,8.632769901853871,24.813788512179148,0.8926106191198638,65.2034301141214,0
fold_1,zone_hour_average,local_hour,17,7336,32.36884108258154,0.9351145038167938,8.137097253891147,23.886926739708432,0.900483351631027,78.89949746644308,0
fold_1,rolling_mean_24h,local_hour,17,7336,19.280619547437297,0.9205288985823337,14.12134791893857,39.66804364573859,0.7255540978427534,83.3879641464176,0
fold_1,hist_gradient_boosting,local_hour,17,7336,30.8441221685684,1.0,5.197228558401131,13.26741582006582,0.969299329021482,87.8264459413515,0
fold_1,latest_available,local_hour,17,7336,27.232006543075244,0.6941112322791713,7.218920392584515,19.15365037771422,0.9360149818856892,61.208279970147046,0
fold_1,previous_day_24h,local_hour,18,7336,35.08110687022901,0.7006543075245365,9.543484187568158,27.665352491200565,0.8851845353743386,62.81422687040789,0
fold_1,previous_week_168h,local_hour,18,7336,35.42052889858233,0.6946564885496184,8.74850054525627,23.988589503978833,0.9136748389717583,62.7736385815776,0
fold_1,zone_hour_average,local_hour,18,7336,33.682075204975966,0.9389312977099237,9.414733026374247,26.960482873948973,0.8909606373783787,81.40113771336932,0
fold_1,rolling_mean_24h,local_hour,18,7336,19.278137495456196,0.9206652126499455,17.03212468193384,45.82756564098633,0.6849485027961653,87.1848861201497,0
fold_1,hist_gradient_boosting,local_hour,18,7336,34.75683679547002,1.0,5.174541475918963,12.418038761298344,0.9768668915557535,86.97340480788264,0
fold_1,latest_available,local_hour,18,7336,31.857960741548528,0.6995637949836423,6.637131952017448,16.24088537266714,0.9604317016367716,58.50374570746927,0
fold_1,previous_day_24h,local_hour,19,7336,30.72396401308615,0.6653489640130862,10.060387131952018,29.798837099381302,0.8325653142690177,64.20045067020568,0
fold_1,previous_week_168h,local_hour,19,7336,31.048391494002182,0.6556706652126499,7.437431842966194,21.053920882218634,0.9164179974216831,62.90705223384353,0
fold_1,zone_hour_average,local_hour,19,7336,29.964942041277915,0.9427480916030534,9.619562583303043,27.332327388013255,0.8591359964803544,90.63805335468874,0
fold_1,rolling_mean_24h,local_hour,19,7336,19.27960855143584,0.9210741548527808,13.59378975826972,37.64117967482042,0.732838882900227,89.68398005244522,0
fold_1,hist_gradient_boosting,local_hour,19,7336,32.126110475788465,1.0,5.3527314187195625,14.024221793631021,0.9629144826166117,94.52518905081716,0
fold_1,latest_available,local_hour,19,7336,35.11641221374046,0.70092693565976,7.822246455834242,21.33167478103895,0.914198139117287,59.193634156525185,0
fold_1,previous_day_24h,local_hour,20,7336,27.587922573609596,0.6229552889858233,9.352371864776446,30.018081156067545,0.8153082047658472,65.83142627533749,0
fold_1,previous_week_168h,local_hour,20,7336,28.21264994547437,0.6142311886586695,6.790076335877862,20.844369305256393,0.9109448035420563,62.69567240090439,0
fold_1,zone_hour_average,local_hour,20,7336,27.49681933842239,0.9274809160305344,9.296740579183327,29.15148741737753,0.8258180349161258,93.8242425803599,0
fold_1,rolling_mean_24h,local_hour,20,7336,19.280863776808435,0.9214830970556162,11.431558978553252,36.23844676252418,0.7308335680325206,93.02862755192633,0
fold_1,hist_gradient_boosting,local_hour,20,7336,28.83846267701454,1.0,4.855154684184104,12.932998678529206,0.9657168898314216,100.86659683864026,0
fold_1,latest_available,local_hour,20,7336,30.754089422028354,0.6669847328244275,6.525081788440567,16.74613189601512,0.9425207936607044,60.79321751573617,0
fold_1,previous_day_24h,local_hour,21,7336,28.078789531079607,0.6083696837513631,9.773854961832061,31.168022245356262,0.8148803606598368,65.21135524181861,0
fold_1,previous_week_168h,local_hour,21,7336,29.023582333696837,0.6064612868047983,7.614776444929117,23.67918760948414,0.8931517036186307,64.60109099439083,0
fold_1,zone_hour_average,local_hour,21,7336,27.700664404862877,0.9351145038167938,9.500459428894544,30.354199222826608,0.8244214065677585,96.84633070656162,0
fold_1,rolling_mean_24h,local_hour,21,7336,19.278995138131584,0.9214830970556162,12.470198336968373,39.750453326826594,0.6988948546670198,95.16536843351383,0
fold_1,hist_gradient_boosting,local_hour,21,7336,28.20631387126888,1.0,5.051959763337839,13.822609071047538,0.9635905552226373,103.8308129988731,0
fold_1,latest_available,local_hour,21,7336,27.543075245365323,0.6239094874591058,6.30984187568157,17.504840427322993,0.9416084078235497,61.16272775467567,0
fold_1,previous_day_24h,local_hour,22,7336,25.287077426390404,0.6094601962922573,10.400081788440566,32.76837227226958,0.7542498973471373,68.99494715337256,0
fold_1,previous_week_168h,local_hour,22,7336,26.34446564885496,0.6181842966194111,8.067611777535442,26.370928029692454,0.8408396823903723,63.66604698241421,0
fold_1,zone_hour_average,local_hour,22,7336,25.432357930449534,0.950381679389313,10.20304232804233,29.938527965545507,0.7948625956753826,101.13586047331194,0
fold_1,rolling_mean_24h,local_hour,22,7336,19.276422210105412,0.9212104689203926,11.916768902217376,36.30743728958237,0.6983001029507232,96.49375159554111,0
fold_1,hist_gradient_boosting,local_hour,22,7336,25.817268629405906,1.0,5.370348272759949,16.305240728292947,0.9391531079362535,104.67787010256461,0
fold_1,latest_available,local_hour,22,7336,28.017039258451472,0.6083696837513631,8.30916030534351,25.612214873158337,0.8498662807447976,61.89045802434904,0
fold_1,previous_day_24h,local_hour,23,7336,19.289258451472193,0.6120501635768811,10.071019629225736,34.45278128823699,0.6006348616811704,71.69114251706709,0
fold_1,previous_week_168h,local_hour,23,7336,19.92952562704471,0.6209105779716467,5.800708833151581,18.830508726204854,0.8806985606825152,64.67868443859678,0
fold_1,zone_hour_average,local_hour,23,7336,20.416949392140232,0.9389312977099237,10.51922028353326,31.20525553013923,0.6723749776883143,102.07325567309617,0
fold_1,rolling_mean_24h,local_hour,23,7336,19.276870910577973,0.9210741548527808,11.253561205016357,34.645494052679226,0.5961546424474979,98.45540969195999,0
fold_1,hist_gradient_boosting,local_hour,23,7336,20.08416569085629,1.0,4.60494409771951,13.545227349503579,0.938270298808062,106.96216325200761,0
fold_1,latest_available,local_hour,23,7336,25.297846237731733,0.6097328244274809,9.55752453653217,30.0591383666547,0.6959992660271999,63.858399859413105,0
fold_1,previous_day_24h,weekend,0,125760,18.189472010178118,0.6243718193384223,6.254476781170483,22.157085244379903,0.8337396127123854,65.30460290135237,0
fold_1,previous_week_168h,weekend,0,125760,19.690314885496182,0.6351065521628498,5.035233778625954,15.834372789637781,0.9150887446975731,62.000006442876376,0
fold_1,zone_hour_average,weekend,0,125760,20.062301556703588,0.9397264631043257,6.303414863220842,19.72636472118037,0.8682175286270111,95.20942458738575,0
fold_1,rolling_mean_24h,weekend,0,125760,18.065271814037317,0.9209128498727736,11.584009886556403,33.65763280383677,0.6163540067317466,99.91984032827554,0
fold_1,hist_gradient_boosting,weekend,0,125760,19.402811560651774,0.9997932569974555,3.558969015573474,9.590871234955076,0.968848450669674,102.04194789559418,0
fold_1,latest_available,weekend,0,125760,18.780287849872774,0.6260019083969466,5.383540076335878,16.03462974767544,0.9129274219901159,63.179192682585864,0
fold_1,previous_day_24h,weekend,1,50304,22.143328562340965,0.6434875954198473,8.490915235368957,28.35361530378737,0.7240949248225443,66.53688572209268,0
fold_1,previous_week_168h,weekend,1,50304,19.473580629770993,0.6355955788804071,6.640982824427481,21.008129939071104,0.8485331499296407,64.27759456617979,0
fold_1,zone_hour_average,weekend,1,50304,20.062301556703595,0.9397264631043257,8.57217279881084,28.416019402524803,0.7228790971635031,95.4849692160194,0
fold_1,rolling_mean_24h,weekend,1,50304,22.391017612913487,0.9194497455470738,12.685888133481763,36.295754310852665,0.5478792316931709,95.64129425093188,0
fold_1,hist_gradient_boosting,weekend,1,50304,20.145534184396077,0.99998012086514,4.1992413751011135,11.311800879801883,0.9560856653259717,99.96904575059098,0
fold_1,latest_available,weekend,1,50304,20.518328562340965,0.6400087468193384,5.885516062340967,16.661777869185705,0.904723568094156,62.028833603485246,0
fold_1,previous_day_24h,rush_hour,0,144624,18.266712302245825,0.6116481358557363,6.83970157097024,24.728008324050286,0.7718664327640617,66.2382875616177,0
fold_1,previous_week_168h,rush_hour,0,144624,18.036909503263637,0.6131969797543976,5.218165726297157,17.265226984862075,0.888787014457282,62.80354206413414,0
fold_1,zone_hour_average,rush_hour,0,144624,19.043051360304375,0.9389312977099237,6.895615133709779,22.97501744466065,0.803065132786071,99.2428707056499,0
fold_1,rolling_mean_24h,rush_hour,0,144624,19.589799238024117,0.9202967695541542,11.892480097816867,34.58922152592882,0.5536325777330899,101.67575416671454,0
fold_1,hist_gradient_boosting,rush_hour,0,144624,18.150162854077614,0.9998133089943578,3.5707656225054953,10.009993058391956,0.9626166284178543,105.29549491532597,0
fold_1,latest_available,rush_hour,0,144624,18.560301194822436,0.6083568425710809,5.273170428144707,15.987391444431378,0.9046400242098764,63.343693639897715,0
fold_1,previous_day_24h,rush_hour,1,31440,24.160337150127226,0.7134860050890586,7.14074427480916,20.910463583511333,0.89306445478408,62.98130597731628,0
fold_1,previous_week_168h,rush_hour,1,31440,26.9492048346056,0.7366730279898219,6.7629452926208655,18.380718026382823,0.9173734325893866,61.947883582376136,0
fold_1,zone_hour_average,rush_hour,1,31440,24.750852460139992,0.943384223918575,7.209306315915731,20.5025255046363,0.8971961244334032,77.09644384918448,0
fold_1,rolling_mean_24h,rush_hour,1,31440,17.973638941899914,0.9214058524173028,11.928052109838848,33.699411016822054,0.7222593889118435,84.99696294770631,0
fold_1,hist_gradient_boosting,rush_hour,1,31440,26.353351808883808,1.0,4.529140398930396,10.571204570868911,0.9726697427144425,83.75898817282288,0
fold_1,latest_available,rush_hour,1,31440,22.573091603053435,0.7295801526717557,6.694402035623409,17.230101551966957,0.9273943463025964,60.581913752390314,0
fold_1,previous_day_24h,zone_cohort,dense,114912,29.3973649401281,0.8380586883876358,10.31598962684489,29.81018412831182,0.7892200818986929,71.7825590019105,0
fold_1,previous_week_168h,zone_cohort,dense,114912,29.864122110832636,0.8441764132553606,8.171844541910332,21.611114802322543,0.889221812501436,67.38157981785552,0
fold_1,zone_hour_average,zone_cohort,dense,114912,30.542137587702886,0.9997563352826511,10.433504554971416,27.91098648187771,0.8152219893366165,73.23169886400025,0
fold_1,rolling_mean_24h,zone_cohort,dense,114912,29.36929128376497,1.0,17.989659478557506,42.615869365293285,0.5692328079145305,83.80524462977955,0
fold_1,hist_gradient_boosting,zone_cohort,dense,114912,29.784663660993782,0.9997650375939849,5.468942574057657,12.504449077162432,0.9629123736483791,65.60950091330734,0
fold_1,latest_available,zone_cohort,dense,114912,29.33162768031189,0.838119604566973,8.226321010860485,20.05986519545196,0.9045543950973463,67.58121296777388,0
fold_1,previous_day_24h,zone_cohort,sparse,61152,0.38095238095238093,0.23855311355311357,0.4621108058608059,1.0287675967798542,-0.33297212825594413,54.14542353824379,0
fold_1,previous_week_168h,zone_cohort,sparse,61152,0.3942144165358451,0.2426412872841444,0.4620617477760335,1.0244907862006092,-0.3219122553727465,53.76093712852936,0
fold_1,zone_hour_average,zone_cohort,sparse,61152,0.3694228610895277,0.8269230769230769,0.4087709028185219,0.7756420120296973,0.24227927938850424,136.73489252505684,0
fold_1,rolling_mean_24h,zone_cohort,sparse,61152,0.38203710971568117,0.7710949764521193,0.4534316130298273,0.8283500075402064,0.13579997174941782,126.68155603717916,0
fold_1,hist_gradient_boosting,zone_cohort,sparse,61152,0.5050245759306391,1.0,0.49658968572561835,0.777503404312782,0.23863814638197656,168.79773802717295,0
fold_1,latest_available,zone_cohort,sparse,61152,0.38276753008895864,0.2389292255363684,0.4545395081109367,0.9808141194927492,-0.211601865871057,53.96097221348263,0
fold_1,previous_day_24h,target_cohort,positive,110922,30.33352265555976,0.8452606335983844,10.610510088170065,30.269238494087002,0.7880685457370764,73.3234016717894,0
fold_1,previous_week_168h,target_cohort,positive,110922,30.829429689331242,0.8540055173905988,8.394259028867133,21.722409095744485,0.8908538541172769,68.58279626506231,0
fold_1,zone_hour_average,target_cohort,positive,110922,31.448979299130755,0.999197634373704,10.638706967136855,28.27937578404212,0.8150168946622963,52.766927458504824,0
fold_1,rolling_mean_24h,target_cohort,positive,110922,29.988410399499948,0.998025639638665,18.23879956185428,43.195308600076466,0.5684157474497267,64.04914070863137,0
fold_1,hist_gradient_boosting,target_cohort,positive,110922,30.77262904284668,0.9998196931176863,5.577591521454884,12.715473827024136,0.9626012123170644,43.585927451611525,0
fold_1,latest_available,target_cohort,positive,110922,30.3402120408936,0.8485872955770721,8.515290023620201,20.41374365526566,0.9036087213157338,69.48047923181804,0
fold_1,previous_day_24h,target_cohort,zero,65142,0.5641675109760216,0.2630100396057843,0.5641675109760216,2.9089342758943677,,52.602007921156854,0
fold_1,previous_week_168h,target_cohort,zero,65142,0.5555709066347364,0.26274907125970953,0.5555709066347364,4.623829695178427,,52.54981425194191,0
fold_1,zone_hour_average,target_cohort,zero,65142,0.6733809134088523,0.8384605937797427,0.6733809134088523,3.610166312322546,,167.69211875594854,0
fold_1,rolling_mean_24h,target_cohort,zero,65142,1.1033108440023334,0.7884774799668417,1.1033108440023334,5.216954178101358,,157.69549599336833,0
fold_1,hist_gradient_boosting,target_cohort,zero,65142,0.6161458780631203,0.9998925424457339,0.6161458780631203,1.0404493348573451,,199.97850848914678,0
fold_1,latest_available,target_cohort,zero,65142,0.43851892788063,0.25780602376347056,0.43851892788063,1.0779254070666389,,51.56120475269412,0
fold_2,previous_day_24h,borough,Bronx,31949,1.2531534633321857,0.5222698676014899,1.0625058687282858,1.7266119337018242,0.09962497152662564,79.54933797769179,0
fold_2,previous_week_168h,borough,Bronx,31949,1.2483019812826692,0.5221446680647281,1.0436946383298382,1.682384387545325,0.14516081042963735,79.14494673255656,0
fold_2,zone_hour_average,borough,Bronx,31949,1.200728682090829,0.9768067858148924,0.8637570629733895,1.295355534032248,0.49322878963256356,119.96756346218162,0
fold_2,rolling_mean_24h,borough,Bronx,31949,1.2563160557972604,0.9616576418667251,1.1216039625653385,1.6458109767109386,0.18192358158797406,119.28471353481395,0
fold_2,hist_gradient_boosting,borough,Bronx,31949,1.2668467739426152,1.0,0.9012351225532079,1.3181861239523174,0.4752077216419397,125.15966750193935,0
fold_2,latest_available,borough,Bronx,31949,1.2508059720179034,0.5193902782559705,1.0639769632852358,1.7296456951657313,0.09645816520889494,79.6726568198808,0
fold_2,previous_day_24h,borough,Brooklyn,45323,3.592282064294067,0.693202126955409,2.45294883392538,5.130684108655454,0.20912267126494177,79.50995459213856,0
fold_2,previous_week_168h,borough,Brooklyn,45323,3.6148092579926305,0.6961586832292654,2.0859166427641593,3.6678682811497523,0.595809561497963,75.57893293382277,0
fold_2,zone_hour_average,borough,Brooklyn,45323,3.5312947061685147,0.9938662489243871,2.0995904448384586,4.215061429287169,0.4662149696650997,97.45796482523872,0
fold_2,rolling_mean_24h,borough,Brooklyn,45323,3.5712469386404253,0.9845553030470181,2.6480328236583337,4.818594711617408,0.30241140311788395,101.71217666782074,0
fold_2,hist_gradient_boosting,borough,Brooklyn,45323,3.5077934007979246,1.0,1.6953611123634427,2.852922862728304,0.7554663489404714,95.78125541721185,0
fold_2,latest_available,borough,Brooklyn,45323,3.5415131390243366,0.6917900403768507,2.04275974670697,3.5378562065751256,0.6239557709091508,75.65529334160452,0
fold_2,previous_day_24h,borough,Manhattan,51267,66.55021748883297,0.8814246981489067,20.94366746640139,46.63596716690627,0.7386153623373639,44.972986442065405,0
fold_2,previous_week_168h,borough,Manhattan,51267,64.47964577603527,0.8769773928648058,15.467552226578501,31.569335047251915,0.8802242353258405,39.52095241419793,0
fold_2,zone_hour_average,borough,Manhattan,51267,64.56019558424207,0.9583357715489497,20.51663372331428,41.71977668824691,0.7908190968495136,52.21400012678777,0
fold_2,rolling_mean_24h,borough,Manhattan,51267,66.34559105597494,0.9557415101332241,39.92886587213347,67.75522732512374,0.4482736869310918,73.78979071743528,0
fold_2,hist_gradient_boosting,borough,Manhattan,51267,65.78773374296698,0.999707414126046,10.343644962188847,19.267156125726107,0.9553857787551985,47.660010787008645,0
fold_2,latest_available,borough,Manhattan,51267,66.26878888953908,0.8808785378508592,16.460666705678115,30.766328557475752,0.8862400399873,42.41990451640723,0
fold_2,previous_day_24h,borough,Queens,51267,6.900228216981684,0.5534554391713968,2.9511771704995415,12.863700433799274,0.8647780241132029,76.02826316807403,0
fold_2,previous_week_168h,borough,Queens,51267,6.794175590535822,0.5586244562779176,3.0015604579944215,14.271640953386193,0.8335578702106146,75.72256339699442,0
fold_2,zone_hour_average,borough,Queens,51267,6.801695996129258,0.9867556127723487,2.409019237419471,10.173729620500916,0.9154184138617116,117.44511934914235,0
fold_2,rolling_mean_24h,borough,Queens,51267,6.900046163549002,0.952074433846334,4.2137242280609355,19.765228180935885,0.6807586733290604,114.71897557033138,0
fold_2,hist_gradient_boosting,borough,Queens,51267,6.818945203956596,0.9999804942750697,2.1606936126065226,8.50669948014252,0.9408659501366614,119.73651664731432,0
fold_2,latest_available,borough,Queens,51267,6.889207482396083,0.5531628532974427,2.7561394269218016,11.384723694605519,0.8940842778408284,74.64708555562568,0
fold_2,previous_day_24h,borough,Staten Island,14860,0.03371467025572005,0.027321668909825035,0.05969044414535666,0.3033017056165014,-0.606012738289502,9.779529577645325,0
fold_2,previous_week_168h,borough,Staten Island,14860,0.034320323014804845,0.029071332436069987,0.06244952893674294,0.3200353277941971,-0.7881136705754368,10.207267833109018,0
fold_2,zone_hour_average,borough,Staten Island,14860,0.032254959502521136,0.6147375504710633,0.06003624187192917,0.23595982660195727,0.027979516020804285,122.70797853789685,0
fold_2,rolling_mean_24h,borough,Staten Island,14860,0.03363055181695828,0.3962314939434724,0.0630327501121579,0.23921909181676243,0.000941417466762795,80.3707790388528,0
fold_2,hist_gradient_boosting,borough,Staten Island,14860,0.21470198413754008,1.0,0.23305963790680076,0.3013539224513567,-0.5854515605209791,197.99218358425148,0
fold_2,latest_available,borough,Staten Island,14860,0.0338492597577389,0.026985195154777927,0.06063257065948856,0.31590839771517903,-0.7422947263228468,9.686983272447605,0
fold_2,previous_day_24h,local_hour,0,8122,15.759911351883773,0.5139128293523763,9.841910859394238,40.77761141498058,0.39596768258189075,68.83444002023678,0
fold_2,previous_week_168h,local_hour,0,8122,15.525609455799064,0.5313962078305836,4.699458261511943,15.436356059701119,0.9134422050341673,62.05320548210093,0
fold_2,zone_hour_average,local_hour,0,8122,14.548873580338856,0.9427480916030534,10.556861520351228,36.098595736135955,0.5266338214425931,124.61961708766275,0
fold_2,rolling_mean_24h,local_hour,0,8122,20.40537018796684,0.9196010834769761,14.44219404087663,43.693650107278245,0.3064891462109841,121.71287241261427,0
fold_2,hist_gradient_boosting,local_hour,0,8122,15.146883542736406,1.0,3.5280434480602727,10.922580935796372,0.9566621709431948,124.10577364617177,0
fold_2,latest_available,local_hour,0,8122,20.5940655011081,0.56981039152918,7.587909381925634,23.08306201060151,0.8064454229227318,64.13588226369365,0
fold_2,previous_day_24h,local_hour,1,8122,10.616227530164984,0.4296971189362226,8.117458754001477,40.26540245445226,0.1942755532378838,62.43003402515735,0
fold_2,previous_week_168h,local_hour,1,8122,10.51699088894361,0.4397931543954691,3.3814331445456784,11.792394846372618,0.9308922939930019,54.47378349858703,0
fold_2,zone_hour_average,local_hour,1,8122,9.660119158443491,0.9427480916030534,8.841045999723724,34.64585895880126,0.403479849759805,139.3593646224035,0
fold_2,rolling_mean_24h,local_hour,1,8122,20.371593614052365,0.9194779610933268,16.522459574817372,47.04129456259692,-0.09971711029723074,139.9669436658571,0
fold_2,hist_gradient_boosting,local_hour,1,8122,10.520717292187728,0.999630632849052,2.591784191622788,8.718908005506226,0.962221331852358,137.17402630109564,0
fold_2,latest_available,local_hour,1,8122,14.949273577936468,0.5073873430189608,5.78490519576459,17.367619393520165,0.8500995147740207,61.94241855842112,0
fold_2,previous_day_24h,local_hour,2,7860,7.11412213740458,0.38282442748091605,6.181933842239186,33.473136850095806,-0.07026800673766775,56.86506938967392,0
fold_2,previous_week_168h,local_hour,2,7860,6.708142493638677,0.38091603053435114,2.393765903307888,10.287638027419419,0.898904676238932,50.04472052341103,0
fold_2,zone_hour_average,local_hour,2,7860,6.514894805436604,0.9236641221374046,6.405148017129026,26.077234864892944,0.3504347336293593,142.2095645104314,0
fold_2,rolling_mean_24h,local_hour,2,7860,20.305279898218828,0.9189567430025445,17.310019083969465,45.518685059930064,-0.9791519228858832,151.22695879439476,0
fold_2,hist_gradient_boosting,local_hour,2,7860,6.5628859478157064,0.9984732824427481,1.8397242178522335,6.256199689406127,0.9626129738327232,143.8965839991215,0
fold_2,latest_available,local_hour,2,7860,9.33117048346056,0.4198473282442748,3.577608142493639,13.627934938464556,0.8225974654665329,53.18231903962584,0
fold_2,previous_day_24h,local_hour,3,8122,5.508249199704506,0.40888943609948286,4.709800541738488,24.019509533235432,0.08804752676011274,64.86253143536133,0
fold_2,previous_week_168h,local_hour,3,8122,5.32824427480916,0.3974390544200936,2.123984240334893,10.895312321526175,0.8123609162691346,57.94383206876777,0
fold_2,zone_hour_average,local_hour,3,8122,4.599515918823311,0.9618320610687023,4.96799718920607,20.598110331402296,0.3293457278051797,144.85138162981173,0
fold_2,rolling_mean_24h,local_hour,3,8122,20.307180087006486,0.9193548387096774,17.261419601083478,44.54523587784493,-2.1365084455864216,146.79595349289485,0
fold_2,hist_gradient_boosting,local_hour,3,8122,5.317544657434342,0.9998768776163507,1.6827632858875825,6.5719225124751475,0.931730172789492,139.9541415948461,0
fold_2,latest_available,local_hour,3,8122,6.9247722235902485,0.37897069687269147,2.7901994582615117,12.65241965874044,0.7469588737514885,54.90036701718394,0
fold_2,previous_day_24h,local_hour,4,8122,4.688992858901749,0.5466633834031027,3.439793154395469,12.55153376100926,0.19132445489524763,71.1300797092889,0
fold_2,previous_week_168h,local_hour,4,8122,4.468850036936715,0.5129278502831814,2.1433144545678404,7.3752449364373796,0.7207883025319655,66.30484736108713,0
fold_2,zone_hour_average,local_hour,4,8122,3.7677341277229566,0.9351145038167938,3.2711515246154677,10.962573769449886,0.3831127837376249,114.75645203213725,0
fold_2,rolling_mean_24h,local_hour,4,8122,20.28772162029057,0.9193548387096774,16.77598395304933,43.32514201767135,-8.63519931035423,126.13118051941571,0
fold_2,hist_gradient_boosting,local_hour,4,8122,4.212034490526991,1.0,1.745967343833058,4.662119875133641,0.8884299609458861,123.14610230509503,0
fold_2,latest_available,local_hour,4,8122,5.041245998522531,0.40802757941393747,2.9173848805712876,13.101600399242198,0.11889145859584305,71.00037319881648,0
fold_2,previous_day_24h,local_hour,5,8122,4.704752524008865,0.637158335385373,2.3959615858163015,5.344704900670607,0.635858018577789,67.1006847493198,0
fold_2,previous_week_168h,local_hour,5,8122,4.505786752031519,0.6143806944102438,2.4863334154149226,6.2127788492190135,0.5079660410155497,69.45029978284295,0
fold_2,zone_hour_average,local_hour,5,8122,4.1894898529137965,0.9465648854961832,1.9928213644362494,4.6507282097958,0.7242819437071042,93.8444344240138,0
fold_2,rolling_mean_24h,local_hour,5,8122,20.274732208815564,0.9192317163260281,16.519786793072313,42.706214952678174,-22.249062857667084,111.38150056411628,0
fold_2,hist_gradient_boosting,local_hour,5,8122,4.577150240277936,1.0,2.1400471944274098,4.8204024110318935,0.7037967097664426,106.24787333428728,0
fold_2,latest_available,local_hour,5,8122,4.377246983501601,0.5438315685791677,3.76040384141837,11.452190696793568,-0.6718620146135994,76.95135773312985,0
fold_2,previous_day_24h,local_hour,6,8122,8.3677665599606,0.706229992612657,3.4919970450627926,7.600690749983031,0.79628971053075,63.42483641211379,0
fold_2,previous_week_168h,local_hour,6,8122,7.593326766806205,0.6933021423294755,3.4257572026594434,8.069661003545308,0.7703759236756811,63.89031901273555,0
fold_2,zone_hour_average,local_hour,6,8122,8.13662282718661,0.9656488549618321,3.108056950777748,6.57814112176627,0.8474145183450087,84.36712026723549,0
fold_2,rolling_mean_24h,local_hour,6,8122,20.268873635393582,0.9187392267914307,13.963468562751373,36.93277927926136,-3.8098421250041046,97.90051607569548,0
fold_2,hist_gradient_boosting,local_hour,6,8122,7.829795784437744,1.0,2.691287406251103,5.56809119217705,0.8906749916380144,88.47617647005623,0
fold_2,latest_available,local_hour,6,8122,4.56414676188131,0.6353114996306328,4.9159074119674955,11.242130411234612,0.5543395666115667,75.15332218254783,0
fold_2,previous_day_24h,local_hour,7,8122,14.966633834031027,0.7395961585816302,6.439670032011819,17.350050579453043,0.7445104484864546,65.69748672802558,0
fold_2,previous_week_168h,local_hour,7,8122,13.610810145284413,0.7242058606254617,5.487934006402364,15.532258256295542,0.7952420091188082,61.233823544054054,0
fold_2,zone_hour_average,local_hour,7,8122,14.155246941966338,0.9580152671755725,6.632484135013336,16.30683144314175,0.7743107788683785,80.87225036978538,0
fold_2,rolling_mean_24h,local_hour,7,8122,20.27402425510958,0.9186161044077813,12.19291738488057,30.69407609143099,0.20038527266134876,93.87695460899029,0
fold_2,hist_gradient_boosting,local_hour,7,8122,14.272937920176428,1.0,4.047733141548992,9.356295230990046,0.9257015954629083,83.20837345550959,0
fold_2,latest_available,local_hour,7,8122,8.491381433144547,0.7121398670278256,7.983132233440039,21.727246899187925,0.5993353263921407,67.370812507368,0
fold_2,previous_day_24h,local_hour,8,8122,19.902979561684315,0.7456291553804482,8.007633587786259,22.10809891033611,0.7802838996889578,64.7227217744909,0
fold_2,previous_week_168h,local_hour,8,8122,18.718295986210293,0.7414429943363704,6.184191085939424,17.319157412940537,0.8651619064713086,59.70719119729798,0
fold_2,zone_hour_average,local_hour,8,8122,18.606594316196084,0.9618320610687023,8.288481678499274,21.40100348834787,0.7941137421710751,78.97497297472142,0
fold_2,rolling_mean_24h,local_hour,8,8122,20.29003529508331,0.9193548387096774,12.01598538947714,30.33929088651355,0.586219579913144,88.97277400637519,0
fold_2,hist_gradient_boosting,local_hour,8,8122,19.738969805958178,1.0,4.070465343415207,9.23312593022237,0.9616772556300288,80.72268686022569,0
fold_2,latest_available,local_hour,8,8122,15.35089879340064,0.7446441763112533,6.993105146515637,17.11881793828179,0.868263345343403,59.43723108401092,0
fold_2,previous_day_24h,local_hour,9,8122,20.33969465648855,0.7270376754493967,6.314454567840434,16.465906513789545,0.8815353439389982,60.61444109634636,0
fold_2,previous_week_168h,local_hour,9,8122,20.072519083969464,0.7266683082984486,5.5518345235163755,15.344609160487158,0.8971204231409442,60.58700968184047,0
fold_2,zone_hour_average,local_hour,9,8122,19.704451393359697,0.9580152671755725,5.90850078471977,15.96807995942766,0.8885903257246912,77.03588719865897,0
fold_2,rolling_mean_24h,local_hour,9,8122,20.312074201756545,0.9204629401625215,9.32579208733481,24.779614703165617,0.7317086901867851,81.96902679597466,0
fold_2,hist_gradient_boosting,local_hour,9,8122,20.980447949062494,1.0,4.028669437741146,8.907453210326363,0.9653323337696397,86.04839539012588,0
fold_2,latest_available,local_hour,9,8122,20.43191332184191,0.7519083969465649,5.694779610933268,12.41349778901151,0.932670428641274,62.347898765418385,0
fold_2,previous_day_24h,local_hour,10,8122,20.301403595173603,0.7013050972666831,4.869367150948042,12.865599072630108,0.9287570106454509,61.320764263917816,0
fold_2,previous_week_168h,local_hour,10,8122,19.76003447426742,0.6926865304112287,5.4360994828859885,15.84269197275545,0.8919710726312834,62.21415032574529,0
fold_2,zone_hour_average,local_hour,10,8122,20.34971948864159,0.9465648854961832,4.048774264751693,11.183654509246038,0.9461668749572266,76.68301988773702,0
fold_2,rolling_mean_24h,local_hour,10,8122,20.32806985143232,0.9203398177788722,7.372065583189691,20.317522159420466,0.822326117978577,80.25695912699922,0
fold_2,hist_gradient_boosting,local_hour,10,8122,20.995390112030584,1.0,3.7556050455228553,8.685632233625949,0.9675297987542242,88.777763006192,0
fold_2,latest_available,local_hour,10,8122,20.723590248707215,0.7271607978330461,5.26225067717311,11.979081743147617,0.9382368888666467,62.084621171104715,0
fold_2,previous_day_24h,local_hour,11,8122,21.62078305836001,0.6956414676188131,4.819995075104654,12.61969044975055,0.9405696332703499,60.96515398682928,0
fold_2,previous_week_168h,local_hour,11,8122,20.55257325781827,0.686037921694164,5.185422309775917,15.48962048510925,0.9104650572753732,62.45709526829676,0
fold_2,zone_hour_average,local_hour,11,8122,21.890048744596708,0.9580152671755725,3.893780984563717,10.419060997509618,0.9594894474349527,80.30283497506687,0
fold_2,rolling_mean_24h,local_hour,11,8122,20.336642247393907,0.9203398177788722,7.158289214479194,20.13893875634086,0.8486493925877507,78.71877620531501,0
fold_2,hist_gradient_boosting,local_hour,11,8122,21.47639341927559,1.0,3.411741576449005,8.13960131541117,0.9752760832569005,89.22182032406667,0
fold_2,latest_available,local_hour,11,8122,20.50714109825166,0.7019207091849298,4.334523516375277,10.29830256428171,0.9604230519920499,61.00251259458658,0
fold_2,previous_day_24h,local_hour,12,8122,23.32233440039399,0.6930558975621768,5.144915045555282,13.4360918571215,0.9422201943809774,62.582835006158334,0
fold_2,previous_week_168h,local_hour,12,8122,21.994951982270376,0.6824673725683329,5.34326520561438,15.882649558737473,0.9192623591810547,60.542223731480824,0
fold_2,zone_hour_average,local_hour,12,8122,23.638462245930288,0.950381679389313,4.2617923058894025,11.200083769369247,0.9598511888597239,78.35313234357054,0
fold_2,rolling_mean_24h,local_hour,12,8122,20.341987810884017,0.9198473282442748,7.700263687104983,21.96016564172434,0.8456518703736868,78.70137609654651,0
fold_2,hist_gradient_boosting,local_hour,12,8122,23.06213522154601,1.0,3.5292909192205997,8.287304881831464,0.9780185275480298,87.83402234222442,0
fold_2,latest_available,local_hour,12,8122,21.74907658212263,0.6967495690716572,4.276902240827383,10.398564341269296,0.9653919671242199,59.02423730705203,0
fold_2,previous_day_24h,local_hour,13,8122,24.02277764097513,0.6937946318640729,5.436961339571534,14.42264475072155,0.9368954916200304,59.97697966443246,0
fold_2,previous_week_168h,local_hour,13,8122,22.778256587047526,0.6852991873922679,5.4832553558236885,16.289628813906518,0.919500542882795,59.95630273848159,0
fold_2,zone_hour_average,local_hour,13,8122,24.71769520831417,0.9541984732824428,4.4598116672550825,11.786074843702544,0.9578585995411211,79.16128188935879,0
fold_2,rolling_mean_24h,local_hour,13,8122,20.347830994008042,0.9198473282442748,7.38657350406304,21.281638504801293,0.8626019090066308,77.47272249411972,0
fold_2,hist_gradient_boosting,local_hour,13,8122,24.092124920295838,1.0,3.6538990871107107,8.982578024865543,0.9755221893197952,87.78051008339092,0
fold_2,latest_available,local_hour,13,8122,23.4625707953706,0.6967495690716572,4.234794385619305,10.358122028041382,0.967451376921565,58.27707435738181,0
fold_2,previous_day_24h,local_hour,14,8122,26.034720512189114,0.7045062792415662,6.008618566855454,16.763906597001984,0.9296438364968583,61.86646926079812,0
fold_2,previous_week_168h,local_hour,14,8122,24.676680620536814,0.6971189362226052,6.129770992366412,18.537854680189046,0.9139658977283444,62.99603371920118,0
fold_2,zone_hour_average,local_hour,14,8122,26.295180722891565,0.9656488549618321,5.286654126973295,14.516553062385958,0.9472431694786351,80.59662380077624,0
fold_2,rolling_mean_24h,local_hour,14,8122,20.351488754822288,0.9194779610933268,8.646264261676105,26.178973229527315,0.8284238562388234,77.61711889495126,0
fold_2,hist_gradient_boosting,local_hour,14,8122,25.454970598231196,1.0,4.0923546341111,10.57512790600977,0.9720022621769809,87.46522101580221,0
fold_2,latest_available,local_hour,14,8122,24.110563900517114,0.695272100467865,4.938438808175326,13.336984438132164,0.9554685359540771,59.06745827031656,0
fold_2,previous_day_24h,local_hour,15,8122,27.211893622260526,0.6942871213986703,6.625461708938685,19.182831885644987,0.9195572560195097,62.261826373823396,0
fold_2,previous_week_168h,local_hour,15,8122,26.009603545924648,0.6908396946564885,6.459615858163014,20.427929300193906,0.9087757866256948,61.09020053554831,0
fold_2,zone_hour_average,local_hour,15,8122,28.03729421502805,0.950381679389313,6.189813180325339,17.38562537572333,0.933924254862421,80.09805920268332,0
fold_2,rolling_mean_24h,local_hour,15,8122,20.354453952228514,0.9199704506279242,9.70184375769515,30.474165277360715,0.7969864282267644,79.41966190175211,0
fold_2,hist_gradient_boosting,local_hour,15,8122,27.066646097281524,1.0,4.290344664791429,11.405706046688474,0.9715615590408322,88.89090816521434,0
fold_2,latest_available,local_hour,15,8122,26.10588524993844,0.7046294016252155,4.75658704752524,12.729261757866041,0.9645784248922026,59.93865469193027,0
fold_2,previous_day_24h,local_hour,16,8122,28.20155134203398,0.6792661905934498,7.097143560699335,20.100948755021662,0.9158891543721408,63.06193099398475,0
fold_2,previous_week_168h,local_hour,16,8122,27.367150948042354,0.6848066978576706,6.929081507017976,21.061845354140825,0.9076553529342806,61.450242139547264,0
fold_2,zone_hour_average,local_hour,16,8122,28.977789018670098,0.9465648854961832,6.254817348685558,17.840047837510937,0.9337461811902944,81.79439599409326,0
fold_2,rolling_mean_24h,local_hour,16,8122,20.358681154067142,0.9198473282442748,10.429332881884593,31.141985728793152,0.7981115428251888,82.34310546708892,0
fold_2,hist_gradient_boosting,local_hour,16,8122,28.10250726455446,1.0,4.537681655174349,12.28894042206732,0.9685625172607258,90.45948863881992,0
fold_2,latest_available,local_hour,16,8122,27.31334646638759,0.6958877123861118,5.285274562915538,14.348689158640514,0.9571408709607584,60.60796314921612,0
fold_2,previous_day_24h,local_hour,17,8122,32.2360256094558,0.6795124353607486,8.516498399409013,25.636057832990804,0.8962881762406112,63.11564796897619,0
fold_2,previous_week_168h,local_hour,17,8122,30.949642945087415,0.6936715094804236,7.910243782319625,24.527725795040205,0.9050619404608097,62.62777356506971,0
fold_2,zone_hour_average,local_hour,17,8122,32.1964959072933,0.9465648854961832,7.8453034002545525,23.589393101779514,0.9121868974910563,81.97485882923816,0
fold_2,rolling_mean_24h,local_hour,17,8122,20.360286875153903,0.9199704506279242,14.025476073216778,42.172350849270074,0.7193394267516755,83.89791064060809,0
fold_2,hist_gradient_boosting,local_hour,17,8122,31.255520723152554,1.0,4.949403749762226,13.913298936550827,0.9694517723252348,89.33998809428834,0
fold_2,latest_available,local_hour,17,8122,28.240088648116227,0.6804974144299434,6.826151194287122,19.01768898839953,0.9429256114430391,59.941714618461134,0
fold_2,previous_day_24h,local_hour,18,8122,34.41886234917508,0.6596897315932037,9.078921447919232,25.755448784349124,0.9026912359874095,62.7546411376534,0
fold_2,previous_week_168h,local_hour,18,8122,33.64676188131002,0.6804974144299434,7.779857178034967,22.712912299544858,0.9243237922648562,62.94860394168935,0
fold_2,zone_hour_average,local_hour,18,8122,34.159793334574566,0.950381679389313,8.769846727647282,24.966597312558044,0.9085607982964431,86.94948036809514,0
fold_2,rolling_mean_24h,local_hour,18,8122,20.364160100139536,0.9200935730115735,15.667123245506033,44.66284672086042,0.7073783100683639,88.7998123163132,0
fold_2,hist_gradient_boosting,local_hour,18,8122,34.43863985213115,1.0,5.262152976660831,13.576347080264823,0.9729616878736426,93.33729304796246,0
fold_2,latest_available,local_hour,18,8122,32.328983009111056,0.6801280472789953,6.522162029056883,16.694744058904202,0.9591141299849086,61.096483665417516,0
fold_2,previous_day_24h,local_hour,19,8122,31.795124353607484,0.6441763112533858,9.677788721989657,27.84128735273872,0.8639935592226402,65.82583578356119,0
fold_2,previous_week_168h,local_hour,19,8122,32.66055158827875,0.6766806205368135,7.9219404087663134,23.759480799257446,0.9009499401895218,63.335956722922674,0
fold_2,zone_hour_average,local_hour,19,8122,30.2241202755539,0.9541984732824428,8.94147032149957,25.910942412532453,0.8821994635458563,92.98662038988915,0
fold_2,rolling_mean_24h,local_hour,19,8122,20.36173356316178,0.9200935730115735,12.98940121480752,37.54444722556344,0.7526725732475601,90.77151829314057,0
fold_2,hist_gradient_boosting,local_hour,19,8122,31.778049001354905,1.0,5.1447360139073695,14.202964642794331,0.9646052489686212,98.50875963177805,0
fold_2,latest_available,local_hour,19,8122,34.36062546170894,0.6567347943856193,6.728638266436838,18.369212650670825,0.9407945163012923,60.14841675250115,0
fold_2,previous_day_24h,local_hour,20,8122,30.004555528195027,0.6172125092341788,9.833292292538783,30.158470885739035,0.837428641922338,65.81212085226053,0
fold_2,previous_week_168h,local_hour,20,8122,30.40581137650825,0.6500861856685546,7.655872937700074,23.074777001341957,0.9048299224465235,63.948396674446336,0
fold_2,zone_hour_average,local_hour,20,8122,27.527927760193634,0.9465648854961832,9.11040474231386,28.858964869492613,0.8511369554377054,97.63805343426858,0
fold_2,rolling_mean_24h,local_hour,20,8122,20.347353894771402,0.9203398177788722,12.077315726832472,38.60244580667718,0.7336485644353856,94.54356342262312,0
fold_2,hist_gradient_boosting,local_hour,20,8122,29.997663501596517,1.0,5.2539727231327245,14.477044614826077,0.962538494777556,103.77623357926157,0
fold_2,latest_available,local_hour,20,8122,31.450012312238364,0.6383895592218666,6.45850775671017,17.00530067860203,0.9483114881644564,61.11040292569919,0
fold_2,previous_day_24h,local_hour,21,8122,30.424279734055652,0.5863087909381925,10.780472789953214,33.86105312144001,0.819643311184519,65.53715148529452,0
fold_2,previous_week_168h,local_hour,21,8122,29.706476237379956,0.6044077813346467,8.211154887958632,26.177159112425514,0.8922105249563985,63.828340183431195,0
fold_2,zone_hour_average,local_hour,21,8122,27.829780301619806,0.950381679389313,10.092532477282418,31.839196268605924,0.8405386180603698,102.57868757826165,0
fold_2,rolling_mean_24h,local_hour,21,8122,20.332558688336206,0.9204629401625215,13.817948165476484,44.4216449541632,0.6896007919354821,99.44091451780601,0
fold_2,hist_gradient_boosting,local_hour,21,8122,29.38013105731875,1.0,5.52298256400046,15.696459933905002,0.9612443734031172,108.4016487737955,0
fold_2,latest_available,local_hour,21,8122,29.649470573750307,0.6085939423787244,6.8485594681113025,19.809073905979513,0.9382752022040843,61.40870092641517,0
fold_2,previous_day_24h,local_hour,22,8122,26.830706722482148,0.5863087909381925,10.919231716326028,34.77366930348834,0.7546402548628004,66.9250083744702,0
fold_2,previous_week_168h,local_hour,22,8122,26.907904457030288,0.5940655011081014,7.682713617335631,23.506790397236518,0.887878488905399,64.46334652858654,0
fold_2,zone_hour_average,local_hour,22,8122,25.382749953453732,0.9580152671755725,10.064184299193398,29.698909517359102,0.8210287468876089,104.75741918070477,0
fold_2,rolling_mean_24h,local_hour,22,8122,20.32739267832225,0.9203398177788722,12.697950012312239,38.995419801996505,0.6914472136385739,100.08199570473018,0
fold_2,hist_gradient_boosting,local_hour,22,8122,26.821920618696886,1.0,5.487488153963069,16.329417575778912,0.9458942199857789,108.925587382142,0
fold_2,latest_available,local_hour,22,8122,30.300295493720757,0.5810145284412707,8.481408520068948,26.598855955535278,0.8564417393944754,59.502303161613,0
fold_2,previous_day_24h,local_hour,23,8122,20.49987687761635,0.569441024378232,11.254001477468604,39.42149849023952,0.5325987245469499,72.41780944573372,0
fold_2,previous_week_168h,local_hour,23,8122,20.784782073380942,0.5847081999507511,6.5098497906919475,21.546645710962654,0.8603686370636673,63.25098711974162,0
fold_2,zone_hour_average,local_hour,23,8122,20.031884192887727,0.9465648854961832,10.948088900366965,32.96773584986461,0.6731098161166855,110.98732743969829,0
fold_2,rolling_mean_24h,local_hour,23,8122,20.312351227119755,0.9197242058606254,12.495690716572273,37.76841939732629,0.5709763277304675,106.61826083908066,0
fold_2,hist_gradient_boosting,local_hour,23,8122,20.382559319472332,1.0,5.162153309339166,16.175891162856278,0.9213026573009473,114.63337081498304,0
fold_2,latest_available,local_hour,23,8122,26.46971189362226,0.5826151194287121,10.149963063284906,31.2155646273803,0.7069336026704208,64.32737210041557,0
fold_2,previous_day_24h,weekend,0,138336,19.858713566967385,0.6220795743696507,6.572143187601203,23.71569713129507,0.8355680837959663,63.29565051815505,0
fold_2,previous_week_168h,weekend,0,138336,19.93484703909322,0.6242771223687255,5.711513994910941,18.710096717454398,0.8976550561630182,61.69404371917114,0
fold_2,zone_hour_average,weekend,0,138336,19.797603512168205,0.9508587786259542,5.959385044876448,18.758269665020926,0.89712736198132,95.65824866642643,0
fold_2,rolling_mean_24h,weekend,0,138336,19.584288435403653,0.9188280707841776,12.443267057502505,36.134436045403916,0.6182694754672245,99.84561332252675,0
fold_2,hist_gradient_boosting,weekend,0,138336,20.36427556754359,0.999884339578996,3.8543407959045797,10.971559980369362,0.9648074213048277,102.44316424861586,0
fold_2,latest_available,weekend,0,138336,20.295909958362248,0.6234385843164469,5.731248554244737,17.1022530822813,0.9144891969777955,62.26130133688774,0
fold_2,previous_day_24h,weekend,1,56330,21.68933072962897,0.6393751109533109,8.199201136161903,27.779362303663934,0.7369178611565497,66.35503700046335,0
fold_2,previous_week_168h,weekend,1,56330,19.536907509320077,0.6374045801526718,5.069430143795491,15.658027175178876,0.9164164322455073,61.76864856515603,0
fold_2,zone_hour_average,weekend,1,56330,19.859383552664628,0.9509852654003196,8.424995765320007,28.799782797946637,0.7172352653709764,98.31894508351544,0
fold_2,rolling_mean_24h,weekend,1,56330,22.161714450559206,0.9219953843422688,12.400034765370732,36.706696955500796,0.5406566506223831,97.0579483232139,0
fold_2,hist_gradient_boosting,weekend,1,56330,19.667368436526925,1.0,3.8516157681017953,10.75437020362684,0.960570907197962,101.05315297061321,0
fold_2,latest_available,weekend,1,56330,20.30734954731049,0.6324161192969998,5.677756080241434,16.52122348655307,0.9069468172428052,62.25863913672459,0
fold_2,previous_day_24h,rush_hour,0,160082,19.21249734511063,0.6093377144213591,6.93261578441049,25.612450975198755,0.7785672409030067,64.75286986306129,0
fold_2,previous_week_168h,rush_hour,0,160082,18.341499981259606,0.6060144176109744,5.095725940455517,16.889144823033895,0.9037158256262242,61.892802301366984,0
fold_2,zone_hour_average,rush_hour,0,160082,18.774621862818965,0.9503192114041553,6.632595182274403,22.643504919281416,0.8269279679020974,100.82713149712694,0
fold_2,rolling_mean_24h,rush_hour,0,160082,20.51587519729472,0.9198848090353694,12.42543821291588,36.42416788933869,0.5521641368203192,102.29220161728931,0
fold_2,hist_gradient_boosting,rush_hour,0,160082,18.59357665590183,0.9999000512237478,3.6221771261793005,10.569083597633004,0.9622936705911349,106.01313355706338,0
fold_2,latest_available,rush_hour,0,160082,19.420778101223124,0.6018040754113517,5.364556914581277,16.471699027565794,0.9084166790507339,62.530351628952836,0
fold_2,previous_day_24h,rush_hour,1,34584,25.831598427018275,0.7092297015961138,7.553724265556327,21.683804322166957,0.8994121974422389,61.53358289662915,0
fold_2,previous_week_168h,rush_hour,1,34584,26.661953504510755,0.7301931529030765,7.516047883414296,21.892388829046197,0.8974677075231309,60.89554787193694,0
fold_2,zone_hour_average,rush_hour,1,34584,24.633395152010014,0.9535623409669212,6.859194976279587,19.625023677425716,0.9176061606367412,76.06629654609404,0
fold_2,rolling_mean_24h,rush_hour,1,34584,19.47025117588095,0.9190955355077493,12.45537676382142,35.72510614959709,0.7269630540966636,83.9803601183435,0
fold_2,hist_gradient_boosting,rush_hour,1,34584,27.425351339093066,1.0,4.924538683969328,12.36200588187322,0.9673071897770844,83.65450006504008,0
fold_2,latest_available,rush_hour,1,34584,24.36534235484617,0.7382026370575989,7.341458477908859,18.93829464771776,0.9232716074329241,61.011588446835766,0
fold_2,previous_day_24h,zone_cohort,dense,127053,31.039424492141077,0.8370286415905174,10.550990531510472,30.884566974755675,0.7971210696508491,70.10670020639206,0
fold_2,previous_week_168h,zone_cohort,dense,127053,30.16125553902702,0.8360998953192762,8.226779375536193,22.116019371262965,0.8959677870925111,66.68058029729734,0
fold_2,zone_hour_average,zone_cohort,dense,127053,30.16159141895009,0.9997560073355214,10.012647861299742,27.39425872433401,0.8403852509085635,71.69677188017184,0
fold_2,rolling_mean_24h,zone_cohort,dense,127053,30.949539758998213,1.0,18.80489539798352,44.928312977754395,0.5706671333021487,83.97024638999436,0
fold_2,hist_gradient_boosting,zone_cohort,dense,127053,30.63688244646209,0.9998740683022046,5.649089257494991,13.490530492987883,0.9612909984707138,65.76722182745937,0
fold_2,latest_available,zone_cohort,dense,127053,30.902395063477446,0.8353679173258404,8.522561450733159,20.950662646378177,0.9066424510884787,67.354985842539,0
fold_2,previous_day_24h,zone_cohort,sparse,67613,0.37393696478487864,0.23257361749959327,0.450948782038957,1.1149325345813963,-0.246822139256496,53.04571255517235,0
fold_2,previous_week_168h,zone_cohort,sparse,67613,0.3866564122284176,0.23717332465650096,0.45009095883927647,1.1769607329611276,-0.3894127351366292,52.38589379406296,0
fold_2,zone_hour_average,zone_cohort,sparse,67613,0.3738878681471493,0.8590803543697217,0.3969732493276164,0.876710828592382,0.22906090565219506,142.90144951979235,0
fold_2,rolling_mean_24h,zone_cohort,sparse,67613,0.37492235221037373,0.7689349681274311,0.4529805658675107,0.9397987300536832,0.11411563776519473,127.35487671074706,0
fold_2,hist_gradient_boosting,zone_cohort,sparse,67613,0.4801955758644582,1.0,0.47952120342121923,0.8085942123249663,0.3442042696845884,170.2036419251767,0
fold_2,latest_available,zone_cohort,sparse,67613,0.3745729371570556,0.2326771478857616,0.44146835667697043,1.0131506298417632,-0.02956878130138252,52.68743448832755,0
fold_2,previous_day_24h,target_cohort,positive,121824,32.27111242448122,0.8484781323877069,10.946004071447334,31.509455627354626,0.795205624900799,71.84500873650184,0
fold_2,previous_week_168h,target_cohort,positive,121824,31.40363146834778,0.8507108615707907,8.562877593905963,22.58399958016819,0.8947946227744429,68.03532313510061,0
fold_2,zone_hour_average,target_cohort,positive,121824,31.31476465646553,0.9994910690832677,10.313789036288922,27.965171782615347,0.8386863170652616,50.09099737386058,0
fold_2,rolling_mean_24h,target_cohort,positive,121824,31.84852430555556,0.9979478592067245,19.225923258142895,45.72016999407372,0.5688266632289078,63.90954979012096,0
fold_2,hist_gradient_boosting,target_cohort,positive,121824,31.87627582040465,0.9999097058050959,5.815567877947977,13.772831895616045,0.9608724443993719,43.476668606605976,0
fold_2,latest_available,target_cohort,positive,121824,32.175655043341216,0.8495124113475178,8.872348634095088,21.391921855207674,0.9056078603458675,69.31810254392728,0
fold_2,previous_day_24h,target_cohort,zero,72842,0.5153482880755608,0.2568161225666511,0.5153482880755608,2.1022730333776622,,51.36322451333022,0
fold_2,previous_week_168h,target_cohort,zero,72842,0.44623980670492297,0.2557315834271437,0.44623980670492297,1.1882997228372696,,51.14631668542874,0
fold_2,zone_hour_average,target_cohort,zero,72842,0.5835982739579181,0.8696219214189616,0.5835982739579181,1.3138969663903795,,173.9243842837923,0
fold_2,rolling_mean_24h,target_cohort,zero,72842,1.0662375415282392,0.7889541747892699,1.0662375415282392,5.066928237638765,,157.79083495785397,0
fold_2,hist_gradient_boosting,target_cohort,zero,72842,0.5721954833241215,0.9999313582823096,0.5721954833241215,0.8941630429866675,,199.98627165646192,0
fold_2,latest_available,target_cohort,zero,72842,0.4365750528541226,0.25228576919908846,0.4365750528541226,1.101647291012821,,50.457153839817686,0
fold_3,previous_day_24h,borough,Bronx,30960,1.1548772609819122,0.4908268733850129,1.0036175710594315,1.7159760031570526,0.07207354528635979,77.125156720119,0
fold_3,previous_week_168h,borough,Bronx,30960,1.160109819121447,0.49334625322997416,0.9628552971576227,1.656480500512702,0.13530331950294894,75.23216920340201,0
fold_3,zone_hour_average,borough,Bronx,30960,1.215564970170504,0.9806201550387597,0.842669111323047,1.3008557432693426,0.46672722374454045,123.83837380782713,0
fold_3,rolling_mean_24h,borough,Bronx,30960,1.1562876830318691,0.9631136950904393,1.076383505598622,1.616941489412129,0.1760900538850403,124.65617341646588,0
fold_3,hist_gradient_boosting,borough,Bronx,30960,1.1899597098275836,1.0,0.8618694446268826,1.308385022783311,0.4605362535783113,129.43964078683277,0
fold_3,latest_available,borough,Bronx,30960,1.1578488372093023,0.49111757105943155,1.0016149870801034,1.699597155491875,0.08970296720251114,77.9992788961513,0
fold_3,previous_day_24h,borough,Brooklyn,43920,3.18023679417122,0.6691256830601093,2.1924635701275044,4.668522757348777,0.21776143369381595,77.76338617229126,0
fold_3,previous_week_168h,borough,Brooklyn,43920,3.1583105646630236,0.6704918032786885,1.7662568306010928,3.0765802579794186,0.6602834058427562,72.87588919962663,0
fold_3,zone_hour_average,borough,Brooklyn,43920,3.5411444020537224,0.9938524590163934,2.0165979304638637,3.887221424049229,0.45767600157956123,100.2631030030525,0
fold_3,rolling_mean_24h,borough,Brooklyn,43920,3.1869260397692774,0.9866575591985428,2.4173658545840926,4.377838960025197,0.3121403611197492,105.29332609198782,0
fold_3,hist_gradient_boosting,borough,Brooklyn,43920,3.1453871366258017,1.0,1.5379813270293747,2.57623493225599,0.7617948245938951,98.95010734840591,0
fold_3,latest_available,borough,Brooklyn,43920,3.192190346083789,0.670059198542805,1.860063752276867,3.256281585367861,0.6194390959760501,75.62222935216971,0
fold_3,previous_day_24h,borough,Manhattan,49680,66.17894524959742,0.8807971014492754,18.874376006441224,42.005588971360915,0.7885314223013181,42.24122676724721,0
fold_3,previous_week_168h,borough,Manhattan,49680,65.07502012882448,0.8813003220611916,11.911674718196457,23.43267414085094,0.9341924997954975,32.7761685741658,0
fold_3,zone_hour_average,borough,Manhattan,49680,65.00960731990348,0.9589371980676329,18.749127117602605,38.149453506482004,0.8255751615176165,50.162782385054,0
fold_3,rolling_mean_24h,borough,Manhattan,49680,66.32342575818573,0.9565418679549115,39.373405629361244,66.4731907295277,0.47042833677396545,73.33863732930932,0
fold_3,hist_gradient_boosting,borough,Manhattan,49680,66.3200937971309,0.9997987117552335,9.36591490833494,17.326867530701435,0.9640191186135872,46.08135370814408,0
fold_3,latest_available,borough,Manhattan,49680,66.5941425120773,0.8811795491143317,16.32693236714976,30.75393485160367,0.8866469872551925,42.11196694026937,0
fold_3,previous_day_24h,borough,Queens,49680,6.75787037037037,0.5312600644122383,2.5854066022544284,11.664866148157396,0.8919157024231529,74.03780043500268,0
fold_3,previous_week_168h,borough,Queens,49680,6.709782608695652,0.5320048309178744,2.2638486312399357,9.162660521163433,0.9333122173736573,71.84830263640858,0
fold_3,zone_hour_average,borough,Queens,49680,6.822144686436335,0.9927536231884058,2.322034284385579,9.542082568665633,0.927674836263644,121.71768290464412,0
fold_3,rolling_mean_24h,borough,Queens,49680,6.763133219269994,0.952012882447665,4.128258353462158,19.741519070135805,0.6904261840966579,117.9104408712439,0
fold_3,hist_gradient_boosting,borough,Queens,49680,6.750840163594975,0.9998389694041868,1.9220911630354371,7.322361809943693,0.957410214420005,123.2694795811082,0
fold_3,latest_available,borough,Queens,49680,6.788969404186796,0.530817230273752,2.6040660225442833,10.883003930770487,0.905919274647417,74.52509216543632,0
fold_3,previous_day_24h,borough,Staten Island,14400,0.02020833333333333,0.01840277777777778,0.03756944444444445,0.2119682890329484,-1.0320422670375033,6.9259259259259265,0
fold_3,previous_week_168h,borough,Staten Island,14400,0.02236111111111111,0.01923611111111111,0.03888888888888889,0.22484562605386735,-1.286440139726897,6.930555555555555,0
fold_3,zone_hour_average,borough,Staten Island,14400,0.03262989874668234,0.6895833333333333,0.04835654751893254,0.1499695822867935,-0.017178828520926226,137.6557736733716,0
fold_3,rolling_mean_24h,borough,Staten Island,14400,0.020141782407407403,0.31298611111111113,0.03845775462962963,0.15081000753237028,-0.028611254575846123,64.17931530977653,0
fold_3,hist_gradient_boosting,borough,Staten Island,14400,0.2192135079845458,1.0,0.22929524147059377,0.2541333506730349,-1.9208837573378466,198.54404012027797,0
fold_3,latest_available,borough,Staten Island,14400,0.01972222222222222,0.018472222222222223,0.037083333333333336,0.20615528128088303,-0.922117260319864,6.921296296296297,0
fold_3,previous_day_24h,local_hour,0,7860,13.793384223918576,0.48982188295165396,8.468956743002545,37.41461186036249,0.41413563448413704,62.62255173785426,0
fold_3,previous_week_168h,local_hour,0,7860,14.195928753180661,0.49287531806615775,4.0539440203562345,14.961069072304277,0.9063215166410805,53.53312049735248,0
fold_3,zone_hour_average,local_hour,0,7860,14.658717827467406,0.9541984732824428,9.529302618838525,33.31762347285541,0.5354177353205554,126.1262173618486,0
fold_3,rolling_mean_24h,local_hour,0,7860,20.140071034775236,0.9145038167938931,13.917912425784566,42.204043583980116,0.25454278806860364,121.58995801817356,0
fold_3,hist_gradient_boosting,local_hour,0,7860,14.470835069109835,1.0,3.313574845505512,10.428755296631318,0.9544823796369435,126.0822287571168,0
fold_3,latest_available,local_hour,0,7860,20.771628498727736,0.5641221374045802,8.559923664122138,25.89550591247648,0.7193510671415393,64.39150920140965,0
fold_3,previous_day_24h,local_hour,1,7860,8.848473282442749,0.41475826972010177,6.576590330788804,35.32306010333212,0.2641528523573158,57.03293645891686,0
fold_3,previous_week_168h,local_hour,1,7860,9.160178117048346,0.421882951653944,2.801526717557252,12.289675842572969,0.9109258214339774,49.9304444579895,0
fold_3,zone_hour_average,local_hour,1,7860,9.71738836722286,0.9465648854961832,7.905542795379315,31.673584988858433,0.4083492571518559,139.0337695531194,0
fold_3,rolling_mean_24h,local_hour,1,7860,20.142350508905853,0.9146310432569974,16.41664016115352,46.45867767314208,-0.27293040273379376,140.2710751222051,0
fold_3,hist_gradient_boosting,local_hour,1,7860,9.301127722919032,1.0,2.2223736808327006,7.264024725087973,0.9688810025015303,137.8409871946426,0
fold_3,latest_available,local_hour,1,7860,13.848091603053435,0.4902035623409669,5.611832061068703,17.504107115283198,0.8193030197663326,61.347928402482964,0
fold_3,previous_day_24h,local_hour,2,7860,5.744783715012723,0.3555979643765903,4.764758269720102,26.451080681348277,0.20071734124312568,52.05064671527005,0
fold_3,previous_week_168h,local_hour,2,7860,5.96882951653944,0.3642493638676845,1.9923664122137406,9.241652584556437,0.9024307813986698,45.78243028535233,0
fold_3,zone_hour_average,local_hour,2,7860,6.454368865866957,0.9351145038167938,5.819924572882588,23.564731362261,0.36563598883273984,145.49957925573497,0
fold_3,rolling_mean_24h,local_hour,2,7860,20.143548558100083,0.9146310432569974,17.24340012722646,45.366611602452124,-1.3511819387100998,152.5124308443697,0
fold_3,hist_gradient_boosting,local_hour,2,7860,6.10271136769699,0.9977099236641221,1.675389711167792,5.760249228428269,0.9620950350784873,145.9703709227145,0
fold_3,latest_available,local_hour,2,7860,8.877226463104325,0.41564885496183207,3.5669211195928754,14.115508587975178,0.7723819956227505,52.40333999542314,0
fold_3,previous_day_24h,local_hour,3,7860,3.9922391857506363,0.37302798982188295,3.395038167938931,16.96207789493949,0.2044887628376617,57.40841013268188,0
fold_3,previous_week_168h,local_hour,3,7860,4.2180661577608145,0.38702290076335877,1.615267175572519,6.708298760835794,0.8755734657974665,51.68967183437907,0
fold_3,zone_hour_average,local_hour,3,7860,4.720698507059381,0.9618320610687023,4.1461280371095945,15.136529514288606,0.3665084354668501,147.74928345681576,0
fold_3,rolling_mean_24h,local_hour,3,7860,20.143638676844784,0.9143765903307888,17.316709075487704,44.515266879677995,-4.479061497286753,151.85823561569723,0
fold_3,hist_gradient_boosting,local_hour,3,7860,4.382771264469574,1.0,1.4231119501454892,4.7934255230070395,0.9364698062026842,144.3501901692424,0
fold_3,latest_available,local_hour,3,7860,5.746946564885496,0.3559796437659033,2.4466921119592877,11.897713980608906,0.6086050112516971,50.664851999344926,0
fold_3,previous_day_24h,local_hour,4,7860,3.3071246819338422,0.4910941475826972,2.5389312977099237,8.795702165849569,0.25820001413839155,67.03406366619127,0
fold_3,previous_week_168h,local_hour,4,7860,3.505089058524173,0.5,1.5834605597964377,4.315986025111381,0.8213899672907994,61.18880900813418,0
fold_3,zone_hour_average,local_hour,4,7860,3.934945619131257,0.950381679389313,2.7781846022202705,7.7946162263548295,0.417447239038398,123.33299290301478,0
fold_3,rolling_mean_24h,local_hour,4,7860,20.143675784563193,0.9143765903307888,17.337303859202716,44.6783312114091,-18.139900559158544,134.58044849717396,0
fold_3,hist_gradient_boosting,local_hour,4,7860,3.3371794718542374,1.0,1.381217506216437,3.168270573913908,0.9037523093537759,128.56290719638523,0
fold_3,latest_available,local_hour,4,7860,3.9931297709923665,0.3702290076335878,2.3615776081424937,10.401922899156675,-0.03746403716587943,66.07129389349184,0
fold_3,previous_day_24h,local_hour,5,7860,4.035114503816794,0.6027989821882952,2.061323155216285,4.408383177445644,0.7283859100952632,67.69560980181839,0
fold_3,previous_week_168h,local_hour,5,7860,3.95559796437659,0.6057251908396947,1.6535623409669211,3.295864476326421,0.8481788372493857,61.326003278968784,0
fold_3,zone_hour_average,local_hour,5,7860,4.2922718367898405,0.9541984732824428,1.7961088968452341,3.6855857258457307,0.8101517244338781,99.0655477617526,0
fold_3,rolling_mean_24h,local_hour,5,7860,20.144343723494487,0.9142493638676845,16.74787425784563,43.38854455765935,-25.31138968003473,116.11701541103585,0
fold_3,hist_gradient_boosting,local_hour,5,7860,3.967386282110291,1.0,1.7860894655647168,3.7316098521544947,0.8053806201869613,110.36064689793297,0
fold_3,latest_available,local_hour,5,7860,3.323155216284987,0.49236641221374045,3.4704834605597963,9.919190026852196,-0.3751372386229028,82.01886662204404,0
fold_3,previous_day_24h,local_hour,6,7860,8.228753180661577,0.6909669211195929,3.2782442748091603,7.2289441544243696,0.8227396160165729,63.08345544999731,0
fold_3,previous_week_168h,local_hour,6,7860,8.078498727735369,0.6909669211195929,2.48676844783715,4.818380837286502,0.9212475284888879,56.107059385317605,0
fold_3,zone_hour_average,local_hour,6,7860,8.233092272666399,0.9694656488549618,3.0859492879782153,6.675053518334286,0.848862772736427,87.72803539913681,0
fold_3,rolling_mean_24h,local_hour,6,7860,20.146177905004237,0.9145038167938931,13.935575699745547,37.06674274301277,-3.6604815612635777,99.64976895782522,0
fold_3,hist_gradient_boosting,local_hour,6,7860,7.9178795080158055,1.0,2.3622834019531633,4.657595541674627,0.9264156443849043,91.23406657090987,0
fold_3,latest_available,local_hour,6,7860,4.079134860050891,0.6036895674300254,4.870356234096692,11.353620892875314,0.5627490883430049,77.11196174117009,0
fold_3,previous_day_24h,local_hour,7,7860,14.934605597964376,0.7295165394402036,5.529007633587787,15.490216891264705,0.8039165370890522,62.895918552309666,0
fold_3,previous_week_168h,local_hour,7,7860,14.59236641221374,0.7311704834605598,3.7910941475826974,8.295312757241767,0.9437669680390021,56.65279971832353,0
fold_3,zone_hour_average,local_hour,7,7860,14.480380340163384,0.9618320610687023,6.308675951966429,15.956796977729358,0.7919261947710585,82.33415161118661,0
fold_3,rolling_mean_24h,local_hour,7,7860,20.150010602205256,0.9138676844783715,11.581265903307887,29.66703806167685,0.2807591455826838,93.2129785090549,0
fold_3,hist_gradient_boosting,local_hour,7,7860,15.01161024704042,1.0,3.3895313591276524,7.344690188373836,0.9559168181983944,84.39821151724286,0
fold_3,latest_available,local_hour,7,7860,8.320737913486004,0.6912213740458015,7.8049618320610685,22.106091063019576,0.6006535021931568,66.39333480471801,0
fold_3,previous_day_24h,local_hour,8,7860,19.97519083969466,0.7321882951653944,6.948854961832061,19.558400835881177,0.8338060367562401,62.401786226685026,0
fold_3,previous_week_168h,local_hour,8,7860,19.717430025445292,0.733969465648855,4.564885496183206,10.777981513074849,0.9495311477311976,55.88187765439954,0
fold_3,zone_hour_average,local_hour,8,7860,19.102952993169946,0.9694656488549618,7.639022811481631,20.771275418866097,0.8125545562740393,81.8518674358266,0
fold_3,rolling_mean_24h,local_hour,8,7860,20.156955046649706,0.9139949109414758,11.15876802374894,29.037511917399605,0.6336743222234791,87.71767746862135,0
fold_3,hist_gradient_boosting,local_hour,8,7860,20.193501568165132,1.0,3.6061624673103148,8.11185191350955,0.971411683122063,82.8677639234886,0
fold_3,latest_available,local_hour,8,7860,15.101272264631044,0.7302798982188295,6.964249363867684,17.575352131451854,0.8657987287148072,59.94165005437066,0
fold_3,previous_day_24h,local_hour,9,7860,21.031424936386767,0.7269720101781171,5.286259541984733,13.615961296787804,0.9221794999412914,57.31091934228313,0
fold_3,previous_week_168h,local_hour,9,7860,20.701908396946564,0.7264631043256997,4.088040712468193,9.237218664262501,0.9641837717187938,55.441343758307674,0
fold_3,zone_hour_average,local_hour,9,7860,19.981585643498057,0.9694656488549618,5.33236462657917,14.792332007983127,0.9081517909754441,77.39580650822974,0
fold_3,rolling_mean_24h,local_hour,9,7860,20.165383799830366,0.9145038167938931,8.59368108566582,22.828013057019817,0.781257271404977,80.68977757280298,0
fold_3,hist_gradient_boosting,local_hour,9,7860,21.087563783144688,1.0,3.5172055912536266,7.6794224200354515,0.9752454796709851,83.98568418490042,0
fold_3,latest_available,local_hour,9,7860,20.177480916030536,0.73206106870229,5.568193384223918,12.99042512923145,0.9291656147749999,59.44147392373442,0
fold_3,previous_day_24h,local_hour,10,7860,21.0676844783715,0.7022900763358778,4.593384223918575,11.420585404976682,0.9473480050273266,59.6028406161831,0
fold_3,previous_week_168h,local_hour,10,7860,20.793256997455472,0.700381679389313,3.9400763358778628,9.45131491854797,0.9639402619386599,58.2529971587777,0
fold_3,zone_hour_average,local_hour,10,7860,20.39252711932503,0.9656488549618321,4.035002901656176,10.781267450805418,0.9530778677933884,79.80051769021196,0
fold_3,rolling_mean_24h,local_hour,10,7860,20.170091178965226,0.9148854961832061,6.971501272264631,18.888517944487923,0.8559763325926506,78.961405651307,0
fold_3,hist_gradient_boosting,local_hour,10,7860,21.63663762557202,1.0,3.498917471767274,7.956725714995472,0.97444317648197,87.7995157702363,0
fold_3,latest_available,local_hour,10,7860,21.14440203562341,0.7279898218829517,5.016412213740458,11.762973996906922,0.944143673078787,59.5486281369019,0
fold_3,previous_day_24h,local_hour,11,7860,22.94796437659033,0.7055979643765903,4.6970737913486005,11.688302366628802,0.9540905168753274,60.250179022191745,0
fold_3,previous_week_168h,local_hour,11,7860,22.433715012722647,0.7005089058524173,4.056361323155216,9.990141450883035,0.9664615643001918,58.66276090873668,0
fold_3,zone_hour_average,local_hour,11,7860,21.851714209187087,0.9694656488549618,3.9799272353912767,10.713514695240228,0.9614287719170085,80.59624022206272,0
fold_3,rolling_mean_24h,local_hour,11,7860,20.176123833757423,0.9145038167938931,6.8240245971162,19.14501636349586,0.8768282785412512,76.94561523786031,0
fold_3,hist_gradient_boosting,local_hour,11,7860,22.55283509855254,1.0,3.423966528701172,8.142009859368692,0.9777226886147135,87.2468787833785,0
fold_3,latest_available,local_hour,11,7860,21.212468193384225,0.7038167938931298,4.845547073791349,11.982907674511969,0.9517470406403381,59.91246662909863,0
fold_3,previous_day_24h,local_hour,12,7860,24.895419847328245,0.7053435114503817,5.524045801526718,14.618050642276236,0.9388665520177247,59.259795411851016,0
fold_3,previous_week_168h,local_hour,12,7860,24.406361323155217,0.7013994910941476,4.704961832061069,12.56868660408294,0.9548061061059656,58.15866469634318,0
fold_3,zone_hour_average,local_hour,12,7860,23.590632114637742,0.9541984732824428,4.382386947011295,11.784321722714816,0.9602708614663897,77.95677575490201,0
fold_3,rolling_mean_24h,local_hour,12,7860,20.180168575063615,0.9136132315521629,7.679638464800678,22.53395716782637,0.8547303481072193,76.75231889473909,0
fold_3,hist_gradient_boosting,local_hour,12,7860,24.510974763261768,1.0,3.7259212913093376,9.650955987752605,0.9733534715190202,86.66332363680793,0
fold_3,latest_available,local_hour,12,7860,23.04503816793893,0.7064885496183206,4.54058524173028,11.632842644419373,0.961285676576615,58.95122833995906,0
fold_3,previous_day_24h,local_hour,13,7860,25.702798982188295,0.7019083969465649,5.7,14.774849684721223,0.9412300793248458,61.19146652145423,0
fold_3,previous_week_168h,local_hour,13,7860,25.27480916030534,0.6978371501272265,4.802544529262087,12.223428886382823,0.9597750917104434,58.86690305989465,0
fold_3,zone_hour_average,local_hour,13,7860,24.55259809829918,0.9580152671755725,4.733436007321102,12.517565207943312,0.9578159097889376,79.49698851150191,0
fold_3,rolling_mean_24h,local_hour,13,7860,20.182442748091603,0.9138676844783715,7.781340118744699,22.557533426434382,0.8630089541307318,77.09079548389853,0
fold_3,hist_gradient_boosting,local_hour,13,7860,25.7928067222376,1.0,3.676944063058125,8.934630471583914,0.9785087264286446,87.2849649839486,0
fold_3,latest_available,local_hour,13,7860,24.95,0.7053435114503817,4.359923664122137,10.7581852381487,0.9688407498462583,57.19935492316312,0
fold_3,previous_day_24h,local_hour,14,7860,28.18944020356234,0.7086513994910941,6.257124681933842,17.003012006782768,0.9382429270105468,62.4606385699876,0
fold_3,previous_week_168h,local_hour,14,7860,27.535368956743003,0.7090330788804071,5.534351145038168,14.920228937659196,0.9524461202446961,60.41192659474357,0
fold_3,zone_hour_average,local_hour,14,7860,26.243705638141158,0.9656488549618321,5.451665104236418,15.63110054818007,0.947806779559434,79.7596243229497,0
fold_3,rolling_mean_24h,local_hour,14,7860,20.185093299406272,0.9139949109414758,9.733248515691265,29.459182637210596,0.8146142420060812,77.43313615134102,0
fold_3,hist_gradient_boosting,local_hour,14,7860,27.493165626901565,1.0,4.096858739604078,10.53938216891495,0.9762717730947196,86.52818179795855,0
fold_3,latest_available,local_hour,14,7860,25.76641221374046,0.7015267175572519,5.170229007633588,13.907345158723418,0.9586835072961216,59.63534236668869,0
fold_3,previous_day_24h,local_hour,15,7860,28.690712468193386,0.6904580152671755,6.2211195928753185,17.023535571636657,0.9432874698648734,62.15929982612135,0
fold_3,previous_week_168h,local_hour,15,7860,27.93473282442748,0.6914758269720102,5.2676844783715016,14.295224206514,0.9600090758463599,59.9254531575343,0
fold_3,zone_hour_average,local_hour,15,7860,27.840431230748624,0.9541984732824428,5.579813401187447,16.231004364113733,0.9484450598547292,80.61326936361097,0
fold_3,rolling_mean_24h,local_hour,15,7860,20.188194444444445,0.9142493638676845,10.469873833757422,32.668309902916484,0.7911507925388086,80.20281770897165,0
fold_3,hist_gradient_boosting,local_hour,15,7860,28.99346861142138,1.0,4.0894720773541025,10.509178579826582,0.9783869010460436,89.17290960306556,0
fold_3,latest_available,local_hour,15,7860,28.26386768447837,0.7087786259541985,4.9082697201017815,12.62086099739323,0.9688285169633314,58.59759625124533,0
fold_3,previous_day_24h,local_hour,16,7860,29.195165394402036,0.6797709923664123,6.87735368956743,19.73865506605741,0.926408605635191,62.915237411759676,0
fold_3,previous_week_168h,local_hour,16,7860,28.558778625954197,0.6767175572519084,5.4931297709923665,15.01956315455578,0.9573904920664216,60.74673129390216,0
fold_3,zone_hour_average,local_hour,16,7860,28.777186286326504,0.9541984732824428,5.961642337395651,16.878462284590892,0.9461906592361298,82.92167442184177,0
fold_3,rolling_mean_24h,local_hour,16,7860,20.19464058524173,0.9143765903307888,11.096283927056827,33.5521191252203,0.7873664322097945,82.29638716695776,0
fold_3,hist_gradient_boosting,local_hour,16,7860,29.59272422806516,1.0,4.39219078682072,11.439002451045065,0.9752845670673566,90.8170079310712,0
fold_3,latest_available,local_hour,16,7860,28.845419847328245,0.6914758269720102,5.399872773536896,14.49148648902443,0.9603340565237339,60.202389500516176,0
fold_3,previous_day_24h,local_hour,17,7860,32.484605597964375,0.6587786259541984,7.870483460559797,22.76839356535884,0.9198186466557904,63.09603467636926,0
fold_3,previous_week_168h,local_hour,17,7860,31.698346055979645,0.655852417302799,5.764631043256998,14.97793967289172,0.9653013357522363,60.9309293904772,0
fold_3,zone_hour_average,local_hour,17,7860,32.232523101647246,0.9541984732824428,7.308359001830276,21.14815852153677,0.9308242754328232,87.20057729862604,0
fold_3,rolling_mean_24h,local_hour,17,7860,20.200874681933843,0.9143765903307888,14.33150445292621,41.68704939059501,0.7312113560639875,86.64583236370525,0
fold_3,hist_gradient_boosting,local_hour,17,7860,32.26837834756657,1.0,4.537280236073226,11.582473117971137,0.9792503295114926,93.47226949798556,0
fold_3,latest_available,local_hour,17,7860,29.344783715012724,0.6778625954198473,6.757124681933842,18.050427666160648,0.9496054473179516,61.277776704153844,0
fold_3,previous_day_24h,local_hour,18,7860,32.79338422391857,0.6250636132315521,8.326335877862595,24.594779540820806,0.9091306937808804,64.13260782806645,0
fold_3,previous_week_168h,local_hour,18,7860,32.13053435114504,0.6243002544529263,5.760687022900763,16.312684928221657,0.9600255736349507,60.36300853060208,0
fold_3,zone_hour_average,local_hour,18,7860,34.27565358373303,0.9656488549618321,8.209346078497601,23.445146254218777,0.9174271571875215,97.11571007221531,0
fold_3,rolling_mean_24h,local_hour,18,7860,20.210692324003393,0.9145038167938931,14.717880619168787,42.68333366814526,0.7263168831723488,91.42923978319665,0
fold_3,hist_gradient_boosting,local_hour,18,7860,33.948104859282466,1.0,4.513208166858507,11.547704471460172,0.9799680759023414,98.08670615740897,0
fold_3,latest_available,local_hour,18,7860,32.72022900763359,0.6581424936386768,5.260559796437659,13.404083916808897,0.9730098299790467,61.46078505123508,0
fold_3,previous_day_24h,local_hour,19,7860,28.71005089058524,0.5810432569974555,8.160178117048346,24.573903181164606,0.8802141057587848,64.05776363709101,0
fold_3,previous_week_168h,local_hour,19,7860,28.294020356234096,0.5857506361323155,5.486895674300254,15.648016889368908,0.9514291161972073,58.384608885632446,0
fold_3,zone_hour_average,local_hour,19,7860,30.65763696547997,0.9656488549618321,7.655702672881624,21.3612764498531,0.9094868259421875,104.66897282490073,0
fold_3,rolling_mean_24h,local_hour,19,7860,20.22169211195929,0.9147582697201018,10.864684054283291,31.693355929581884,0.8007520555860236,95.82867003339976,0
fold_3,hist_gradient_boosting,local_hour,19,7860,29.217785528063224,1.0,4.294264033868674,11.662796758433293,0.9730187038660925,107.24884082046763,0
fold_3,latest_available,local_hour,19,7860,33.05737913486005,0.6248091603053435,7.046692111959287,19.959070715261117,0.9209798176742447,61.350796088972665,0
fold_3,previous_day_24h,local_hour,20,7860,27.5235368956743,0.565648854961832,8.224554707379134,25.872232061758922,0.8619892026269718,63.45071793278575,0
fold_3,previous_week_168h,local_hour,20,7860,26.75559796437659,0.565267175572519,5.428880407124682,15.928462050929086,0.9476890075723443,58.506599379879624,0
fold_3,zone_hour_average,local_hour,20,7860,28.14709856110248,0.9580152671755725,7.481981129951135,23.496058327824866,0.8861756202761296,103.97752976625047,0
fold_3,rolling_mean_24h,local_hour,20,7860,20.227465012722647,0.9145038167938931,10.248499787955897,31.827540855592424,0.7911418447919775,98.15520422872547,0
fold_3,hist_gradient_boosting,local_hour,20,7860,27.24456137882466,1.0,4.215972736080004,11.571200933940599,0.9723940854455417,110.06568552786445,0
fold_3,latest_available,local_hour,20,7860,28.848600508905854,0.5800254452926209,5.566921119592875,15.073045216941376,0.9531567225952146,58.77198491859116,0
fold_3,previous_day_24h,local_hour,21,7860,29.20737913486005,0.5631043256997456,9.620737913486005,30.67677051718234,0.8420163410818524,62.282038268515514,0
fold_3,previous_week_168h,local_hour,21,7860,28.362595419847327,0.5603053435114503,6.4189567430025445,20.148661867816763,0.9318469478171223,58.97545004268816,0
fold_3,zone_hour_average,local_hour,21,7860,28.527055326622982,0.9618320610687023,8.932553086086154,28.541594267263253,0.8632430680514602,106.37879206336123,0
fold_3,rolling_mean_24h,local_hour,21,7860,20.233651399491094,0.9141221374045801,12.807686598812555,41.26296007029884,0.7141661545536551,100.53466726101992,0
fold_3,hist_gradient_boosting,local_hour,21,7860,28.202683679952916,1.0,4.8922817088681905,14.90321390042646,0.9627134018366033,111.28216624944075,0
fold_3,latest_available,local_hour,21,7860,27.67201017811705,0.5675572519083969,6.35178117048346,21.115329139796373,0.9251505516657436,59.87542831315169,0
fold_3,previous_day_24h,local_hour,22,7860,27.290839694656487,0.5725190839694656,10.611959287531807,34.62494063525468,0.7739430227275019,63.78352904655179,0
fold_3,previous_week_168h,local_hour,22,7860,26.915139949109413,0.5731552162849872,6.471374045801527,19.4307768516476,0.928809807108414,58.12033031977423,0
fold_3,zone_hour_average,local_hour,22,7860,25.80422887252584,0.9618320610687023,9.761093472043953,29.42284464633127,0.8367665504309988,106.12083010977258,0
fold_3,rolling_mean_24h,local_hour,22,7860,20.24285941475827,0.9138676844783715,12.915124045801527,40.07216889899584,0.697221146926507,100.53225555813155,0
fold_3,hist_gradient_boosting,local_hour,22,7860,26.446010241282597,1.0,5.069641259599811,15.148954912795444,0.9567281774755718,110.75945757386388,0
fold_3,latest_available,local_hour,22,7860,29.428371501272263,0.5631043256997456,7.453053435114504,22.694449557380064,0.9028866024392492,60.27314836077653,0
fold_3,previous_day_24h,local_hour,23,7860,20.771628498727736,0.5641221374045802,10.379643765903309,36.743841982897244,0.6109624312862645,67.78060880648141,0
fold_3,previous_week_168h,local_hour,23,7860,20.795165394402037,0.561704834605598,5.569847328244275,17.751590259551467,0.9091976803976111,59.69706676944383,0
fold_3,zone_hour_average,local_hour,23,7860,20.18611092346146,0.9541984732824428,10.044620459816704,30.646732975851727,0.7293607497127861,109.8981717093897,0
fold_3,rolling_mean_24h,local_hour,23,7860,20.260840754877012,0.9142493638676845,12.084642705682782,36.699222221660165,0.6119067105294789,104.75238469364818,0
fold_3,hist_gradient_boosting,local_hour,23,7860,20.84475620814172,1.0,4.652071072566915,13.942769645826974,0.9439829134334626,114.83042988464669,0
fold_3,latest_available,local_hour,23,7860,27.722391857506363,0.5744274809160306,10.160178117048346,31.466171908173187,0.7146944401458256,62.849198486041246,0
fold_3,previous_day_24h,weekend,0,138336,19.533837901919963,0.6063786722183668,5.507489012260004,19.65715239834476,0.883838469345398,60.32857911565257,0
fold_3,previous_week_168h,weekend,0,138336,19.772004395095998,0.6137014226231784,4.05568326393708,12.133798774191641,0.9557396653338905,56.685290027828955,0
fold_3,zone_hour_average,weekend,0,138336,19.94397934601141,0.958969465648855,5.329988298040968,16.760640869127545,0.9155494742224028,98.06473882633338,0
fold_3,rolling_mean_24h,weekend,0,138336,19.41318811926517,0.9132619130233635,11.897105296765362,34.83555659874562,0.6351900921653763,99.65804690991537,0
fold_3,hist_gradient_boosting,weekend,0,138336,20.13319953068225,0.9998698820263706,3.3479927998021757,9.382801880630087,0.9735341279137726,103.52954747456322,0
fold_3,latest_available,weekend,0,138336,19.96479585935693,0.612118320610687,5.521303203793662,16.88430456463949,0.9142986877787045,61.62864466078861,0
fold_3,previous_day_24h,weekend,1,50304,21.807212150127228,0.6185591603053435,8.590648854961833,28.899956031997686,0.7440060804111776,66.27750987873945,0
fold_3,previous_week_168h,weekend,1,50304,19.999224713740457,0.6026359732824428,4.9923862913486,15.17495705838796,0.9294186066494814,59.35560712143204,0
fold_3,zone_hour_average,weekend,1,50304,19.94397934601141,0.958969465648855,8.44545937360418,27.730174883041858,0.7643103546221262,103.23180031793683,0
fold_3,rolling_mean_24h,weekend,1,50304,22.293574235315948,0.9172034033078881,13.02906412346268,37.81462879325097,0.5617166535749331,101.84038603427372,0
fold_3,hist_gradient_boosting,weekend,1,50304,20.339554291194457,1.0,3.8798838867326944,10.68705837326798,0.9649932616115019,105.4361500000638,0
fold_3,latest_available,weekend,1,50304,21.074964217557252,0.6037293256997456,5.763656965648855,16.676966243452128,0.9147549077045941,61.72315448106334,0
fold_3,previous_day_24h,rush_hour,0,154056,18.942423534299216,0.5900062315002337,6.349587163109518,23.40385035313028,0.8181583951301841,62.322889953318864,0
fold_3,previous_week_168h,rush_hour,0,154056,18.317384587422755,0.5878966090252895,4.139397361998235,13.034981405828649,0.9435921609343135,57.43284108014962,0
fold_3,zone_hour_average,rush_hour,0,154056,18.85197096302785,0.958184036973568,6.158851844396063,20.810763372800277,0.8562212667778379,103.8888150632411,0
fold_3,rolling_mean_24h,rush_hour,0,154056,20.37079644198646,0.9145310796074155,12.298886443890531,36.00684929373607,0.5695835387128552,103.9150857780988,0
fold_3,hist_gradient_boosting,rush_hour,0,154056,18.584997893801305,0.9998831593706184,3.360849751783988,9.744262372048212,0.9684777964596373,108.24349531211912,0
fold_3,latest_available,rush_hour,0,154056,19.415634574440464,0.5847548943241418,5.32207119489017,16.56184797603721,0.9089382025825038,61.84621173522023,0
fold_3,previous_day_24h,rush_hour,1,34584,25.4750462641684,0.6970275271801989,6.240920656951191,17.903298731862346,0.929938092477879,60.09782103962908,0
fold_3,previous_week_168h,rush_hour,1,34584,26.582176729123294,0.7125549386999769,5.045252139717789,12.922573884455584,0.9634982329990411,57.23938747636867,0
fold_3,zone_hour_average,rush_hour,1,34584,24.80838032475636,0.962468193384224,6.169372246914762,17.690612487623827,0.9315928370144115,79.63685230425853,0
fold_3,rolling_mean_24h,rush_hour,1,34584,19.33713085048963,0.9133414295628036,11.753838480222068,34.03965062483164,0.7467286713760062,83.86918522343767,0
fold_3,hist_gradient_boosting,rush_hour,1,34584,27.32988647389697,1.0,4.064380685600313,9.762900030023772,0.9791659584837795,85.30429259890593,0
fold_3,latest_available,rush_hour,1,34584,24.025850104094378,0.7218077723802915,6.761305806153135,17.97220638668877,0.9293977347898233,60.79695106781099,0
fold_3,previous_day_24h,zone_cohort,dense,123120,30.67487004548408,0.8179256010396361,9.47496751137102,27.83502434428455,0.8367595015908594,68.09385064414032,0
fold_3,previous_week_168h,zone_cohort,dense,123120,30.20546621182586,0.8198099415204678,6.381083495776478,16.092151831010877,0.9454401780710326,61.956687376076275,0
fold_3,zone_hour_average,zone_cohort,dense,123120,30.358479925868682,1.0,9.233636074801085,25.089259284338457,0.8673765318674977,73.16902534959664,0
fold_3,rolling_mean_24h,zone_cohort,dense,123120,30.73786854288499,1.0,18.46243536116526,44.12859077750282,0.5897157755137008,86.06415798339535,0
fold_3,hist_gradient_boosting,zone_cohort,dense,123120,30.690634542580856,0.9998538011695907,5.0997696745607275,12.052390919993973,0.9693950890387762,67.5452701514059,0
fold_3,latest_available,zone_cohort,dense,123120,30.859535412605588,0.8183398310591293,8.340042235217673,20.81921080784448,0.9086784600015948,67.85205986873014,0
fold_3,previous_day_24h,zone_cohort,sparse,65520,0.3439102564102564,0.2182081807081807,0.41926129426129427,1.0758759954145076,-0.3704714806667406,50.30407945934778,0
fold_3,previous_week_168h,zone_cohort,sparse,65520,0.34072039072039073,0.2179029304029304,0.40514346764346765,1.0204188251666955,-0.23282800402857395,48.82987472807924,0
fold_3,zone_hour_average,zone_cohort,sparse,65520,0.37387386078510326,0.8818681318681318,0.38651367518422464,0.8068661294579089,0.2291878760970959,148.81388572086095,0
fold_3,rolling_mean_24h,zone_cohort,sparse,65520,0.34420596764346767,0.7532967032967033,0.42913550569800574,0.8681436310629336,0.10766334364434615,126.87813225705926,0
fold_3,hist_gradient_boosting,zone_cohort,sparse,65520,0.452935049727587,1.0,0.4645599612289157,0.7777945741091323,0.2837322703034262,172.61217808307833,0
fold_3,latest_available,zone_cohort,sparse,65520,0.3446123321123321,0.21816239316239316,0.4106227106227106,0.9753055937607459,-0.12622975423356997,50.006656589929904,0
fold_3,previous_day_24h,target_cohort,positive,115045,32.72721978356295,0.8443304793776348,10.082211308618367,28.765766773807666,0.8343518596656307,70.4666711068106,0
fold_3,previous_week_168h,target_cohort,positive,115045,32.27037246294928,0.8503107479681864,6.810448085531749,16.641382649824866,0.9445612450469915,63.88665949781618,0
fold_3,zone_hour_average,target_cohort,positive,115045,32.315436923285475,0.9997218479725325,9.71504043231227,25.94030619080394,0.8652946481070606,48.51541738861443,0
fold_3,rolling_mean_24h,target_cohort,positive,115045,32.39331131296449,0.997800860532835,19.30463514277022,45.40977104974853,0.5872060922017794,64.08339655263728,0
fold_3,hist_gradient_boosting,target_cohort,positive,115045,32.75038864271987,0.9999217697422748,5.369923447804218,12.461652030045165,0.9689124930771272,42.666118206305235,0
fold_3,latest_available,target_cohort,positive,115045,32.953226998131164,0.8431657177626146,8.890686253205267,21.521934874300356,0.9072749063962705,69.72212395854025,0
fold_3,previous_day_24h,target_cohort,zero,73595,0.46361845234051224,0.242733881377811,0.46361845234051224,1.9210591095675875,,48.5467762755622,0
fold_3,previous_week_168h,target_cohort,zero,73595,0.3896460357361234,0.23626605068279094,0.3896460357361234,1.111942227527364,,47.25321013655819,0
fold_3,zone_hour_average,target_cohort,zero,73595,0.6046990011850677,0.8952646239554317,0.6046990011850677,1.3259751604970929,,179.05292479108635,0
fold_3,rolling_mean_24h,target_cohort,zero,73595,1.0912460085603641,0.7838032475032272,1.0912460085603641,5.91711740188699,,156.76064950064543,0
fold_3,hist_gradient_boosting,target_cohort,zero,73595,0.5508358983490595,0.9998777090834975,0.5508358983490595,0.8908592413549407,,199.9755418166995,0
fold_3,latest_available,target_cohort,zero,73595,0.4198790678714587,0.24520687546708336,0.4198790678714587,1.375703687540586,,49.041375093416676,0
fold_1,previous_day_24h,borough,Bronx,28896,1.1995431893687707,0.5133236434108527,1.0574127906976745,1.7195882255817079,0.0517391788313355,81.13008343758811,1
fold_1,previous_week_168h,borough,Bronx,28896,1.2190268549280177,0.5166112956810631,1.0474114064230344,1.709000018467795,0.06338088520860663,80.23373502230694,1
fold_1,zone_hour_average,borough,Bronx,28896,1.1981328139273875,0.9718992248062015,0.8841837766740869,1.3314959120753829,0.43146323142663945,120.25978483450722,1
fold_1,rolling_mean_24h,borough,Bronx,28896,1.2005136235695828,0.9553917497231451,1.0666311946290143,1.5776719904959111,0.2017989174466931,118.70934052851551,1
fold_1,hist_gradient_boosting,borough,Bronx,28896,1.2701224750265616,0.999204042081949,0.9237068146326305,1.3342148224370527,0.42913896027137377,124.9798374047797,1
fold_1,latest_available,borough,Bronx,28896,1.204734219269103,0.5156423034330011,1.1631021594684385,1.8889889747222903,-0.1442942829876508,86.71386242294653,1
fold_1,previous_day_24h,borough,Brooklyn,40992,3.6573965651834506,0.7080893832943014,2.4449404761904763,4.691193249714518,0.2690778990816869,79.72621097110043,1
fold_1,previous_week_168h,borough,Brooklyn,40992,3.74756049960968,0.7154810694769711,2.2249951209992194,3.7886732099307734,0.5232631303021469,76.93874315090795,1
fold_1,zone_hour_average,borough,Brooklyn,40992,3.46665286747254,0.9897540983606558,2.132247238189861,3.92280430129984,0.4889095899026574,95.40592784994287,1
fold_1,rolling_mean_24h,borough,Brooklyn,40992,3.655052611891751,0.9858752927400468,2.597317769320843,4.412294344633484,0.3534034253865811,99.04894945243879,1
fold_1,hist_gradient_boosting,borough,Brooklyn,40992,3.6933929619549835,0.9998048399687745,1.8594816879729974,3.072897840655714,0.6863822093873226,93.76502021550198,1
fold_1,latest_available,borough,Brooklyn,40992,3.648687548790008,0.7074063231850117,2.480679156908665,4.326914569938994,0.378185152611375,83.2017934257018,1
fold_1,previous_day_24h,borough,Manhattan,46368,62.90221704623878,0.8773076259489303,20.339415113871635,44.70428823746661,0.7347871589715516,47.619628646966085,1
fold_1,previous_week_168h,borough,Manhattan,46368,63.83531746031746,0.8800897170462388,15.174861973775018,30.153142450745236,0.8793405510845854,40.70826378404754,1
fold_1,zone_hour_average,borough,Manhattan,46368,65.39476955545796,0.9577294685990339,21.36867321710317,42.20705074107084,0.7635898102768701,55.970168662605836,1
fold_1,rolling_mean_24h,borough,Manhattan,46368,62.841900664251206,0.9554434092477571,38.438851506786285,64.89975399985241,0.4410380055791686,75.62511845768097,1
fold_1,hist_gradient_boosting,borough,Manhattan,46368,63.998197376661444,0.9994824016563147,12.047184701558274,22.17234154524389,0.9347591969136745,52.54352412772928,1
fold_1,latest_available,borough,Manhattan,46368,62.734364216701174,0.8772429261559697,25.395466701173223,47.64637489043776,0.6987299873792541,58.10636794480871,1
fold_1,previous_day_24h,borough,Queens,46368,6.4644151138716355,0.5598257418909592,2.9990726363008973,13.561127519739104,0.8209172054671309,77.66159897621505,1
fold_1,previous_week_168h,borough,Queens,46368,6.6125992063492065,0.568301414768806,3.049646307798482,15.33261880592794,0.7710740947178158,76.08853488888728,1
fold_1,zone_hour_average,borough,Queens,46368,6.963032905544984,0.9752415458937198,2.574756275662073,11.630206031423326,0.8682844407989203,115.72869494522071,1
fold_1,rolling_mean_24h,borough,Queens,46368,6.465134899068323,0.9601449275362319,4.1139318423625495,18.51060598227682,0.6663404680875106,115.72654149754136,1
fold_1,hist_gradient_boosting,borough,Queens,46368,6.5630908406698,0.9991804692891649,2.3223787836027143,9.11303462401351,0.9191298397188575,118.48059500963238,1
fold_1,latest_available,borough,Queens,46368,6.474508281573499,0.5596532091097308,3.4410153554175293,14.64630518325523,0.7911096287859276,81.99589464128321,1
fold_1,previous_day_24h,borough,Staten Island,13440,0.03184523809523809,0.029389880952380952,0.056026785714285716,0.25631895123440396,-0.7827346254325762,10.287698412698415,1
fold_1,previous_week_168h,borough,Staten Island,13440,0.03563988095238095,0.03184523809523809,0.05892857142857143,0.26753949419175654,-0.9422318342764873,10.610119047619047,1
fold_1,zone_hour_average,borough,Staten Island,13440,0.03245510662177328,0.5333333333333333,0.057190606461439794,0.1873655459430448,0.04741282410878622,106.36708949269287,1
fold_1,rolling_mean_24h,borough,Staten Island,13440,0.03182353670634921,0.3885416666666667,0.0595703125,0.1924289453699825,-0.004768622441302606,78.58884081793359,1
fold_1,hist_gradient_boosting,borough,Staten Island,13440,0.26781157967143515,0.9945684523809524,0.2790917921608397,0.3118099877621391,-1.6381853799185517,196.14424959948596,1
fold_1,latest_available,borough,Staten Island,13440,0.03184523809523809,0.029389880952380952,0.05959821428571429,0.2657256461985163,-0.9159854581376159,10.967261904761905,1
fold_1,previous_day_24h,local_hour,0,7336,13.745501635768811,0.5344874591057798,8.895992366412214,37.38052395872176,0.3865732659922413,69.88355691548028,1
fold_1,previous_week_168h,local_hour,0,7336,14.004907306434024,0.5505725190839694,4.491003271537623,15.655184040759615,0.8924059426074291,62.36207104597269,1
fold_1,zone_hour_average,local_hour,0,7336,14.979643765903306,0.9312977099236641,10.1153671392221,33.72386811474537,0.500717097153561,116.88460730463215,1
fold_1,rolling_mean_24h,local_hour,0,7336,19.321576245001815,0.9208015267175572,13.334685114503817,40.861686228048534,0.2669991144874072,115.63865985827084,1
fold_1,hist_gradient_boosting,local_hour,0,7336,14.775323292092313,1.0,4.32359638086419,12.99263489202259,0.92589177711095,120.90612977056558,1
fold_1,latest_available,local_hour,0,7336,25.287077426390404,0.6094601962922573,14.787895310796074,45.9052441391673,0.07488327393379823,75.13869210600647,1
fold_1,previous_day_24h,local_hour,1,7336,9.18784078516903,0.4326608505997819,7.185932388222464,37.127154112846895,0.23980895904738142,62.85120064768357,1
fold_1,previous_week_168h,local_hour,1,7336,9.221237731733915,0.43784078516902947,3.0396673936750274,11.328620831569674,0.9292227787626073,54.87571339855782,1
fold_1,zone_hour_average,local_hour,1,7336,9.920836867401752,0.9274809160305344,8.539071650712872,33.179883357577744,0.39285959585140906,134.69567221315546,1
fold_1,rolling_mean_24h,local_hour,1,7336,19.319145310796074,0.920392584514722,15.812795347146494,45.61447821433414,-0.14747926913442577,139.30246658436928,1
fold_1,hist_gradient_boosting,local_hour,1,7336,10.102690181374658,0.9997273718647764,2.95369982365852,9.465508176061094,0.9505885845002612,136.30517149254592,1
fold_1,latest_available,local_hour,1,7336,19.289258451472193,0.6120501635768811,11.655398037077427,33.75173972655702,0.37175107778222627,85.38575440992584,1
fold_1,previous_day_24h,local_hour,2,7336,6.273718647764449,0.38208833151581245,5.328516902944384,28.95497670725665,0.20253095475631433,58.592545164042974,1
fold_1,previous_week_168h,local_hour,2,7336,6.218375136314068,0.3914940021810251,2.0828789531079606,7.174108298600156,0.9510443015119636,51.476186894053825,1
fold_1,zone_hour_average,local_hour,2,7336,6.649561775515974,0.9198473282442748,6.316041641423322,25.788261296653562,0.3674257364249509,139.95222843792996,1
fold_1,rolling_mean_24h,local_hour,2,7336,19.318003680479826,0.9198473282442748,16.522792848055254,43.87517294624457,-0.8310705482758021,149.47674037471015,1
fold_1,hist_gradient_boosting,local_hour,2,7336,7.1567527968578855,0.9998636859323882,2.150002054431197,6.155547450359129,0.9639586739437446,144.12144020542377,1
fold_1,latest_available,local_hour,2,7336,13.718102508178845,0.5338058887677208,7.852508178844056,23.83760603095044,0.45950376856748887,77.11042333007747,1
fold_1,previous_day_24h,local_hour,3,7336,4.503544165757906,0.4048527808069793,4.091057797164668,20.27679239193324,0.16807995803204756,67.01935371449335,1
fold_1,previous_week_168h,local_hour,3,7336,4.386723009814613,0.41098691384950925,1.762131952017448,6.482959375799457,0.9149587415423976,58.494300100255515,1
fold_1,zone_hour_average,local_hour,3,7336,4.638394119310149,0.9427480916030534,4.580854436770467,17.76792742502273,0.36121218807436184,141.12073133074276,1
fold_1,rolling_mean_24h,local_hour,3,7336,19.316731415848786,0.9199836423118866,16.436085741548528,41.97594577373299,-2.5652013168416428,147.37784869213715,1
fold_1,hist_gradient_boosting,local_hour,3,7336,5.092950219469693,1.0,1.7886769978120494,5.545208355175121,0.937781603270443,140.72670809450491,1
fold_1,latest_available,local_hour,3,7336,9.157306434023992,0.4323882224645583,5.229552889858233,22.56801183366223,-0.030551452406872848,66.54646778578903,1
fold_1,previous_day_24h,local_hour,4,7336,3.8035714285714284,0.5231733914940022,3.033124318429662,10.415305981649553,0.24229214985069658,70.83857884337321,1
fold_1,previous_week_168h,local_hour,4,7336,3.5826063249727373,0.5174482006543075,1.920937840785169,5.189011962524194,0.8119267349867346,65.77411902453221,1
fold_1,zone_hour_average,local_hour,4,7336,3.7308453491659597,0.916030534351145,2.9176057191324367,9.020073727002119,0.43169968733794095,113.0859543549881,1
fold_1,rolling_mean_24h,local_hour,4,7336,19.315958969465644,0.9198473282442748,16.05171414940022,41.18858446226974,-10.849811823330322,129.1228109706944,1
fold_1,hist_gradient_boosting,local_hour,4,7336,3.735860927219463,1.0,1.7828099658444836,4.363000966635872,0.8670377551877606,124.5007568503677,1
fold_1,latest_available,local_hour,4,7336,6.255179934569248,0.3814067611777535,4.216466739367503,22.496098050126736,-2.5348591435349856,73.27867376639172,1
fold_1,previous_day_24h,local_hour,5,7336,4.2534078516902945,0.6164122137404581,2.3996728462377317,5.348666503875873,0.6288702757361209,72.81383282834315,1
fold_1,previous_week_168h,local_hour,5,7336,4.290757906215921,0.6252726281352236,2.0916030534351147,4.634956788092087,0.7213069886856681,69.46609085347899,1
fold_1,zone_hour_average,local_hour,5,7336,4.144048628781453,0.9351145038167938,1.942657215557979,4.208577092572461,0.7702236782186719,94.48337501182264,1
fold_1,rolling_mean_24h,local_hour,5,7336,19.316833651399488,0.9201199563794984,15.722879180298072,40.4679257578655,-20.244992799674723,114.64934765206993,1
fold_1,hist_gradient_boosting,local_hour,5,7336,4.288683341228986,0.977917121046892,2.0049864354591493,4.19560091654202,0.7716384183401623,103.33566642485745,1
fold_1,latest_available,local_hour,5,7336,4.52453653217012,0.4068974918211559,5.261859323882224,20.791517831569152,-4.607988174771741,93.58956257808887,1
fold_1,previous_day_24h,local_hour,6,7336,8.347464558342422,0.7026990185387132,3.7587241003271536,8.873013624145063,0.7423833959216051,67.09832920161234,1
fold_1,previous_week_168h,local_hour,6,7336,8.45474372955289,0.7140130861504908,3.1669847328244276,7.335482030474283,0.8239285789382927,61.439269950219064,1
fold_1,zone_hour_average,local_hour,6,7336,8.026925746009715,0.9580152671755725,3.4740036680876374,7.758846704370845,0.8030182928122556,86.7902578384919,1
fold_1,rolling_mean_24h,local_hour,6,7336,19.318304707379138,0.9199836423118866,13.25415757906216,34.91190643143364,-2.988216116824071,99.79744522925995,1
fold_1,hist_gradient_boosting,local_hour,6,7336,8.063366662053857,1.0,2.904319807359463,6.409339310790633,0.8655817980204282,93.10881333100608,1
fold_1,latest_available,local_hour,6,7336,3.838876772082879,0.527535441657579,7.35428026172301,18.580269580022332,-0.12962833126164885,95.5613162038642,1
fold_1,previous_day_24h,local_hour,7,7336,14.383724100327154,0.7287350054525628,6.449291166848419,17.963468624304095,0.7043054950389895,68.59656769904157,1
fold_1,previous_week_168h,local_hour,7,7336,14.597055616139585,0.7407306434023991,5.20324427480916,12.994887217058812,0.845258114773898,64.35908019566308,1
fold_1,zone_hour_average,local_hour,7,7336,14.046564885496181,0.9541984732824428,7.073557549320909,16.9628049496447,0.7363315349462866,86.0678957383425,1
fold_1,rolling_mean_24h,local_hour,7,7336,19.319292984369323,0.9201199563794984,11.711320883315159,29.683964551898846,0.19256668804766652,95.9542811724442,1
fold_1,hist_gradient_boosting,local_hour,7,7336,14.538195563691264,1.0,4.35680950084386,10.213157871223471,0.9044164965884227,87.80546079729282,1
fold_1,latest_available,local_hour,7,7336,4.277126499454743,0.6185932388222465,10.800981461286804,29.33915914851659,0.21121584085193723,91.76674120164898,1
fold_1,previous_day_24h,local_hour,8,7336,18.7904852780807,0.7435932388222465,7.440839694656488,20.556462658585158,0.7720898342476827,66.77139716783087,1
fold_1,previous_week_168h,local_hour,8,7336,19.020992366412212,0.7547709923664122,5.958969465648855,15.312293441065577,0.8735416776179549,62.22395652006175,1
fold_1,zone_hour_average,local_hour,8,7336,18.53435114503817,0.950381679389313,7.966905422821454,20.121834489693548,0.781625424131829,80.60477530239879,1
fold_1,rolling_mean_24h,local_hour,8,7336,19.319486095965104,0.9206652126499455,11.36810478007997,28.373360872741188,0.5658013256683864,90.85683189184448,1
fold_1,hist_gradient_boosting,local_hour,8,7336,19.42440706598207,1.0,4.798103468772423,11.17252523733998,0.9326760454176727,84.11432442803199,1
fold_1,latest_available,local_hour,8,7336,8.352099236641221,0.7001090512540894,11.54443838604144,32.14469399816322,0.44270451917193776,74.13017683158692,1
fold_1,previous_day_24h,local_hour,9,7336,19.18879498364231,0.7141494002181025,6.242230098146129,17.082769670905996,0.8522117792162823,63.4378846482152,1
fold_1,previous_week_168h,local_hour,9,7336,19.582197382769902,0.7300981461286805,5.544302071973828,14.571538825036733,0.8924689006805503,61.87518112627693,1
fold_1,zone_hour_average,local_hour,9,7336,20.00673143650243,0.9465648854961832,6.087355011400813,16.82415610397988,0.8566525971691563,78.98079503321603,1
fold_1,rolling_mean_24h,local_hour,9,7336,19.318861323155215,0.920392584514722,8.922107869865505,23.529969320431878,0.7196077717127249,83.5685053387961,1
fold_1,hist_gradient_boosting,local_hour,9,7336,19.94512125210351,1.0,4.375391969788732,10.387531172783307,0.9453553145531374,87.17602624796545,1
fold_1,latest_available,local_hour,9,7336,14.368729552889858,0.7283260632497274,7.645992366412214,18.580526355597033,0.8251606128571138,67.82614048615467,1
fold_1,previous_day_24h,local_hour,10,7336,19.222737186477644,0.6811613958560524,5.184432933478735,14.852340286824766,0.8923962859263272,65.0219021722844,1
fold_1,previous_week_168h,local_hour,10,7336,19.585741548527807,0.6947928026172301,5.290076335877862,14.99714622071612,0.8902878485650565,64.82036336957707,1
fold_1,zone_hour_average,local_hour,10,7336,20.97418459403192,0.9389312977099237,4.786574303559037,14.308394796034722,0.9001336196357091,80.66068637411932,1
fold_1,rolling_mean_24h,local_hour,10,7336,19.31711195928753,0.920392584514722,7.0918302435478004,19.234757241413316,0.8195275562982305,83.13984151553527,1
fold_1,hist_gradient_boosting,local_hour,10,7336,20.278646436954773,1.0,4.388159936478912,10.653312346431084,0.9446386335923661,92.99556857627528,1
fold_1,latest_available,local_hour,10,7336,18.74850054525627,0.7425027262813523,7.550708833151581,17.90973063650573,0.8435355823328259,70.59837891312392,1
fold_1,previous_day_24h,local_hour,11,7336,20.589558342420936,0.6815703380588877,5.495229007633588,15.871970211225872,0.8964135544800286,63.22224690827868,1
fold_1,previous_week_168h,local_hour,11,7336,20.891221374045802,0.6898854961832062,5.646401308615049,16.75496150414714,0.8845674950657397,63.34257940154367,1
fold_1,zone_hour_average,local_hour,11,7336,22.599514226231786,0.950381679389313,4.993769207891345,15.0336247493409,0.9070672769149843,83.34030525723642,1
fold_1,rolling_mean_24h,local_hour,11,7336,19.3138574609233,0.9202562704471101,6.716404262086512,19.04380866434355,0.8508755447310902,80.97512392923761,1
fold_1,hist_gradient_boosting,local_hour,11,7336,20.92335945910747,1.0,4.262747729774359,11.058169090869777,0.9497185602881424,92.08336452763864,1
fold_1,latest_available,local_hour,11,7336,19.110687022900763,0.7134678298800436,6.559978189749182,16.446353753928122,0.8887806105969065,64.66924012433145,1
fold_1,previous_day_24h,local_hour,12,7336,22.110687022900763,0.6793893129770993,5.84201199563795,16.531903824324246,0.9023637407188017,64.1413750672013,1
fold_1,previous_week_168h,local_hour,12,7336,22.337786259541986,0.6842966194111232,5.9276172300981465,17.672999849038707,0.8884201073179336,63.039475086423174,1
fold_1,zone_hour_average,local_hour,12,7336,24.484038861901457,0.9465648854961832,5.4767596906909874,16.000601543517337,0.9085385647015893,83.02480503722691,1
fold_1,rolling_mean_24h,local_hour,12,7336,19.30970556161396,0.9198473282442748,7.092659487459105,20.222013440816657,0.8539121218245991,80.97370539527786,1
fold_1,hist_gradient_boosting,local_hour,12,7336,21.958487593422166,1.0,4.072334029542456,10.56359740658293,0.9601352472872624,91.81833195926399,1
fold_1,latest_available,local_hour,12,7336,19.123091603053435,0.6812977099236641,5.414667393675027,13.873139986540556,0.931243315113854,62.494942242840345,1
fold_1,previous_day_24h,local_hour,13,7336,23.238276990185387,0.690567066521265,6.215648854961832,17.50668979470868,0.8995708448124465,64.5850184164464,1
fold_1,previous_week_168h,local_hour,13,7336,23.419847328244273,0.695474372955289,6.244002181025082,18.814032791510797,0.8840113403549767,62.49705610467169,1
fold_1,zone_hour_average,local_hour,13,7336,25.545523941707145,0.9427480916030534,5.843407356002777,16.778322734761936,0.9077537278921164,81.72020424835284,1
fold_1,rolling_mean_24h,local_hour,13,7336,19.305826290439843,0.9202562704471101,7.1783158396946565,20.754963926500714,0.8588451833337598,79.29568415618317,1
fold_1,hist_gradient_boosting,local_hour,13,7336,23.108291203015998,1.0,4.429835690618562,11.905543379128257,0.9535538008438179,90.8765517622891,1
fold_1,latest_available,local_hour,13,7336,20.496455834242095,0.6804798255179935,5.161123227917121,14.157453116115393,0.9343216852380594,61.38454146079051,1
fold_1,previous_day_24h,local_hour,14,7336,24.62718102508179,0.6983369683751364,6.329607415485278,18.849335195054728,0.9005836565098446,63.9095470944191,1
fold_1,previous_week_168h,local_hour,14,7336,24.858914940021812,0.7071973827699018,6.432115594329335,19.71341150686056,0.8912600106373525,64.19635124844862,1
fold_1,zone_hour_average,local_hour,14,7336,27.203053435114505,0.9541984732824428,6.1683131753742435,18.339997232316957,0.9058838306677269,81.72259903481586,1
fold_1,rolling_mean_24h,local_hour,14,7336,19.300277171937473,0.920392584514722,8.260416666666666,25.208434282523008,0.8221894787598368,78.51287642652572,1
fold_1,hist_gradient_boosting,local_hour,14,7336,24.537211948097426,1.0,4.543737106802923,12.362248338100674,0.9572377411460026,89.07502474161598,1
fold_1,latest_available,local_hour,14,7336,21.977508178844058,0.679525627044711,5.211286804798255,14.22154891891938,0.9434074178604609,62.49475952729166,1
fold_1,previous_day_24h,local_hour,15,7336,26.106052344601963,0.6928844056706652,6.710468920392585,20.16713831533567,0.9010064040964713,62.97194050643135,1
fold_1,previous_week_168h,local_hour,15,7336,26.54293893129771,0.70092693565976,6.815294438386042,20.86922136108826,0.8939938558922977,62.471722141731846,1
fold_1,zone_hour_average,local_hour,15,7336,29.081818181818182,0.9351145038167938,6.890358877763458,20.781676849680668,0.8948813630025052,79.4688835787232,1
fold_1,rolling_mean_24h,local_hour,15,7336,19.294165757906217,0.9205288985823337,9.38558705925118,29.426629590969487,0.7892344668110324,80.00663421812467,1
fold_1,hist_gradient_boosting,local_hour,15,7336,25.9287824901974,1.0,5.0513695422314475,14.019683547992923,0.952159581730399,90.32027583330552,1
fold_1,latest_available,local_hour,15,7336,23.091603053435115,0.6889312977099237,6.387677208287895,17.550379267464365,0.9250293012659001,62.66604980886499,1
fold_1,previous_day_24h,local_hour,16,7336,27.32129225736096,0.6922028353326063,7.193429661941113,21.01281285913428,0.898020487259823,62.59794267882649,1
fold_1,previous_week_168h,local_hour,16,7336,27.716057797164666,0.6961559432933478,7.1473555070883314,21.54034597928516,0.892835758001751,64.37876955293986,1
fold_1,zone_hour_average,local_hour,16,7336,29.86655100624567,0.9351145038167938,6.975696440963617,20.77394099052641,0.900325897346302,79.49348491529173,1
fold_1,rolling_mean_24h,local_hour,16,7336,19.289360687022906,0.9205288985823337,10.253487368229736,30.138862226320093,0.7902034927734265,80.37420576675046,1
fold_1,hist_gradient_boosting,local_hour,16,7336,27.92138450930306,1.0,5.298973670353016,14.345819556480121,0.9524669945507297,88.83450957083987,1
fold_1,latest_available,local_hour,16,7336,24.511859323882224,0.6980643402399127,5.976145038167939,15.761301358125088,0.9426242080690971,62.06439244690273,1
fold_1,previous_day_24h,local_hour,17,7336,31.917529989094874,0.6982006543075245,8.445610687022901,24.658786516243115,0.8939480673861753,62.66364057246253,1
fold_1,previous_week_168h,local_hour,17,7336,32.39013086150491,0.6938386041439476,8.632769901853871,24.813788512179148,0.8926106191198638,65.2034301141214,1
fold_1,zone_hour_average,local_hour,17,7336,32.36884108258154,0.9351145038167938,8.137097253891147,23.886926739708432,0.900483351631027,78.89949746644308,1
fold_1,rolling_mean_24h,local_hour,17,7336,19.28433978553253,0.9208015267175572,14.167246001454016,39.88379725749728,0.7225605686724696,83.55645711389778,1
fold_1,hist_gradient_boosting,local_hour,17,7336,31.58661331084765,1.0,6.3225566660838455,16.619267511467985,0.9518275269168126,88.62159789975932,1
fold_1,latest_available,local_hour,17,7336,25.985550708833152,0.6911123227917121,8.559978189749183,22.878203901103294,0.9087108762693815,64.73017509066642,1
fold_1,previous_day_24h,local_hour,18,7336,35.08110687022901,0.7006543075245365,9.543484187568158,27.665352491200565,0.8851845353743386,62.81422687040789,1
fold_1,previous_week_168h,local_hour,18,7336,35.42052889858233,0.6946564885496184,8.74850054525627,23.988589503978833,0.9136748389717583,62.7736385815776,1
fold_1,zone_hour_average,local_hour,18,7336,33.682075204975966,0.9389312977099237,9.414733026374247,26.960482873948973,0.8909606373783787,81.40113771336932,1
fold_1,rolling_mean_24h,local_hour,18,7336,19.280619547437297,0.9205288985823337,17.10417234641948,46.09497941969026,0.6812609878219477,87.3518509413502,1
fold_1,hist_gradient_boosting,local_hour,18,7336,34.17288148503424,1.0,6.596000222735125,16.564112916250107,0.9588410453263978,88.44496740650297,1
fold_1,latest_available,local_hour,18,7336,27.232006543075244,0.6941112322791713,10.795528898582333,28.12146984994321,0.881367412003898,65.93248395604168,1
fold_1,previous_day_24h,local_hour,19,7336,30.72396401308615,0.6653489640130862,10.060387131952018,29.798837099381302,0.8325653142690177,64.20045067020568,1
fold_1,previous_week_168h,local_hour,19,7336,31.048391494002182,0.6556706652126499,7.437431842966194,21.053920882218634,0.9164179974216831,62.90705223384353,1
fold_1,zone_hour_average,local_hour,19,7336,29.964942041277915,0.9427480916030534,9.619562583303043,27.332327388013255,0.8591359964803544,90.63805335468874,1
fold_1,rolling_mean_24h,local_hour,19,7336,19.278137495456196,0.9206652126499455,13.739378862231913,38.0261682667537,0.7273459641829667,90.00968197822444,1
fold_1,hist_gradient_boosting,local_hour,19,7336,31.016713956295508,1.0,5.948154855470211,15.749210278664995,0.9532303238799854,94.66635561488275,1
fold_1,latest_available,local_hour,19,7336,31.857960741548528,0.6995637949836423,8.625408942202835,23.68607162648282,0.8942128600574817,63.53765560417695,1
fold_1,previous_day_24h,local_hour,20,7336,27.587922573609596,0.6229552889858233,9.352371864776446,30.018081156067545,0.8153082047658472,65.83142627533749,1
fold_1,previous_week_168h,local_hour,20,7336,28.21264994547437,0.6142311886586695,6.790076335877862,20.844369305256393,0.9109448035420563,62.69567240090439,1
fold_1,zone_hour_average,local_hour,20,7336,27.49681933842239,0.9274809160305344,9.296740579183327,29.15148741737753,0.8258180349161258,93.8242425803599,1
fold_1,rolling_mean_24h,local_hour,20,7336,19.27960855143584,0.9210741548527808,11.642067657215557,36.78912037366856,0.7225909942060442,93.42949670679461,1
fold_1,hist_gradient_boosting,local_hour,20,7336,29.27573221056593,1.0,5.736287589929717,16.0102003611949,0.9474617888207325,103.8402582664376,1
fold_1,latest_available,local_hour,20,7336,35.11641221374046,0.70092693565976,10.81052344601963,29.116905154186735,0.8262310521722483,69.10599360651209,1
fold_1,previous_day_24h,local_hour,21,7336,28.078789531079607,0.6083696837513631,9.773854961832061,31.168022245356262,0.8148803606598368,65.21135524181861,1
fold_1,previous_week_168h,local_hour,21,7336,29.023582333696837,0.6064612868047983,7.614776444929117,23.67918760948414,0.8931517036186307,64.60109099439083,1
fold_1,zone_hour_average,local_hour,21,7336,27.700664404862877,0.9351145038167938,9.500459428894544,30.354199222826608,0.8244214065677585,96.84633070656162,1
fold_1,rolling_mean_24h,local_hour,21,7336,19.280863776808435,0.9214830970556162,12.597464558342422,40.20001865157865,0.6920455285697772,95.49209900800412,1
fold_1,hist_gradient_boosting,local_hour,21,7336,28.855054173760358,1.0,6.175476203913533,17.2677119757953,0.9431796902047184,106.61706470818385,1
fold_1,latest_available,local_hour,21,7336,30.754089422028354,0.6669847328244275,9.42788985823337,24.925606323613913,0.8816071519342812,66.80287541223333,1
fold_1,previous_day_24h,local_hour,22,7336,25.287077426390404,0.6094601962922573,10.400081788440566,32.76837227226958,0.7542498973471373,68.99494715337256,1
fold_1,previous_week_168h,local_hour,22,7336,26.34446564885496,0.6181842966194111,8.067611777535442,26.370928029692454,0.8408396823903723,63.66604698241421,1
fold_1,zone_hour_average,local_hour,22,7336,25.432357930449534,0.950381679389313,10.20304232804233,29.938527965545507,0.7948625956753826,101.13586047331194,1
fold_1,rolling_mean_24h,local_hour,22,7336,19.278995138131584,0.9214830970556162,12.034765766993822,36.57287653630339,0.6938725950951135,96.82105507740587,1
fold_1,hist_gradient_boosting,local_hour,22,7336,25.568883642855944,1.0,6.259967813690878,19.051437736995172,0.9169309045066011,107.6576606451219,1
fold_1,latest_available,local_hour,22,7336,27.543075245365323,0.6239094874591058,10.1770719738277,30.88569218038163,0.7816774236319719,65.66528785972135,1
fold_1,previous_day_24h,local_hour,23,7336,19.289258451472193,0.6120501635768811,10.071019629225736,34.45278128823699,0.6006348616811704,71.69114251706709,1
fold_1,previous_week_168h,local_hour,23,7336,19.92952562704471,0.6209105779716467,5.800708833151581,18.830508726204854,0.8806985606825152,64.67868443859678,1
fold_1,zone_hour_average,local_hour,23,7336,20.416949392140232,0.9389312977099237,10.51922028353326,31.20525553013923,0.6723749776883143,102.07325567309617,1
fold_1,rolling_mean_24h,local_hour,23,7336,19.276422210105412,0.9212104689203926,11.382917575427118,35.01199205540597,0.5875652788696029,98.80754810230052,1
fold_1,hist_gradient_boosting,local_hour,23,7336,19.86650145660705,0.9998636859323882,4.840536184705623,13.78429637275658,0.936072049488213,108.59897426689321,1
fold_1,latest_available,local_hour,23,7336,28.017039258451472,0.6083696837513631,13.808887677208288,43.99507073112691,0.34877716953838755,69.61761170712947,1
fold_1,previous_day_24h,weekend,0,125760,18.189472010178118,0.6243718193384223,6.254476781170483,22.157085244379903,0.8337396127123854,65.30460290135237,1
fold_1,previous_week_168h,weekend,0,125760,19.690314885496182,0.6351065521628498,5.035233778625954,15.834372789637781,0.9150887446975731,62.000006442876376,1
fold_1,zone_hour_average,weekend,0,125760,20.062301556703588,0.9397264631043257,6.303414863220842,19.72636472118037,0.8682175286270111,95.20942458738575,1
fold_1,rolling_mean_24h,weekend,0,125760,18.045323433524175,0.9208889949109414,11.679671928011027,33.92319221296692,0.6102761744200522,100.18892892296823,1
fold_1,hist_gradient_boosting,weekend,0,125760,19.61201241834856,0.9999681933842239,4.085767468406783,11.26948922171574,0.9569897471430204,102.78203439586305,1
fold_1,latest_available,weekend,0,125760,18.666587150127228,0.6267652671755726,8.101121183206107,25.127967176330806,0.7861652698586404,72.36900119999676,1
fold_1,previous_day_24h,weekend,1,50304,22.143328562340965,0.6434875954198473,8.490915235368957,28.35361530378737,0.7240949248225443,66.53688572209268,1
fold_1,previous_week_168h,weekend,1,50304,19.473580629770993,0.6355955788804071,6.640982824427481,21.008129939071104,0.8485331499296407,64.27759456617979,1
fold_1,zone_hour_average,weekend,1,50304,20.062301556703595,0.9397264631043257,8.57217279881084,28.416019402524803,0.7228790971635031,95.4849692160194,1
fold_1,rolling_mean_24h,weekend,1,50304,22.44740809213316,0.9194696246819338,12.769226436598812,36.586805442673814,0.5405991590345558,95.80764408219319,1
fold_1,hist_gradient_boosting,weekend,1,50304,19.821078667607168,0.9967795801526718,5.151242485861224,14.863917648307602,0.9241755297178718,101.29193534265491,1
fold_1,latest_available,weekend,1,50304,20.80100986005089,0.6380605916030534,9.032899968193384,27.001233582577594,0.7497869160879285,68.75850440044825,1
fold_1,previous_day_24h,rush_hour,0,144624,18.266712302245825,0.6116481358557363,6.83970157097024,24.728008324050286,0.7718664327640617,66.2382875616177,1
fold_1,previous_week_168h,rush_hour,0,144624,18.036909503263637,0.6131969797543976,5.218165726297157,17.265226984862075,0.888787014457282,62.80354206413414,1
fold_1,zone_hour_average,rush_hour,0,144624,19.043051360304375,0.9389312977099237,6.895615133709779,22.97501744466065,0.803065132786071,99.2428707056499,1
fold_1,rolling_mean_24h,rush_hour,0,144624,19.60692640917137,0.9203451709259873,11.985146829018698,34.85646079714459,0.5467085875575235,101.88009327145039,1
fold_1,hist_gradient_boosting,rush_hour,0,144624,18.1469451246697,0.9988521960393849,4.1893084063818815,12.276967662377926,0.9437667558956282,106.26207917475945,1
fold_1,latest_available,rush_hour,0,144624,19.49771130656046,0.6129342294501604,7.992884998340524,25.26491526627156,0.7618521818341342,71.33013382477176,1
fold_1,previous_day_24h,rush_hour,1,31440,24.160337150127226,0.7134860050890586,7.14074427480916,20.910463583511333,0.89306445478408,62.98130597731628,1
fold_1,previous_week_168h,rush_hour,1,31440,26.9492048346056,0.7366730279898219,6.7629452926208655,18.380718026382823,0.9173734325893866,61.947883582376136,1
fold_1,zone_hour_average,rush_hour,1,31440,24.750852460139992,0.943384223918575,7.209306315915731,20.5025255046363,0.8971961244334032,77.09644384918448,1
fold_1,rolling_mean_24h,rush_hour,1,31440,17.905285199321458,0.9211195928753181,12.0177745971162,34.000112630379085,0.7172806868583913,85.3995171747102,1
fold_1,hist_gradient_boosting,rush_hour,1,31440,26.68582796808508,1.0,5.314239181648434,12.968158115954777,0.9588706960536035,84.38966992780658,1
fold_1,latest_available,rush_hour,1,31440,18.258492366412213,0.7084605597964376,10.08985368956743,27.493857167262696,0.8151301410242827,71.37099624675412,1
fold_1,previous_day_24h,zone_cohort,dense,114912,29.3973649401281,0.8380586883876358,10.31598962684489,29.81018412831182,0.7892200818986929,71.7825590019105,1
fold_1,previous_week_168h,zone_cohort,dense,114912,29.864122110832636,0.8441764132553606,8.171844541910332,21.611114802322543,0.889221812501436,67.38157981785552,1
fold_1,zone_hour_average,zone_cohort,dense,114912,30.542137587702886,0.9997563352826511,10.433504554971416,27.91098648187771,0.8152219893366165,73.23169886400025,1
fold_1,rolling_mean_24h,zone_cohort,dense,114912,29.37217972593521,1.0,18.13010100482688,42.953874587874175,0.5623725008101805,84.13744335941408,1
fold_1,hist_gradient_boosting,zone_cohort,dense,114912,29.85678954222013,0.9999651907546644,6.4484196050421,15.341453346962025,0.9441744614011038,67.46604004297528,1
fold_1,latest_available,zone_cohort,dense,114912,29.33100111389585,0.8381370091896407,12.562978627123364,31.77379115406946,0.7605372378834988,79.34236469195052,1
fold_1,previous_day_24h,zone_cohort,sparse,61152,0.38095238095238093,0.23855311355311357,0.4621108058608059,1.0287675967798542,-0.33297212825594413,54.14542353824379,1
fold_1,previous_week_168h,zone_cohort,sparse,61152,0.3942144165358451,0.2426412872841444,0.4620617477760335,1.0244907862006092,-0.3219122553727465,53.76093712852936,1
fold_1,zone_hour_average,zone_cohort,sparse,61152,0.3694228610895277,0.8269230769230769,0.4087709028185219,0.7756420120296973,0.24227927938850424,136.73489252505684,1
fold_1,rolling_mean_24h,zone_cohort,sparse,61152,0.38197238029827313,0.7710622710622711,0.4548100089394732,0.832820024268085,0.126447858632328,126.74753953993557,1
fold_1,hist_gradient_boosting,zone_cohort,sparse,61152,0.5328169667586603,0.997350863422292,0.5225246137657333,0.8082755636702356,0.17717891261263574,167.91929238098956,1
fold_1,latest_available,zone_cohort,sparse,61152,0.3826530612244898,0.2388638147566719,0.4832384877027734,1.0663723797663853,-0.43220204920798677,56.295192058973115,1
fold_1,previous_day_24h,target_cohort,positive,110922,30.33352265555976,0.8452606335983844,10.610510088170065,30.269238494087002,0.7880685457370764,73.3234016717894,1
fold_1,previous_week_168h,target_cohort,positive,110922,30.829429689331242,0.8540055173905988,8.394259028867133,21.722409095744485,0.8908538541172769,68.58279626506231,1
fold_1,zone_hour_average,target_cohort,positive,110922,31.448979299130755,0.999197634373704,10.638706967136855,28.27937578404212,0.8150168946622963,52.766927458504824,1
fold_1,rolling_mean_24h,target_cohort,positive,110922,29.986414252057,0.9980076089504336,18.38010005529411,43.53795620829299,0.5615414894641451,64.42966615516427,1
fold_1,hist_gradient_boosting,target_cohort,positive,110922,30.81933377458029,0.9998737851823805,6.5632619025330365,15.587514382421197,0.9437987257781004,45.28640090424488,1
fold_1,latest_available,target_cohort,positive,110922,30.268188456753393,0.835947783126882,12.952453075133878,32.31499389648033,0.7584535916001394,80.42726777620078,1
fold_1,previous_day_24h,target_cohort,zero,65142,0.5641675109760216,0.2630100396057843,0.5641675109760216,2.9089342758943677,,52.602007921156854,1
fold_1,previous_week_168h,target_cohort,zero,65142,0.5555709066347364,0.26274907125970953,0.5555709066347364,4.623829695178427,,52.54981425194191,1
fold_1,zone_hour_average,target_cohort,zero,65142,0.6733809134088523,0.8384605937797427,0.6733809134088523,3.610166312322546,,167.69211875594854,1
fold_1,rolling_mean_24h,target_cohort,zero,65142,1.111744343127322,0.7884774799668417,1.111744343127322,5.2573624620960375,,157.69549599336833,1
fold_1,hist_gradient_boosting,target_cohort,zero,65142,0.6899401627648926,0.9976666359645083,0.6899401627648926,1.4389205605340447,,199.53332719290165,1
fold_1,latest_available,target_cohort,zero,65142,0.5599459642012834,0.27929753461668355,0.5599459642012834,1.9606127443643826,,55.85950692333671,1
fold_2,previous_day_24h,borough,Bronx,31949,1.2531534633321857,0.5222698676014899,1.0625058687282858,1.7266119337018242,0.09962497152662564,79.54933797769179,1
fold_2,previous_week_168h,borough,Bronx,31949,1.2483019812826692,0.5221446680647281,1.0436946383298382,1.682384387545325,0.14516081042963735,79.14494673255656,1
fold_2,zone_hour_average,borough,Bronx,31949,1.200728682090829,0.9768067858148924,0.8637570629733895,1.295355534032248,0.49322878963256356,119.96756346218162,1
fold_2,rolling_mean_24h,borough,Bronx,31949,1.2564725552182123,0.9616576418667251,1.124426168789842,1.6506748836337743,0.17708107257400807,119.38452963370632,1
fold_2,hist_gradient_boosting,borough,Bronx,31949,1.279399829757413,1.0,0.9305077284785527,1.346346560044336,0.45254592214344547,124.27897809705004,1
fold_2,latest_available,borough,Bronx,31949,1.2527152649535196,0.5198910764030173,1.1984099658831262,1.9519085796203977,-0.1506756185655358,85.67635291950359,1
fold_2,previous_day_24h,borough,Brooklyn,45323,3.592282064294067,0.693202126955409,2.45294883392538,5.130684108655454,0.20912267126494177,79.50995459213856,1
fold_2,previous_week_168h,borough,Brooklyn,45323,3.6148092579926305,0.6961586832292654,2.0859166427641593,3.6678682811497523,0.595809561497963,75.57893293382277,1
fold_2,zone_hour_average,borough,Brooklyn,45323,3.5312947061685147,0.9938662489243871,2.0995904448384586,4.215061429287169,0.4662149696650997,97.45796482523872,1
fold_2,rolling_mean_24h,borough,Brooklyn,45323,3.573655575903331,0.984577366899808,2.6735515080643384,4.883303167541882,0.2835498995858572,101.98870810255599,1
fold_2,hist_gradient_boosting,borough,Brooklyn,45323,3.5203144059139087,1.0,1.8189528120942804,3.1387831677181706,0.7040071615598373,96.1811729060374,1
fold_2,latest_available,borough,Brooklyn,45323,3.547713081658319,0.6921430620214902,2.5010921607131036,4.603999301356004,0.36316185068402296,83.77664123231659,1
fold_2,previous_day_24h,borough,Manhattan,51267,66.55021748883297,0.8814246981489067,20.94366746640139,46.63596716690627,0.7386153623373639,44.972986442065405,1
fold_2,previous_week_168h,borough,Manhattan,51267,64.47964577603527,0.8769773928648058,15.467552226578501,31.569335047251915,0.8802242353258405,39.52095241419793,1
fold_2,zone_hour_average,borough,Manhattan,51267,64.56019558424207,0.9583357715489497,20.51663372331428,41.71977668824691,0.7908190968495136,52.21400012678777,1
fold_2,rolling_mean_24h,borough,Manhattan,51267,66.3617734930202,0.9557415101332241,40.22146068621141,68.2559438039677,0.44008895333593445,74.10106856213336,1
fold_2,hist_gradient_boosting,borough,Manhattan,51267,65.3818252819177,0.9999414828252092,11.87519515313559,22.572596572900387,0.938764802485507,50.063789530915955,1
fold_2,latest_available,borough,Manhattan,51267,66.33276766731035,0.8808980435757895,26.379600912867925,49.83103034877344,0.7015732029831392,57.90272734208751,1
fold_2,previous_day_24h,borough,Queens,51267,6.900228216981684,0.5534554391713968,2.9511771704995415,12.863700433799274,0.8647780241132029,76.02826316807403,1
fold_2,previous_week_168h,borough,Queens,51267,6.794175590535822,0.5586244562779176,3.0015604579944215,14.271640953386193,0.8335578702106146,75.72256339699442,1
fold_2,zone_hour_average,borough,Queens,51267,6.801695996129258,0.9867556127723487,2.409019237419471,10.173729620500916,0.9154184138617116,117.44511934914235,1
fold_2,rolling_mean_24h,borough,Queens,51267,6.9004045812445955,0.9520939395712642,4.231241181786855,19.86798281198529,0.6774307285945824,114.83174575137852,1
fold_2,hist_gradient_boosting,borough,Queens,51267,6.838874564888336,0.999921977100279,2.322699679312562,9.38616379245208,0.9280067633032618,119.46702146273832,1
fold_2,latest_available,borough,Queens,51267,6.889753642694131,0.5533579105467454,3.6017126026488775,16.17462842109328,0.7862116345145207,79.99711435370216,1
fold_2,previous_day_24h,borough,Staten Island,14860,0.03371467025572005,0.027321668909825035,0.05969044414535666,0.3033017056165014,-0.606012738289502,9.779529577645325,1
fold_2,previous_week_168h,borough,Staten Island,14860,0.034320323014804845,0.029071332436069987,0.06244952893674294,0.3200353277941971,-0.7881136705754368,10.207267833109018,1
fold_2,zone_hour_average,borough,Staten Island,14860,0.032254959502521136,0.6147375504710633,0.06003624187192917,0.23595982660195727,0.027979516020804285,122.70797853789685,1
fold_2,rolling_mean_24h,borough,Staten Island,14860,0.033624943921040824,0.39636608344549124,0.06298227904890084,0.23910575950633486,0.0018878201614387358,80.3379426044946,1
fold_2,hist_gradient_boosting,borough,Staten Island,14860,0.2788142457974562,1.0,0.2937137006442573,0.34693325049624646,-1.1013148551248744,197.58113427961817,1
fold_2,latest_available,borough,Staten Island,14860,0.0338492597577389,0.026985195154777927,0.06332436069986541,0.32410971340844846,-0.8339326148280268,10.123659203067009,1
fold_2,previous_day_24h,local_hour,0,8122,15.759911351883773,0.5139128293523763,9.841910859394238,40.77761141498058,0.39596768258189075,68.83444002023678,1
fold_2,previous_week_168h,local_hour,0,8122,15.525609455799064,0.5313962078305836,4.699458261511943,15.436356059701119,0.9134422050341673,62.05320548210093,1
fold_2,zone_hour_average,local_hour,0,8122,14.548873580338856,0.9427480916030534,10.556861520351228,36.098595736135955,0.5266338214425931,124.61961708766275,1
fold_2,rolling_mean_24h,local_hour,0,8122,20.430805220389068,0.9202166953952229,14.635886070754328,44.255517208293405,0.2885384232312266,122.20700880066221,1
fold_2,hist_gradient_boosting,local_hour,0,8122,15.505242934591363,1.0,4.452574673802621,14.013818335376108,0.928660579716424,125.55570281802395,1
fold_2,latest_available,local_hour,0,8122,26.91910859394238,0.5879093819256341,15.648239349913814,47.386060028799,0.18432376395157057,75.58790795855555,1
fold_2,previous_day_24h,local_hour,1,8122,10.616227530164984,0.4296971189362226,8.117458754001477,40.26540245445226,0.1942755532378838,62.43003402515735,1
fold_2,previous_week_168h,local_hour,1,8122,10.51699088894361,0.4397931543954691,3.3814331445456784,11.792394846372618,0.9308922939930019,54.47378349858703,1
fold_2,zone_hour_average,local_hour,1,8122,9.660119158443491,0.9427480916030534,8.841045999723724,34.64585895880126,0.403479849759805,139.3593646224035,1
fold_2,rolling_mean_24h,local_hour,1,8122,20.40537018796684,0.9196010834769761,16.727027415250763,47.611525034597875,-0.12654005346968922,140.22500515513542,1
fold_2,hist_gradient_boosting,local_hour,1,8122,10.719048840324675,0.9998768776163507,3.107794387245451,10.063105561081564,0.9496746841485737,137.78065196408818,1
fold_2,latest_available,local_hour,1,8122,20.5940655011081,0.56981039152918,12.138389559221867,35.909531596676885,0.3591713307160683,79.43795346033781,1
fold_2,previous_day_24h,local_hour,2,7860,7.11412213740458,0.38282442748091605,6.181933842239186,33.473136850095806,-0.07026800673766775,56.86506938967392,1
fold_2,previous_week_168h,local_hour,2,7860,6.708142493638677,0.38091603053435114,2.393765903307888,10.287638027419419,0.898904676238932,50.04472052341103,1
fold_2,zone_hour_average,local_hour,2,7860,6.514894805436604,0.9236641221374046,6.405148017129026,26.077234864892944,0.3504347336293593,142.2095645104314,1
fold_2,rolling_mean_24h,local_hour,2,7860,20.34544105173876,0.9192111959287532,17.487881679389318,45.99081533570745,-1.020421284635212,151.43325645510922,1
fold_2,hist_gradient_boosting,local_hour,2,7860,7.01988332538301,0.9997455470737914,2.2692860740105805,7.51000033658145,0.946125949361363,144.83440206817835,1
fold_2,latest_available,local_hour,2,7860,14.429262086513996,0.5043256997455471,8.515648854961832,26.997283342737298,0.3037906582143567,72.96116147762734,1
fold_2,previous_day_24h,local_hour,3,8122,5.508249199704506,0.40888943609948286,4.709800541738488,24.019509533235432,0.08804752676011274,64.86253143536133,1
fold_2,previous_week_168h,local_hour,3,8122,5.32824427480916,0.3974390544200936,2.123984240334893,10.895312321526175,0.8123609162691346,57.94383206876777,1
fold_2,zone_hour_average,local_hour,3,8122,4.599515918823311,0.9618320610687023,4.96799718920607,20.598110331402296,0.3293457278051797,144.85138162981173,1
fold_2,rolling_mean_24h,local_hour,3,8122,20.332727981613722,0.9192317163260281,17.391703603381764,44.773648849325,-2.168756832119001,146.91031233823796,1
fold_2,hist_gradient_boosting,local_hour,3,8122,5.526813929968471,0.9998768776163507,1.9822037923283937,7.896253515326299,0.9014433117173183,139.36872599848,1
fold_2,latest_available,local_hour,3,8122,10.015636542723467,0.42563408027579414,5.688992858901749,24.15149081820187,0.07799808464651914,64.63874432640097,1
fold_2,previous_day_24h,local_hour,4,8122,4.688992858901749,0.5466633834031027,3.439793154395469,12.55153376100926,0.19132445489524763,71.1300797092889,1
fold_2,previous_week_168h,local_hour,4,8122,4.468850036936715,0.5129278502831814,2.1433144545678404,7.3752449364373796,0.7207883025319655,66.30484736108713,1
fold_2,zone_hour_average,local_hour,4,8122,3.7677341277229566,0.9351145038167938,3.2711515246154677,10.962573769449886,0.3831127837376249,114.75645203213725,1
fold_2,rolling_mean_24h,local_hour,4,8122,20.307180087006486,0.9193548387096774,16.831825084133627,43.37321450635012,-8.656593122772101,126.27754078731559,1
fold_2,hist_gradient_boosting,local_hour,4,8122,4.39859494452477,0.999630632849052,1.9347833973516673,6.547204585162594,0.7799646104701645,121.64853898822179,1
fold_2,latest_available,local_hour,4,8122,6.9247722235902485,0.37897069687269147,4.651194287121399,23.99032524771722,-1.9542890491546312,73.30988454979605,1
fold_2,previous_day_24h,local_hour,5,8122,4.704752524008865,0.637158335385373,2.3959615858163015,5.344704900670607,0.635858018577789,67.1006847493198,1
fold_2,previous_week_168h,local_hour,5,8122,4.505786752031519,0.6143806944102438,2.4863334154149226,6.2127788492190135,0.5079660410155497,69.45029978284295,1
fold_2,zone_hour_average,local_hour,5,8122,4.1894898529137965,0.9465648854961832,1.9928213644362494,4.6507282097958,0.7242819437071042,93.8444344240138,1
fold_2,rolling_mean_24h,local_hour,5,8122,20.28772162029057,0.9193548387096774,16.53939403266847,42.67948275338787,-22.21996619962713,111.5377082352355,1
fold_2,hist_gradient_boosting,local_hour,5,8122,4.485387604329888,1.0,2.220206103494935,5.2058725601487446,0.6545299895720542,105.92292726313828,1
fold_2,latest_available,local_hour,5,8122,5.041245998522531,0.40802757941393747,5.598005417384881,22.75330748976318,-5.599520165822911,93.18089250134742,1
fold_2,previous_day_24h,local_hour,6,8122,8.3677665599606,0.706229992612657,3.4919970450627926,7.600690749983031,0.79628971053075,63.42483641211379,1
fold_2,previous_week_168h,local_hour,6,8122,7.593326766806205,0.6933021423294755,3.4257572026594434,8.069661003545308,0.7703759236756811,63.89031901273555,1
fold_2,zone_hour_average,local_hour,6,8122,8.13662282718661,0.9656488549618321,3.108056950777748,6.57814112176627,0.8474145183450087,84.36712026723549,1
fold_2,rolling_mean_24h,local_hour,6,8122,20.274732208815564,0.9192317163260281,13.975678199129938,36.94354900143578,-3.8126476661533832,98.11436419224262,1
fold_2,hist_gradient_boosting,local_hour,6,8122,7.631080699951166,1.0,3.1173062550456834,6.828052544263761,0.8356004783730537,92.71227157468284,1
fold_2,latest_available,local_hour,6,8122,4.377246983501601,0.5438315685791677,7.629032258064516,19.053473269579296,-0.28013316903671925,96.88224216945427,1
fold_2,previous_day_24h,local_hour,7,8122,14.966633834031027,0.7395961585816302,6.439670032011819,17.350050579453043,0.7445104484864546,65.69748672802558,1
fold_2,previous_week_168h,local_hour,7,8122,13.610810145284413,0.7242058606254617,5.487934006402364,15.532258256295542,0.7952420091188082,61.233823544054054,1
fold_2,zone_hour_average,local_hour,7,8122,14.155246941966338,0.9580152671755725,6.632484135013336,16.30683144314175,0.7743107788683785,80.87225036978538,1
fold_2,rolling_mean_24h,local_hour,7,8122,20.268873635393582,0.9187392267914307,12.23659505048018,30.788743041155875,0.19544530836399465,94.1817653708509,1
fold_2,hist_gradient_boosting,local_hour,7,8122,13.85169696647011,1.0,4.520624122530573,11.41393646083402,0.889428664597312,85.0488095787042,1
fold_2,latest_available,local_hour,7,8122,4.56414676188131,0.6353114996306328,11.718295986210293,30.941815744810715,0.18742539614490983,91.6777529043845,1
fold_2,previous_day_24h,local_hour,8,8122,19.902979561684315,0.7456291553804482,8.007633587786259,22.10809891033611,0.7802838996889578,64.7227217744909,1
fold_2,previous_week_168h,local_hour,8,8122,18.718295986210293,0.7414429943363704,6.184191085939424,17.319157412940537,0.8651619064713086,59.70719119729798,1
fold_2,zone_hour_average,local_hour,8,8122,18.606594316196084,0.9618320610687023,8.288481678499274,21.40100348834787,0.7941137421710751,78.97497297472142,1
fold_2,rolling_mean_24h,local_hour,8,8122,20.27402425510958,0.9186161044077813,12.144776532873674,30.667326278124317,0.5772234290385265,89.3377788636751,1
fold_2,hist_gradient_boosting,local_hour,8,8122,19.161987424938637,1.0,4.898431144904895,12.355716035517363,0.9313730146528555,80.7068614639898,1
fold_2,latest_available,local_hour,8,8122,8.491381433144547,0.7121398670278256,13.024255109578922,36.16570559953093,0.41203297560012864,75.00284324346728,1
fold_2,previous_day_24h,local_hour,9,8122,20.33969465648855,0.7270376754493967,6.314454567840434,16.465906513789545,0.8815353439389982,60.61444109634636,1
fold_2,previous_week_168h,local_hour,9,8122,20.072519083969464,0.7266683082984486,5.5518345235163755,15.344609160487158,0.8971204231409442,60.58700968184047,1
fold_2,zone_hour_average,local_hour,9,8122,19.704451393359697,0.9580152671755725,5.90850078471977,15.96807995942766,0.8885903257246912,77.03588719865897,1
fold_2,rolling_mean_24h,local_hour,9,8122,20.29003529508331,0.9193548387096774,9.470553229910532,25.175219237855877,0.7230738105555603,82.03285882229588,1
fold_2,hist_gradient_boosting,local_hour,9,8122,20.390858268042365,1.0,4.335665820883855,10.229620772167918,0.9542768044432142,85.11940249331519,1
fold_2,latest_available,local_hour,9,8122,15.35089879340064,0.7446441763112533,8.68123614873184,21.067371790264307,0.8060730235211174,67.65836184038969,1
fold_2,previous_day_24h,local_hour,10,8122,20.301403595173603,0.7013050972666831,4.869367150948042,12.865599072630108,0.9287570106454509,61.320764263917816,1
fold_2,previous_week_168h,local_hour,10,8122,19.76003447426742,0.6926865304112287,5.4360994828859885,15.84269197275545,0.8919710726312834,62.21415032574529,1
fold_2,zone_hour_average,local_hour,10,8122,20.34971948864159,0.9465648854961832,4.048774264751693,11.183654509246038,0.9461668749572266,76.68301988773702,1
fold_2,rolling_mean_24h,local_hour,10,8122,20.312074201756545,0.9204629401625215,7.4524029385208905,20.582197369226346,0.8176668713131137,80.4395408324895,1
fold_2,hist_gradient_boosting,local_hour,10,8122,20.985451129227744,1.0,4.293122669809167,10.341544672454354,0.9539687326872085,88.59061696497679,1
fold_2,latest_available,local_hour,10,8122,20.43191332184191,0.7519083969465649,8.325166215217926,19.585538715256373,0.8348976896698197,70.37532766041707,1
fold_2,previous_day_24h,local_hour,11,8122,21.62078305836001,0.6956414676188131,4.819995075104654,12.61969044975055,0.9405696332703499,60.96515398682928,1
fold_2,previous_week_168h,local_hour,11,8122,20.55257325781827,0.686037921694164,5.185422309775917,15.48962048510925,0.9104650572753732,62.45709526829676,1
fold_2,zone_hour_average,local_hour,11,8122,21.890048744596708,0.9580152671755725,3.893780984563717,10.419060997509618,0.9594894474349527,80.30283497506687,1
fold_2,rolling_mean_24h,local_hour,11,8122,20.32806985143232,0.9203398177788722,7.202649183288187,20.29212207111231,0.8463381921801718,78.82287599485919,1
fold_2,hist_gradient_boosting,local_hour,11,8122,21.683924125141058,1.0,3.864461306513799,9.670269750309826,0.9651029927656842,88.3566936555243,1
fold_2,latest_available,local_hour,11,8122,20.723590248707215,0.7271607978330461,6.812730854469343,16.66116916637733,0.8964090171126433,65.11407810265096,1
fold_2,previous_day_24h,local_hour,12,8122,23.32233440039399,0.6930558975621768,5.144915045555282,13.4360918571215,0.9422201943809774,62.582835006158334,1
fold_2,previous_week_168h,local_hour,12,8122,21.994951982270376,0.6824673725683329,5.34326520561438,15.882649558737473,0.9192623591810547,60.542223731480824,1
fold_2,zone_hour_average,local_hour,12,8122,23.638462245930288,0.950381679389313,4.2617923058894025,11.200083769369247,0.9598511888597239,78.35313234357054,1
fold_2,rolling_mean_24h,local_hour,12,8122,20.336642247393907,0.9203398177788722,7.73132130838053,22.071688620730423,0.8440801999355787,78.94310463869613,1
fold_2,hist_gradient_boosting,local_hour,12,8122,22.713419708742183,1.0,3.8160865349869226,9.38924372353567,0.9717842646674126,88.02900864815177,1
fold_2,latest_available,local_hour,12,8122,20.50714109825166,0.7019207091849298,5.488057128786013,13.654106415810674,0.9403299070323827,62.177627710203396,1
fold_2,previous_day_24h,local_hour,13,8122,24.02277764097513,0.6937946318640729,5.436961339571534,14.42264475072155,0.9368954916200304,59.97697966443246,1
fold_2,previous_week_168h,local_hour,13,8122,22.778256587047526,0.6852991873922679,5.4832553558236885,16.289628813906518,0.919500542882795,59.95630273848159,1
fold_2,zone_hour_average,local_hour,13,8122,24.71769520831417,0.9541984732824428,4.4598116672550825,11.786074843702544,0.9578585995411211,79.16128188935879,1
fold_2,rolling_mean_24h,local_hour,13,8122,20.341987810884017,0.9198473282442748,7.425639210375111,21.413349416292476,0.8608959475090886,77.64764709507374,1
fold_2,hist_gradient_boosting,local_hour,13,8122,23.62986047395463,1.0,3.9288059703156066,9.931659772537094,0.970076372347697,87.92734902641361,1
fold_2,latest_available,local_hour,13,8122,21.74907658212263,0.6967495690716572,5.087416892391037,13.074832447724708,0.948138766843327,59.67075722544982,1
fold_2,previous_day_24h,local_hour,14,8122,26.034720512189114,0.7045062792415662,6.008618566855454,16.763906597001984,0.9296438364968583,61.86646926079812,1
fold_2,previous_week_168h,local_hour,14,8122,24.676680620536814,0.6971189362226052,6.129770992366412,18.537854680189046,0.9139658977283444,62.99603371920118,1
fold_2,zone_hour_average,local_hour,14,8122,26.295180722891565,0.9656488549618321,5.286654126973295,14.516553062385958,0.9472431694786351,80.59662380077624,1
fold_2,rolling_mean_24h,local_hour,14,8122,20.347830994008042,0.9198473282442748,8.669652384470162,26.30318954792609,0.8267917739128541,77.72519656456049,1
fold_2,hist_gradient_boosting,local_hour,14,8122,25.376562542636346,1.0,4.4304140459813395,11.55069090111725,0.9665983739873666,87.50332126877169,1
fold_2,latest_available,local_hour,14,8122,23.4625707953706,0.6967495690716572,5.767668062053682,16.149728042092182,0.9347046714817756,61.974646226659964,1
fold_2,previous_day_24h,local_hour,15,8122,27.211893622260526,0.6942871213986703,6.625461708938685,19.182831885644987,0.9195572560195097,62.261826373823396,1
fold_2,previous_week_168h,local_hour,15,8122,26.009603545924648,0.6908396946564885,6.459615858163014,20.427929300193906,0.9087757866256948,61.09020053554831,1
fold_2,zone_hour_average,local_hour,15,8122,28.03729421502805,0.950381679389313,6.189813180325339,17.38562537572333,0.933924254862421,80.09805920268332,1
fold_2,rolling_mean_24h,local_hour,15,8122,20.351488754822288,0.9194779610933268,9.734543010752688,30.644571925457782,0.7947096415498522,79.41068384862504,1
fold_2,hist_gradient_boosting,local_hour,15,8122,26.486126927117738,1.0,4.6794034564857805,13.018596048172261,0.9629498698413075,88.92234326290341,1
fold_2,latest_available,local_hour,15,8122,24.110563900517114,0.695272100467865,6.376385126816055,18.789116629535727,0.9228254404890393,61.30177476101472,1
fold_2,previous_day_24h,local_hour,16,8122,28.20155134203398,0.6792661905934498,7.097143560699335,20.100948755021662,0.9158891543721408,63.06193099398475,1
fold_2,previous_week_168h,local_hour,16,8122,27.367150948042354,0.6848066978576706,6.929081507017976,21.061845354140825,0.9076553529342806,61.450242139547264,1
fold_2,zone_hour_average,local_hour,16,8122,28.977789018670098,0.9465648854961832,6.254817348685558,17.840047837510937,0.9337461811902944,81.79439599409326,1
fold_2,rolling_mean_24h,local_hour,16,8122,20.354453952228514,0.9199704506279242,10.467983050151853,31.34631799754371,0.7954535452568011,82.43909825742534,1
fold_2,hist_gradient_boosting,local_hour,16,8122,28.22266962010022,1.0,4.915675627228573,13.316309452717027,0.9630863793743278,90.27139752066316,1
fold_2,latest_available,local_hour,16,8122,26.10588524993844,0.7046294016252155,5.914553065747353,16.09245174611942,0.9460907465555146,61.59167851921464,1
fold_2,previous_day_24h,local_hour,17,8122,32.2360256094558,0.6795124353607486,8.516498399409013,25.636057832990804,0.8962881762406112,63.11564796897619,1
fold_2,previous_week_168h,local_hour,17,8122,30.949642945087415,0.6936715094804236,7.910243782319625,24.527725795040205,0.9050619404608097,62.62777356506971,1
fold_2,zone_hour_average,local_hour,17,8122,32.1964959072933,0.9465648854961832,7.8453034002545525,23.589393101779514,0.9121868974910563,81.97485882923816,1
fold_2,rolling_mean_24h,local_hour,17,8122,20.358681154067142,0.9198473282442748,14.052096158581632,42.390045597602835,0.7164343940844797,83.90449535950314,1
fold_2,hist_gradient_boosting,local_hour,17,8122,31.562533287316004,1.0,5.633147727398754,16.619265538137785,0.9564137565877856,89.81743831601301,1
fold_2,latest_available,local_hour,17,8122,27.31334646638759,0.6958877123861118,8.392883526225068,24.864347555580228,0.9024381736742003,64.30128098150527,1
fold_2,previous_day_24h,local_hour,18,8122,34.41886234917508,0.6596897315932037,9.078921447919232,25.755448784349124,0.9026912359874095,62.7546411376534,1
fold_2,previous_week_168h,local_hour,18,8122,33.64676188131002,0.6804974144299434,7.779857178034967,22.712912299544858,0.9243237922648562,62.94860394168935,1
fold_2,zone_hour_average,local_hour,18,8122,34.159793334574566,0.950381679389313,8.769846727647282,24.966597312558044,0.9085607982964431,86.94948036809514,1
fold_2,rolling_mean_24h,local_hour,18,8122,20.360286875153903,0.9199704506279242,15.705922186653531,44.90467726173493,0.7042008841877067,88.9092350016346,1
fold_2,hist_gradient_boosting,local_hour,18,8122,33.86782534001463,1.0,5.711875047334184,15.240350207825868,0.9659275309068782,93.52267856309194,1
fold_2,latest_available,local_hour,18,8122,28.240088648116227,0.6804974144299434,9.634695887712386,25.612561845788846,0.9037679465928687,66.44982551532232,1
fold_2,previous_day_24h,local_hour,19,8122,31.795124353607484,0.6441763112533858,9.677788721989657,27.84128735273872,0.8639935592226402,65.82583578356119,1
fold_2,previous_week_168h,local_hour,19,8122,32.66055158827875,0.6766806205368135,7.9219404087663134,23.759480799257446,0.9009499401895218,63.335956722922674,1
fold_2,zone_hour_average,local_hour,19,8122,30.2241202755539,0.9541984732824428,8.94147032149957,25.910942412532453,0.8821994635458563,92.98662038988915,1
fold_2,rolling_mean_24h,local_hour,19,8122,20.364160100139536,0.9200935730115735,13.068153369449233,37.854159146567106,0.7485752324254731,90.85950122866741,1
fold_2,hist_gradient_boosting,local_hour,19,8122,31.738627549579338,1.0,5.742722385472715,15.576316723435834,0.9574293394676103,97.63590040541595,1
fold_2,latest_available,local_hour,19,8122,32.328983009111056,0.6801280472789953,8.092711154887958,21.978625084405014,0.9152417674972185,65.25849776600056,1
fold_2,previous_day_24h,local_hour,20,8122,30.004555528195027,0.6172125092341788,9.833292292538783,30.158470885739035,0.837428641922338,65.81212085226053,1
fold_2,previous_week_168h,local_hour,20,8122,30.40581137650825,0.6500861856685546,7.655872937700074,23.074777001341957,0.9048299224465235,63.948396674446336,1
fold_2,zone_hour_average,local_hour,20,8122,27.527927760193634,0.9465648854961832,9.11040474231386,28.858964869492613,0.8511369554377054,97.63805343426858,1
fold_2,rolling_mean_24h,local_hour,20,8122,20.36173356316178,0.9200935730115735,12.22979766888287,39.06880876166942,0.727174011835497,94.77286171114382,1
fold_2,hist_gradient_boosting,local_hour,20,8122,30.08074724603211,1.0,5.857429887019912,16.995677367108126,0.9483699727412128,105.20252860274296,1
fold_2,latest_available,local_hour,20,8122,34.36062546170894,0.6567347943856193,9.431420832307314,26.254925312720992,0.8767897121054534,66.52790215410793,1
fold_2,previous_day_24h,local_hour,21,8122,30.424279734055652,0.5863087909381925,10.780472789953214,33.86105312144001,0.819643311184519,65.53715148529452,1
fold_2,previous_week_168h,local_hour,21,8122,29.706476237379956,0.6044077813346467,8.211154887958632,26.177159112425514,0.8922105249563985,63.828340183431195,1
fold_2,zone_hour_average,local_hour,21,8122,27.829780301619806,0.950381679389313,10.092532477282418,31.839196268605924,0.8405386180603698,102.57868757826165,1
fold_2,rolling_mean_24h,local_hour,21,8122,20.347353894771402,0.9203398177788722,13.957876754493968,44.836907914123124,0.6837703111567266,99.58121423658397,1
fold_2,hist_gradient_boosting,local_hour,21,8122,29.31452845758788,1.0,6.404837295817001,18.872270110735123,0.9439752897825474,109.91776323311504,1
fold_2,latest_available,local_hour,21,8122,31.450012312238364,0.6383895592218666,9.58089140605762,26.75494141142135,0.8873997538658187,65.25158489544543,1
fold_2,previous_day_24h,local_hour,22,8122,26.830706722482148,0.5863087909381925,10.919231716326028,34.77366930348834,0.7546402548628004,66.9250083744702,1
fold_2,previous_week_168h,local_hour,22,8122,26.907904457030288,0.5940655011081014,7.682713617335631,23.506790397236518,0.887878488905399,64.46334652858654,1
fold_2,zone_hour_average,local_hour,22,8122,25.382749953453732,0.9580152671755725,10.064184299193398,29.698909517359102,0.8210287468876089,104.75741918070477,1
fold_2,rolling_mean_24h,local_hour,22,8122,20.332558688336206,0.9204629401625215,12.842008331281294,39.30503672476347,0.6865280501494492,100.426904174424,1
fold_2,hist_gradient_boosting,local_hour,22,8122,26.503009581494542,1.0,6.0932200291304115,18.22192662703668,0.9326262284492287,110.64583130160682,1
fold_2,latest_available,local_hour,22,8122,29.649470573750307,0.6085939423787244,10.487072149716818,32.017613196324625,0.7919919322437972,65.05759686432833,1
fold_2,previous_day_24h,local_hour,23,8122,20.49987687761635,0.569441024378232,11.254001477468604,39.42149849023952,0.5325987245469499,72.41780944573372,1
fold_2,previous_week_168h,local_hour,23,8122,20.784782073380942,0.5847081999507511,6.5098497906919475,21.546645710962654,0.8603686370636673,63.25098711974162,1
fold_2,zone_hour_average,local_hour,23,8122,20.031884192887727,0.9465648854961832,10.948088900366965,32.96773584986461,0.6731098161166855,110.98732743969829,1
fold_2,rolling_mean_24h,local_hour,23,8122,20.32739267832225,0.9203398177788722,12.630807272428793,38.124983129538506,0.562837444329374,107.03739814294931,1
fold_2,hist_gradient_boosting,local_hour,23,8122,20.423085232363796,1.0,5.829789597504337,17.894089742218277,0.9036963255198525,116.80896144082209,1
fold_2,latest_available,local_hour,23,8122,30.300295493720757,0.5810145284412707,15.622014282196503,48.89418392175133,0.2809848528813249,70.44162674024861,1
fold_2,previous_day_24h,weekend,0,138336,19.858713566967385,0.6220795743696507,6.572143187601203,23.71569713129507,0.8355680837959663,63.29565051815505,1
fold_2,previous_week_168h,weekend,0,138336,19.93484703909322,0.6242771223687255,5.711513994910941,18.710096717454398,0.8976550561630182,61.69404371917114,1
fold_2,zone_hour_average,weekend,0,138336,19.797603512168205,0.9508587786259542,5.959385044876448,18.758269665020926,0.89712736198132,95.65824866642643,1
fold_2,rolling_mean_24h,weekend,0,138336,19.57165675119516,0.9187124103631737,12.536634534755956,36.38663384782723,0.6129223567367469,100.04541716927083,1
fold_2,hist_gradient_boosting,weekend,0,138336,20.263298117951717,0.9999493985658108,4.359119726001051,12.818840543469069,0.9519590244810513,102.93757369448603,1
fold_2,latest_available,weekend,0,138336,20.156372889197318,0.6239735137635901,8.659083680314597,26.95001399619481,0.7876597535055622,71.2860739390085,1
fold_2,previous_day_24h,weekend,1,56330,21.68933072962897,0.6393751109533109,8.199201136161903,27.779362303663934,0.7369178611565497,66.35503700046335,1
fold_2,previous_week_168h,weekend,1,56330,19.536907509320077,0.6374045801526718,5.069430143795491,15.658027175178876,0.9164164322455073,61.76864856515603,1
fold_2,zone_hour_average,weekend,1,56330,19.859383552664628,0.9509852654003196,8.424995765320007,28.799782797946637,0.7172352653709764,98.31894508351544,1
fold_2,rolling_mean_24h,weekend,1,56330,22.209814929877506,0.9223504349369785,12.475099857979762,36.99551503158679,0.5333997410223044,97.22364891860077,1
fold_2,hist_gradient_boosting,weekend,1,56330,19.59817051791127,1.0,4.285355286176496,12.220804713280579,0.9490849202376285,101.49525863393153,1
fold_2,latest_available,weekend,1,56330,20.71482336232913,0.6318657908751997,8.73025031066927,27.085549682399428,0.749895141983629,69.11061504609356,1
fold_2,previous_day_24h,rush_hour,0,160082,19.21249734511063,0.6093377144213591,6.93261578441049,25.612450975198755,0.7785672409030067,64.75286986306129,1
fold_2,previous_week_168h,rush_hour,0,160082,18.341499981259606,0.6060144176109744,5.095725940455517,16.889144823033895,0.9037158256262242,61.892802301366984,1
fold_2,zone_hour_average,rush_hour,0,160082,18.774621862818965,0.9503192114041553,6.632595182274403,22.643504919281416,0.8269279679020974,100.82713149712694,1
fold_2,rolling_mean_24h,rush_hour,0,160082,20.537982096675453,0.9200722129908422,12.513425411143457,36.68140955017258,0.5458162173609264,102.47223426526071,1
fold_2,hist_gradient_boosting,rush_hour,0,160082,18.581804402648963,0.9999562724103896,4.079485005486594,12.170249495888081,0.9500036206820577,106.50428373572854,1
fold_2,latest_available,rush_hour,0,160082,20.471520845566648,0.605658350095576,8.17787134093777,26.312650812084883,0.7662945738305897,70.42524860311609,1
fold_2,previous_day_24h,rush_hour,1,34584,25.831598427018275,0.7092297015961138,7.553724265556327,21.683804322166957,0.8994121974422389,61.53358289662915,1
fold_2,previous_week_168h,rush_hour,1,34584,26.661953504510755,0.7301931529030765,7.516047883414296,21.892388829046197,0.8974677075231309,60.89554787193694,1
fold_2,zone_hour_average,rush_hour,1,34584,24.633395152010014,0.9535623409669212,6.859194976279587,19.625023677425716,0.9176061606367412,76.06629654609404,1
fold_2,rolling_mean_24h,rush_hour,1,34584,19.39574176883337,0.9183437427712237,12.543837709152596,36.014788784561425,0.7225171759004148,84.21613368787789,1
fold_2,hist_gradient_boosting,rush_hour,1,34584,26.963224072809943,1.0,5.533342905334788,14.661317246638891,0.9540145602201009,84.07880420040738,1
fold_2,latest_available,rush_hour,1,34584,19.607217210270644,0.7216053666435346,11.002428868841083,29.92271060184454,0.808452615480232,71.72729074395961,1
fold_2,previous_day_24h,zone_cohort,dense,127053,31.039424492141077,0.8370286415905174,10.550990531510472,30.884566974755675,0.7971210696508491,70.10670020639206,1
fold_2,previous_week_168h,zone_cohort,dense,127053,30.16125553902702,0.8360998953192762,8.226779375536193,22.116019371262965,0.8959677870925111,66.68058029729734,1
fold_2,zone_hour_average,zone_cohort,dense,127053,30.16159141895009,0.9997560073355214,10.012647861299742,27.39425872433401,0.8403852509085635,71.69677188017184,1
fold_2,rolling_mean_24h,zone_cohort,dense,127053,30.957120584847793,1.0,18.939221230510103,45.25369954339215,0.5644258563534489,84.23432488712653,1
fold_2,hist_gradient_boosting,zone_cohort,dense,127053,30.474834526299805,0.9999449048822145,6.370409375976587,15.643551712179319,0.9479495321364277,66.87012157197513,1
fold_2,latest_available,zone_cohort,dense,127053,30.930887110103658,0.8355725563347579,13.047318835446625,33.39689708169795,0.7627718895038295,78.97631001086123,1
fold_2,previous_day_24h,zone_cohort,sparse,67613,0.37393696478487864,0.23257361749959327,0.450948782038957,1.1149325345813963,-0.246822139256496,53.04571255517235,1
fold_2,previous_week_168h,zone_cohort,sparse,67613,0.3866564122284176,0.23717332465650096,0.45009095883927647,1.1769607329611276,-0.3894127351366292,52.38589379406296,1
fold_2,zone_hour_average,zone_cohort,sparse,67613,0.3738878681471493,0.8590803543697217,0.3969732493276164,0.876710828592382,0.22906090565219506,142.90144951979235,1
fold_2,rolling_mean_24h,zone_cohort,sparse,67613,0.37490632965060955,0.7689941283480988,0.45413419017052936,0.9471879585771107,0.10013022584548692,127.40548848932816,1
fold_2,hist_gradient_boosting,zone_cohort,sparse,67613,0.5204532064683096,1.0,0.5182084398037367,0.8771216536441219,0.2283382151356701,169.5110490196505,1
fold_2,latest_available,zone_cohort,sparse,67613,0.37501663881206276,0.23292857882359902,0.47234999186546966,1.1549203977882618,-0.3378623480492944,55.02276417498378,1
fold_2,previous_day_24h,target_cohort,positive,121824,32.27111242448122,0.8484781323877069,10.946004071447334,31.509455627354626,0.795205624900799,71.84500873650184,1
fold_2,previous_week_168h,target_cohort,positive,121824,31.40363146834778,0.8507108615707907,8.562877593905963,22.58399958016819,0.8947946227744429,68.03532313510061,1
fold_2,zone_hour_average,target_cohort,positive,121824,31.31476465646553,0.9994910690832677,10.313789036288922,27.965171782615347,0.8386863170652616,50.09099737386058,1
fold_2,rolling_mean_24h,target_cohort,positive,121824,31.85289194521058,0.9979642763330706,19.36312528729971,46.05233782207118,0.5625387521699556,64.20976961118525,1
fold_2,hist_gradient_boosting,target_cohort,positive,121824,31.683801634904633,0.9999671657473076,6.543506586043097,15.969494228486862,0.9473960268619634,44.23923129637661,1
fold_2,latest_available,target_cohort,positive,121824,32.13842100078802,0.8373801549776727,13.541264447071185,34.081973414214104,0.760400619698901,80.23731998598905,1
fold_2,previous_day_24h,target_cohort,zero,72842,0.5153482880755608,0.2568161225666511,0.5153482880755608,2.1022730333776622,,51.36322451333022,1
fold_2,previous_week_168h,target_cohort,zero,72842,0.44623980670492297,0.2557315834271437,0.44623980670492297,1.1882997228372696,,51.14631668542874,1
fold_2,zone_hour_average,target_cohort,zero,72842,0.5835982739579181,0.8696219214189616,0.5835982739579181,1.3138969663903795,,173.9243842837923,1
fold_2,rolling_mean_24h,target_cohort,zero,72842,1.0721407292496088,0.788981631476346,1.0721407292496088,5.087910287262138,,157.7963262952692,1
fold_2,hist_gradient_boosting,target_cohort,zero,72842,0.6488166627534814,0.9999588149693858,0.6488166627534814,1.02401955753578,,199.99176299387716,1
fold_2,latest_available,target_cohort,zero,72842,0.548955273056753,0.2731665797204909,0.548955273056753,1.9975789140371054,,54.633315944098186,1
fold_3,previous_day_24h,borough,Bronx,30960,1.1548772609819122,0.4908268733850129,1.0036175710594315,1.7159760031570526,0.07207354528635979,77.125156720119,1
fold_3,previous_week_168h,borough,Bronx,30960,1.160109819121447,0.49334625322997416,0.9628552971576227,1.656480500512702,0.13530331950294894,75.23216920340201,1
fold_3,zone_hour_average,borough,Bronx,30960,1.215564970170504,0.9806201550387597,0.842669111323047,1.3008557432693426,0.46672722374454045,123.83837380782713,1
fold_3,rolling_mean_24h,borough,Bronx,30960,1.1561625215331612,0.9631782945736435,1.079560992678725,1.6223376627284223,0.17058165474327946,124.77517533983331,1
fold_3,hist_gradient_boosting,borough,Bronx,30960,1.2062137884610447,1.0,0.8891166344574464,1.336526536157502,0.4370804811454224,128.76267873877788,1
fold_3,latest_available,borough,Bronx,30960,1.1576227390180878,0.49098837209302326,1.1116602067183463,1.8839472142135916,-0.1184809626191079,83.56979253885422,1
fold_3,previous_day_24h,borough,Brooklyn,43920,3.18023679417122,0.6691256830601093,2.1924635701275044,4.668522757348777,0.21776143369381595,77.76338617229126,1
fold_3,previous_week_168h,borough,Brooklyn,43920,3.1583105646630236,0.6704918032786885,1.7662568306010928,3.0765802579794186,0.6602834058427562,72.87588919962663,1
fold_3,zone_hour_average,borough,Brooklyn,43920,3.5411444020537224,0.9938524590163934,2.0165979304638637,3.887221424049229,0.45767600157956123,100.2631030030525,1
fold_3,rolling_mean_24h,borough,Brooklyn,43920,3.1863549256223433,0.9866575591985428,2.439855608682453,4.442352734353866,0.29171777489675,105.52641963927475,1
fold_3,hist_gradient_boosting,borough,Brooklyn,43920,3.114912581843706,1.0,1.6344943689411102,2.816144780283803,0.7153637424845334,99.26687080986348,1
fold_3,latest_available,borough,Brooklyn,43920,3.1904143897996358,0.6698770491803279,2.253233151183971,4.208819562886084,0.36422875951029154,82.63305807851498,1
fold_3,previous_day_24h,borough,Manhattan,49680,66.17894524959742,0.8807971014492754,18.874376006441224,42.005588971360915,0.7885314223013181,42.24122676724721,1
fold_3,previous_week_168h,borough,Manhattan,49680,65.07502012882448,0.8813003220611916,11.911674718196457,23.43267414085094,0.9341924997954975,32.7761685741658,1
fold_3,zone_hour_average,borough,Manhattan,49680,65.00960731990348,0.9589371980676329,18.749127117602605,38.149453506482004,0.8255751615176165,50.162782385054,1
fold_3,rolling_mean_24h,borough,Manhattan,49680,66.30407776435855,0.9565418679549115,39.618152844873855,66.89349373396716,0.4637103129984712,73.59197833192626,1
fold_3,hist_gradient_boosting,borough,Manhattan,49680,66.192429668268,0.99993961352657,10.281806109917207,19.187706091355516,0.9558757026649276,47.58395542624618,1
fold_3,latest_available,borough,Manhattan,49680,66.52916666666667,0.881159420289855,26.14915458937198,49.47322019949998,0.706659487625342,57.767006405016126,1
fold_3,previous_day_24h,borough,Queens,49680,6.75787037037037,0.5312600644122383,2.5854066022544284,11.664866148157396,0.8919157024231529,74.03780043500268,1
fold_3,previous_week_168h,borough,Queens,49680,6.709782608695652,0.5320048309178744,2.2638486312399357,9.162660521163433,0.9333122173736573,71.84830263640858,1
fold_3,zone_hour_average,borough,Queens,49680,6.822144686436335,0.9927536231884058,2.322034284385579,9.542082568665633,0.927674836263644,121.71768290464412,1
fold_3,rolling_mean_24h,borough,Queens,49680,6.761799684648417,0.9520330112721417,4.141997953569512,19.839161175205188,0.6873562894415697,117.98923225058356,1
fold_3,hist_gradient_boosting,borough,Queens,49680,6.761971347737591,1.0,2.009602641569013,7.74267969930046,0.9523804077518018,122.94899502290664,1
fold_3,latest_available,borough,Queens,49680,6.78737922705314,0.5307769726247987,3.356340579710145,15.540340859899695,0.8081666258260829,79.62185421178863,1
fold_3,previous_day_24h,borough,Staten Island,14400,0.02020833333333333,0.01840277777777778,0.03756944444444445,0.2119682890329484,-1.0320422670375033,6.9259259259259265,1
fold_3,previous_week_168h,borough,Staten Island,14400,0.02236111111111111,0.01923611111111111,0.03888888888888889,0.22484562605386735,-1.286440139726897,6.930555555555555,1
fold_3,zone_hour_average,borough,Staten Island,14400,0.03262989874668234,0.6895833333333333,0.04835654751893254,0.1499695822867935,-0.017178828520926226,137.6557736733716,1
fold_3,rolling_mean_24h,borough,Staten Island,14400,0.020162037037037037,0.31305555555555553,0.03844907407407407,0.15071044461909053,-0.027253549879780348,64.14673053247235,1
fold_3,hist_gradient_boosting,borough,Staten Island,14400,0.28760190356587473,1.0,0.29498801436557465,0.314978286732015,-3.4869598289348964,198.23925376261184,1
fold_3,latest_available,borough,Staten Island,14400,0.01972222222222222,0.018472222222222223,0.03763888888888889,0.20783273188899876,-0.9535244050963323,7.027777777777778,1
fold_3,previous_day_24h,local_hour,0,7860,13.793384223918576,0.48982188295165396,8.468956743002545,37.41461186036249,0.41413563448413704,62.62255173785426,1
fold_3,previous_week_168h,local_hour,0,7860,14.195928753180661,0.49287531806615775,4.0539440203562345,14.961069072304277,0.9063215166410805,53.53312049735248,1
fold_3,zone_hour_average,local_hour,0,7860,14.658717827467406,0.9541984732824428,9.529302618838525,33.31762347285541,0.5354177353205554,126.1262173618486,1
fold_3,rolling_mean_24h,local_hour,0,7860,20.126473706530955,0.9147582697201018,14.07587998303647,42.68649265701796,0.23740221458811317,121.88703737138826,1
fold_3,hist_gradient_boosting,local_hour,0,7860,14.20636255050624,1.0,3.733876134503232,11.41165357943796,0.9454980860377918,126.88117821804143,1
fold_3,latest_available,local_hour,0,7860,27.290839694656487,0.5725190839694656,16.620356234096693,51.015210025481814,-0.08921585100772678,75.3158453277991,1
fold_3,previous_day_24h,local_hour,1,7860,8.848473282442749,0.41475826972010177,6.576590330788804,35.32306010333212,0.2641528523573158,57.03293645891686,1
fold_3,previous_week_168h,local_hour,1,7860,9.160178117048346,0.421882951653944,2.801526717557252,12.289675842572969,0.9109258214339774,49.9304444579895,1
fold_3,zone_hour_average,local_hour,1,7860,9.71738836722286,0.9465648854961832,7.905542795379315,31.673584988858433,0.4083492571518559,139.0337695531194,1
fold_3,rolling_mean_24h,local_hour,1,7860,20.140071034775236,0.9145038167938931,16.57402989821883,46.96449048493341,-0.3007990177778308,140.4014536895323,1
fold_3,hist_gradient_boosting,local_hour,1,7860,9.570205939995908,0.999618320610687,2.722327938033731,8.865528263365816,0.9536467480802774,138.18569604782144,1
fold_3,latest_available,local_hour,1,7860,20.771628498727736,0.5641221374045802,13.14529262086514,38.58154511433762,0.12213001029123438,80.5481426095695,1
fold_3,previous_day_24h,local_hour,2,7860,5.744783715012723,0.3555979643765903,4.764758269720102,26.451080681348277,0.20071734124312568,52.05064671527005,1
fold_3,previous_week_168h,local_hour,2,7860,5.96882951653944,0.3642493638676845,1.9923664122137406,9.241652584556437,0.9024307813986698,45.78243028535233,1
fold_3,zone_hour_average,local_hour,2,7860,6.454368865866957,0.9351145038167938,5.819924572882588,23.564731362261,0.36563598883273984,145.49957925573497,1
fold_3,rolling_mean_24h,local_hour,2,7860,20.142350508905853,0.9146310432569974,17.357649491094147,45.72025995652579,-1.3879813590318082,152.59592631019837,1
fold_3,hist_gradient_boosting,local_hour,2,7860,6.4045701051352895,1.0,1.998250900091529,7.254744027761592,0.9398746333855333,147.3605593967752,1
fold_3,latest_available,local_hour,2,7860,13.848091603053435,0.4902035623409669,8.420229007633587,27.13645426593582,0.15876031572369975,71.72976561496176,1
fold_3,previous_day_24h,local_hour,3,7860,3.9922391857506363,0.37302798982188295,3.395038167938931,16.96207789493949,0.2044887628376617,57.40841013268188,1
fold_3,previous_week_168h,local_hour,3,7860,4.2180661577608145,0.38702290076335877,1.615267175572519,6.708298760835794,0.8755734657974665,51.68967183437907,1
fold_3,zone_hour_average,local_hour,3,7860,4.720698507059381,0.9618320610687023,4.1461280371095945,15.136529514288606,0.3665084354668501,147.74928345681576,1
fold_3,rolling_mean_24h,local_hour,3,7860,20.143548558100083,0.9146310432569974,17.39494804919423,44.64894788346413,-4.512018560072051,151.99115230068784,1
fold_3,hist_gradient_boosting,local_hour,3,7860,4.534676388056279,1.0,1.6624829525415643,5.7256336032115485,0.909356781397691,144.76720837385213,1
fold_3,latest_available,local_hour,3,7860,8.877226463104325,0.41564885496183207,5.443638676844784,24.439385994461063,-0.6514627925910763,62.44198037811009,1
fold_3,previous_day_24h,local_hour,4,7860,3.3071246819338422,0.4910941475826972,2.5389312977099237,8.795702165849569,0.25820001413839155,67.03406366619127,1
fold_3,previous_week_168h,local_hour,4,7860,3.505089058524173,0.5,1.5834605597964377,4.315986025111381,0.8213899672907994,61.18880900813418,1
fold_3,zone_hour_average,local_hour,4,7860,3.934945619131257,0.950381679389313,2.7781846022202705,7.7946162263548295,0.417447239038398,123.33299290301478,1
fold_3,rolling_mean_24h,local_hour,4,7860,20.143638676844784,0.9143765903307888,17.35783502968617,44.680832309496886,-18.142043526780498,134.6952717816249,1
fold_3,hist_gradient_boosting,local_hour,4,7860,3.426731760429283,1.0,1.495647707005045,3.4889620047222043,0.8832818835939135,128.08658433061768,1
fold_3,latest_available,local_hour,4,7860,5.746946564885496,0.3559796437659033,3.9232824427480915,21.223279862982857,-3.3188765692650852,68.3196387744027,1
fold_3,previous_day_24h,local_hour,5,7860,4.035114503816794,0.6027989821882952,2.061323155216285,4.408383177445644,0.7283859100952632,67.69560980181839,1
fold_3,previous_week_168h,local_hour,5,7860,3.95559796437659,0.6057251908396947,1.6535623409669211,3.295864476326421,0.8481788372493857,61.326003278968784,1
fold_3,zone_hour_average,local_hour,5,7860,4.2922718367898405,0.9541984732824428,1.7961088968452341,3.6855857258457307,0.8101517244338781,99.0655477617526,1
fold_3,rolling_mean_24h,local_hour,5,7860,20.143675784563193,0.9143765903307888,16.754362807463952,43.35665847502161,-25.272731602090037,116.26445268338074,1
fold_3,hist_gradient_boosting,local_hour,5,7860,4.004173106220832,1.0,1.6791761606217699,3.291890423557924,0.8485447391660437,108.04782792645146,1
fold_3,latest_available,local_hour,5,7860,3.9931297709923665,0.3702290076335878,4.886259541984733,18.269616318005276,-3.6650088909542182,91.30377543920046,1
fold_3,previous_day_24h,local_hour,6,7860,8.228753180661577,0.6909669211195929,3.2782442748091603,7.2289441544243696,0.8227396160165729,63.08345544999731,1
fold_3,previous_week_168h,local_hour,6,7860,8.078498727735369,0.6909669211195929,2.48676844783715,4.818380837286502,0.9212475284888879,56.107059385317605,1
fold_3,zone_hour_average,local_hour,6,7860,8.233092272666399,0.9694656488549618,3.0859492879782153,6.675053518334286,0.848862772736427,87.72803539913681,1
fold_3,rolling_mean_24h,local_hour,6,7860,20.144343723494487,0.9142493638676845,13.942657972858353,37.0696268156309,-3.6612068308273766,99.81573504854565,1
fold_3,hist_gradient_boosting,local_hour,6,7860,7.657116836486451,1.0,2.5846834263222966,5.1299823955544,0.9107324334842746,93.30920054738469,1
fold_3,latest_available,local_hour,6,7860,3.323155216284987,0.49236641221374045,7.3683206106870225,18.018625506401676,-0.10129904995142835,99.80278453081004,1
fold_3,previous_day_24h,local_hour,7,7860,14.934605597964376,0.7295165394402036,5.529007633587787,15.490216891264705,0.8039165370890522,62.895918552309666,1
fold_3,previous_week_168h,local_hour,7,7860,14.59236641221374,0.7311704834605598,3.7910941475826974,8.295312757241767,0.9437669680390021,56.65279971832353,1
fold_3,zone_hour_average,local_hour,7,7860,14.480380340163384,0.9618320610687023,6.308675951966429,15.956796977729358,0.7919261947710585,82.33415161118661,1
fold_3,rolling_mean_24h,local_hour,7,7860,20.146177905004237,0.9145038167938931,11.623033290924512,29.753961245075693,0.2765382797743683,93.61546151842161,1
fold_3,hist_gradient_boosting,local_hour,7,7860,14.752693443149155,1.0,3.4512987210713155,7.722546918976859,0.9512643141911046,84.63049461024006,1
fold_3,latest_available,local_hour,7,7860,4.079134860050891,0.6036895674300254,11.545547073791349,31.458616137110777,0.19126693621684843,92.47563378330865,1
fold_3,previous_day_24h,local_hour,8,7860,19.97519083969466,0.7321882951653944,6.948854961832061,19.558400835881177,0.8338060367562401,62.401786226685026,1
fold_3,previous_week_168h,local_hour,8,7860,19.717430025445292,0.733969465648855,4.564885496183206,10.777981513074849,0.9495311477311976,55.88187765439954,1
fold_3,zone_hour_average,local_hour,8,7860,19.102952993169946,0.9694656488549618,7.639022811481631,20.771275418866097,0.8125545562740393,81.8518674358266,1
fold_3,rolling_mean_24h,local_hour,8,7860,20.150010602205256,0.9138676844783715,11.261779050042408,29.289261518739572,0.6272948418790809,88.0138215639571,1
fold_3,hist_gradient_boosting,local_hour,8,7860,20.18482520762589,1.0,3.9540838981305706,9.088671197881583,0.9641119927422418,83.25932711613281,1
fold_3,latest_available,local_hour,8,7860,8.320737913486004,0.6912213740458015,12.910432569974555,36.86886534126271,0.4094344570891133,74.58159920346274,1
fold_3,previous_day_24h,local_hour,9,7860,21.031424936386767,0.7269720101781171,5.286259541984733,13.615961296787804,0.9221794999412914,57.31091934228313,1
fold_3,previous_week_168h,local_hour,9,7860,20.701908396946564,0.7264631043256997,4.088040712468193,9.237218664262501,0.9641837717187938,55.441343758307674,1
fold_3,zone_hour_average,local_hour,9,7860,19.981585643498057,0.9694656488549618,5.33236462657917,14.792332007983127,0.9081517909754441,77.39580650822974,1
fold_3,rolling_mean_24h,local_hour,9,7860,20.156955046649706,0.9139949109414758,8.681774809160306,23.099940039326277,0.7760149119734908,80.70687980785958,1
fold_3,hist_gradient_boosting,local_hour,9,7860,20.847730615211223,1.0,3.6116555014683294,7.963411470450187,0.9733807562320477,83.18555605716736,1
fold_3,latest_available,local_hour,9,7860,15.101272264631044,0.7302798982188295,8.856361323155216,22.025393048281742,0.7963686056290439,66.17935649447217,1
fold_3,previous_day_24h,local_hour,10,7860,21.0676844783715,0.7022900763358778,4.593384223918575,11.420585404976682,0.9473480050273266,59.6028406161831,1
fold_3,previous_week_168h,local_hour,10,7860,20.793256997455472,0.700381679389313,3.9400763358778628,9.45131491854797,0.9639402619386599,58.2529971587777,1
fold_3,zone_hour_average,local_hour,10,7860,20.39252711932503,0.9656488549618321,4.035002901656176,10.781267450805418,0.9530778677933884,79.80051769021196,1
fold_3,rolling_mean_24h,local_hour,10,7860,20.165383799830366,0.9145038167938931,7.011800254452926,19.028797411745046,0.8538291459941872,78.99147718389433,1
fold_3,hist_gradient_boosting,local_hour,10,7860,21.56582037210453,1.0,3.719344112187435,8.57066511219119,0.9703471014831564,87.99207049738459,1
fold_3,latest_available,local_hour,10,7860,20.177480916030536,0.73206106870229,8.042620865139948,20.29165523718139,0.8337839148813807,66.8391933661008,1
fold_3,previous_day_24h,local_hour,11,7860,22.94796437659033,0.7055979643765903,4.6970737913486005,11.688302366628802,0.9540905168753274,60.250179022191745,1
fold_3,previous_week_168h,local_hour,11,7860,22.433715012722647,0.7005089058524173,4.056361323155216,9.990141450883035,0.9664615643001918,58.66276090873668,1
fold_3,zone_hour_average,local_hour,11,7860,21.851714209187087,0.9694656488549618,3.9799272353912767,10.713514695240228,0.9614287719170085,80.59624022206272,1
fold_3,rolling_mean_24h,local_hour,11,7860,20.170091178965226,0.9148854961832061,6.844571670907548,19.23600350034049,0.8756547435672,77.11539551423422,1
fold_3,hist_gradient_boosting,local_hour,11,7860,22.86719155548966,1.0,3.662066040731465,8.965058272716634,0.9729911706374906,87.03593692403594,1
fold_3,latest_available,local_hour,11,7860,21.14440203562341,0.7279898218829517,6.893002544529262,17.66700393359955,0.8951121124166131,63.35799189278471,1
fold_3,previous_day_24h,local_hour,12,7860,24.895419847328245,0.7053435114503817,5.524045801526718,14.618050642276236,0.9388665520177247,59.259795411851016,1
fold_3,previous_week_168h,local_hour,12,7860,24.406361323155217,0.7013994910941476,4.704961832061069,12.56868660408294,0.9548061061059656,58.15866469634318,1
fold_3,zone_hour_average,local_hour,12,7860,23.590632114637742,0.9541984732824428,4.382386947011295,11.784321722714816,0.9602708614663897,77.95677575490201,1
fold_3,rolling_mean_24h,local_hour,12,7860,20.176123833757423,0.9145038167938931,7.701749363867685,22.62644528043267,0.8535354147432641,77.07402367294226,1
fold_3,hist_gradient_boosting,local_hour,12,7860,24.260976107724638,1.0,4.012725388640861,10.572951225515745,0.9680189716498107,87.26235268584422,1
fold_3,latest_available,local_hour,12,7860,21.212468193384225,0.7038167938931298,6.42913486005089,17.38728513823741,0.913510473513903,62.45121199886912,1
fold_3,previous_day_24h,local_hour,13,7860,25.702798982188295,0.7019083969465649,5.7,14.774849684721223,0.9412300793248458,61.19146652145423,1
fold_3,previous_week_168h,local_hour,13,7860,25.27480916030534,0.6978371501272265,4.802544529262087,12.223428886382823,0.9597750917104434,58.86690305989465,1
fold_3,zone_hour_average,local_hour,13,7860,24.55259809829918,0.9580152671755725,4.733436007321102,12.517565207943312,0.9578159097889376,79.49698851150191,1
fold_3,rolling_mean_24h,local_hour,13,7860,20.180168575063615,0.9136132315521629,7.803578244274809,22.66746545762178,0.8616704744599806,77.14323028682327,1
fold_3,hist_gradient_boosting,local_hour,13,7860,25.581455309626048,1.0,4.0002981741036905,9.968047508411335,0.9732496689787726,87.63017413221122,1
fold_3,latest_available,local_hour,13,7860,23.04503816793893,0.7064885496183206,5.388549618320611,13.987089648843455,0.9473299562534979,59.29036497922323,1
fold_3,previous_day_24h,local_hour,14,7860,28.18944020356234,0.7086513994910941,6.257124681933842,17.003012006782768,0.9382429270105468,62.4606385699876,1
fold_3,previous_week_168h,local_hour,14,7860,27.535368956743003,0.7090330788804071,5.534351145038168,14.920228937659196,0.9524461202446961,60.41192659474357,1
fold_3,zone_hour_average,local_hour,14,7860,26.243705638141158,0.9656488549618321,5.451665104236418,15.63110054818007,0.947806779559434,79.7596243229497,1
fold_3,rolling_mean_24h,local_hour,14,7860,20.182442748091603,0.9138676844783715,9.75332909245123,29.56157302472367,0.8133233231826983,77.43301856016984,1
fold_3,hist_gradient_boosting,local_hour,14,7860,27.63967594102286,1.0,4.552509284365493,12.150791578278207,0.96846127559155,87.18724739235792,1
fold_3,latest_available,local_hour,14,7860,24.95,0.7053435114503817,6.26501272264631,18.212866994875572,0.9291415556822493,60.68496036970843,1
fold_3,previous_day_24h,local_hour,15,7860,28.690712468193386,0.6904580152671755,6.2211195928753185,17.023535571636657,0.9432874698648734,62.15929982612135,1
fold_3,previous_week_168h,local_hour,15,7860,27.93473282442748,0.6914758269720102,5.2676844783715016,14.295224206514,0.9600090758463599,59.9254531575343,1
fold_3,zone_hour_average,local_hour,15,7860,27.840431230748624,0.9541984732824428,5.579813401187447,16.231004364113733,0.9484450598547292,80.61326936361097,1
fold_3,rolling_mean_24h,local_hour,15,7860,20.185093299406272,0.9139949109414758,10.492069550466498,32.776381163551285,0.7897667031555905,80.23906913090492,1
fold_3,hist_gradient_boosting,local_hour,15,7860,28.3037033172282,1.0,4.409380118754602,11.615548676778142,0.9735966546514047,89.72716051407834,1
fold_3,latest_available,local_hour,15,7860,25.76641221374046,0.7015267175572519,6.45559796437659,18.290228067142618,0.9345337085360237,61.51490288571621,1
fold_3,previous_day_24h,local_hour,16,7860,29.195165394402036,0.6797709923664123,6.87735368956743,19.73865506605741,0.926408605635191,62.915237411759676,1
fold_3,previous_week_168h,local_hour,16,7860,28.558778625954197,0.6767175572519084,5.4931297709923665,15.01956315455578,0.9573904920664216,60.74673129390216,1
fold_3,zone_hour_average,local_hour,16,7860,28.777186286326504,0.9541984732824428,5.961642337395651,16.878462284590892,0.9461906592361298,82.92167442184177,1
fold_3,rolling_mean_24h,local_hour,16,7860,20.188194444444445,0.9142493638676845,11.12694550466497,33.694637039333095,0.7855562065639483,82.28925693890652,1
fold_3,hist_gradient_boosting,local_hour,16,7860,29.872000388729212,1.0,4.614857467305404,12.161989689683049,0.9720616227068044,90.67042032353993,1
fold_3,latest_available,local_hour,16,7860,28.26386768447837,0.7087786259541985,6.024936386768448,16.05147571949498,0.9513344261838977,62.74921578362031,1
fold_3,previous_day_24h,local_hour,17,7860,32.484605597964375,0.6587786259541984,7.870483460559797,22.76839356535884,0.9198186466557904,63.09603467636926,1
fold_3,previous_week_168h,local_hour,17,7860,31.698346055979645,0.655852417302799,5.764631043256998,14.97793967289172,0.9653013357522363,60.9309293904772,1
fold_3,zone_hour_average,local_hour,17,7860,32.232523101647246,0.9541984732824428,7.308359001830276,21.14815852153677,0.9308242754328232,87.20057729862604,1
fold_3,rolling_mean_24h,local_hour,17,7860,20.19464058524173,0.9143765903307888,14.375800466497031,41.88341055205943,0.7286732078017415,86.75521872882578,1
fold_3,hist_gradient_boosting,local_hour,17,7860,33.00411591334502,1.0,4.931146795246739,12.649085458052229,0.9752527551108113,92.9580017830142,1
fold_3,latest_available,local_hour,17,7860,28.845419847328245,0.6914758269720102,7.989567430025446,22.311272382319796,0.9230059297463843,63.072882308382624,1
fold_3,previous_day_24h,local_hour,18,7860,32.79338422391857,0.6250636132315521,8.326335877862595,24.594779540820806,0.9091306937808804,64.13260782806645,1
fold_3,previous_week_168h,local_hour,18,7860,32.13053435114504,0.6243002544529263,5.760687022900763,16.312684928221657,0.9600255736349507,60.36300853060208,1
fold_3,zone_hour_average,local_hour,18,7860,34.27565358373303,0.9656488549618321,8.209346078497601,23.445146254218777,0.9174271571875215,97.11571007221531,1
fold_3,rolling_mean_24h,local_hour,18,7860,20.200874681933843,0.9143765903307888,14.801425996607295,42.969545771668436,0.7226342258645289,91.42252657627088,1
fold_3,hist_gradient_boosting,local_hour,18,7860,33.583632637503776,1.0,4.893179329546635,12.7980586602631,0.9753952171199727,97.50123562999623,1
fold_3,latest_available,local_hour,18,7860,29.344783715012724,0.6778625954198473,8.11615776081425,22.145979365013943,0.9263248334993276,64.39373988585389,1
fold_3,previous_day_24h,local_hour,19,7860,28.71005089058524,0.5810432569974555,8.160178117048346,24.573903181164606,0.8802141057587848,64.05776363709101,1
fold_3,previous_week_168h,local_hour,19,7860,28.294020356234096,0.5857506361323155,5.486895674300254,15.648016889368908,0.9514291161972073,58.384608885632446,1
fold_3,zone_hour_average,local_hour,19,7860,30.65763696547997,0.9656488549618321,7.655702672881624,21.3612764498531,0.9094868259421875,104.66897282490073,1
fold_3,rolling_mean_24h,local_hour,19,7860,20.210692324003393,0.9145038167938931,10.99227629346904,32.04829617467479,0.7962642301661664,95.89703356363853,1
fold_3,hist_gradient_boosting,local_hour,19,7860,29.411264093897415,1.0,4.785946362175696,13.061701496705421,0.9661579313138438,105.28603672076052,1
fold_3,latest_available,local_hour,19,7860,32.72022900763359,0.6581424936386768,7.876208651399491,22.018055856841965,0.9038353773172689,66.95533068659812,1
fold_3,previous_day_24h,local_hour,20,7860,27.5235368956743,0.565648854961832,8.224554707379134,25.872232061758922,0.8619892026269718,63.45071793278575,1
fold_3,previous_week_168h,local_hour,20,7860,26.75559796437659,0.565267175572519,5.428880407124682,15.928462050929086,0.9476890075723443,58.506599379879624,1
fold_3,zone_hour_average,local_hour,20,7860,28.14709856110248,0.9580152671755725,7.481981129951135,23.496058327824866,0.8861756202761296,103.97752976625047,1
fold_3,rolling_mean_24h,local_hour,20,7860,20.22169211195929,0.9147582697201018,10.399289652247669,32.244489039802474,0.7856338205981853,98.47398582003444,1
fold_3,hist_gradient_boosting,local_hour,20,7860,27.626386583302605,1.0,4.606195311622855,13.080362679940427,0.9647235526963552,111.14188419929974,1
fold_3,latest_available,local_hour,20,7860,33.05737913486005,0.6248091603053435,8.903689567430025,24.9708048357994,0.8714386720382135,65.78902666411942,1
fold_3,previous_day_24h,local_hour,21,7860,29.20737913486005,0.5631043256997456,9.620737913486005,30.67677051718234,0.8420163410818524,62.282038268515514,1
fold_3,previous_week_168h,local_hour,21,7860,28.362595419847327,0.5603053435114503,6.4189567430025445,20.148661867816763,0.9318469478171223,58.97545004268816,1
fold_3,zone_hour_average,local_hour,21,7860,28.527055326622982,0.9618320610687023,8.932553086086154,28.541594267263253,0.8632430680514602,106.37879206336123,1
fold_3,rolling_mean_24h,local_hour,21,7860,20.227465012722647,0.9145038167938931,12.93255407124682,41.62111697346451,0.7091826217097281,100.8602974560288,1
fold_3,hist_gradient_boosting,local_hour,21,7860,28.160529559369106,1.0,5.33565508690158,16.088196775874906,0.9565482140108112,112.44966465747417,1
fold_3,latest_available,local_hour,21,7860,28.848600508905854,0.5800254452926209,8.611832061068702,26.815881037679368,0.8792806096663547,61.70177019992954,1
fold_3,previous_day_24h,local_hour,22,7860,27.290839694656487,0.5725190839694656,10.611959287531807,34.62494063525468,0.7739430227275019,63.78352904655179,1
fold_3,previous_week_168h,local_hour,22,7860,26.915139949109413,0.5731552162849872,6.471374045801527,19.4307768516476,0.928809807108414,58.12033031977423,1
fold_3,zone_hour_average,local_hour,22,7860,25.80422887252584,0.9618320610687023,9.761093472043953,29.42284464633127,0.8367665504309988,106.12083010977258,1
fold_3,rolling_mean_24h,local_hour,22,7860,20.233651399491094,0.9141221374045801,13.056997455470736,40.42195964047436,0.6919121514641333,100.84304430055127,1
fold_3,hist_gradient_boosting,local_hour,22,7860,26.07181697848017,1.0,5.557342371173253,16.496758428454584,0.9486858580990707,111.84688022262145,1
fold_3,latest_available,local_hour,22,7860,27.67201017811705,0.5675572519083969,9.5470737913486,29.727096300394464,0.8333732125562855,62.28066118179871,1
fold_3,previous_day_24h,local_hour,23,7860,20.771628498727736,0.5641221374045802,10.379643765903309,36.743841982897244,0.6109624312862645,67.78060880648141,1
fold_3,previous_week_168h,local_hour,23,7860,20.795165394402037,0.561704834605598,5.569847328244275,17.751590259551467,0.9091976803976111,59.69706676944383,1
fold_3,zone_hour_average,local_hour,23,7860,20.18611092346146,0.9541984732824428,10.044620459816704,30.646732975851727,0.7293607497127861,109.8981717093897,1
fold_3,rolling_mean_24h,local_hour,23,7860,20.24285941475827,0.9138676844783715,12.23068808312129,37.117252248813486,0.603015043513276,105.04612592716782,1
fold_3,hist_gradient_boosting,local_hour,23,7860,20.26227523488643,1.0,4.890890902365322,14.708910617971533,0.9376576124263947,116.52551189865926,1
fold_3,latest_available,local_hour,23,7860,29.428371501272263,0.5631043256997456,13.86793893129771,43.55467740282463,0.4533718213660658,68.38858228931016,1
fold_3,previous_day_24h,weekend,0,138336,19.533837901919963,0.6063786722183668,5.507489012260004,19.65715239834476,0.883838469345398,60.32857911565257,1
fold_3,previous_week_168h,weekend,0,138336,19.772004395095998,0.6137014226231784,4.05568326393708,12.133798774191641,0.9557396653338905,56.685290027828955,1
fold_3,zone_hour_average,weekend,0,138336,19.94397934601141,0.958969465648855,5.329988298040968,16.760640869127545,0.9155494742224028,98.06473882633338,1
fold_3,rolling_mean_24h,weekend,0,138336,19.39864532731899,0.9133486583391164,11.95395570687794,34.999040629269444,0.631757935641857,99.81692513800799,1
fold_3,hist_gradient_boosting,weekend,0,138336,20.146338151565004,0.9999783136710617,3.5645246787216958,10.032296946668982,0.9697432781030095,103.59129069980636,1
fold_3,latest_available,weekend,0,138336,19.822569685403653,0.6121978371501272,8.271657413832987,26.29798165920106,0.7920945121815959,70.05696844935181,1
fold_3,previous_day_24h,weekend,1,50304,21.807212150127228,0.6185591603053435,8.590648854961833,28.899956031997686,0.7440060804111776,66.27750987873945,1
fold_3,previous_week_168h,weekend,1,50304,19.999224713740457,0.6026359732824428,4.9923862913486,15.17495705838796,0.9294186066494814,59.35560712143204,1
fold_3,zone_hour_average,weekend,1,50304,19.94397934601141,0.958969465648855,8.44545937360418,27.730174883041858,0.7643103546221262,103.23180031793683,1
fold_3,rolling_mean_24h,weekend,1,50304,22.312572061863868,0.9170443702290076,13.149594631308313,38.186820806905224,0.5530465514765508,101.99890832922638,1
fold_3,hist_gradient_boosting,weekend,1,50304,20.19130913718471,1.0,4.395216521782588,12.41286982433394,0.952774160397724,106.20648342018282,1
fold_3,latest_available,weekend,1,50304,21.39865617048346,0.6032124681933843,9.054667620865139,27.776822078555263,0.7635167420186939,68.61964249055005,1
fold_3,previous_day_24h,rush_hour,0,154056,18.942423534299216,0.5900062315002337,6.349587163109518,23.40385035313028,0.8181583951301841,62.322889953318864,1
fold_3,previous_week_168h,rush_hour,0,154056,18.317384587422755,0.5878966090252895,4.139397361998235,13.034981405828649,0.9435921609343135,57.43284108014962,1
fold_3,zone_hour_average,rush_hour,0,154056,18.85197096302785,0.958184036973568,6.158851844396063,20.810763372800277,0.8562212667778379,103.8888150632411,1
fold_3,rolling_mean_24h,rush_hour,0,154056,20.37697709490921,0.9146414290907202,12.375450052794656,36.23341037907226,0.564149993996356,104.07952924388759,1
fold_3,hist_gradient_boosting,rush_hour,0,154056,18.55864288560767,0.9999805265617697,3.692451242674113,10.836561142261017,0.9610146352325442,108.66618177352827,1
fold_3,latest_available,rush_hour,0,154056,20.358824063976737,0.5878187152723685,8.127103131328868,26.307859080415973,0.7702319468871099,69.43215224841676,1
fold_3,previous_day_24h,rush_hour,1,34584,25.4750462641684,0.6970275271801989,6.240920656951191,17.903298731862346,0.929938092477879,60.09782103962908,1
fold_3,previous_week_168h,rush_hour,1,34584,26.582176729123294,0.7125549386999769,5.045252139717789,12.922573884455584,0.9634982329990411,57.23938747636867,1
fold_3,zone_hour_average,rush_hour,1,34584,24.80838032475636,0.962468193384224,6.169372246914762,17.690612487623827,0.9315928370144115,79.63685230425853,1
fold_3,rolling_mean_24h,rush_hour,1,34584,19.279060885573294,0.9129655331945409,11.81550114696584,34.24329576700365,0.7436891713739822,84.00275512631649,1
fold_3,hist_gradient_boosting,rush_hour,1,34584,27.28421122445816,1.0,4.202949029204045,10.178474584122828,0.9773545354726348,84.78887441922902,1
fold_3,latest_available,rush_hour,1,34584,19.726289613694195,0.7077261161230627,10.054504973398103,28.382852421650192,0.8239127468128895,70.7495846770782,1
fold_3,previous_day_24h,zone_cohort,dense,123120,30.67487004548408,0.8179256010396361,9.47496751137102,27.83502434428455,0.8367595015908594,68.09385064414032,1
fold_3,previous_week_168h,zone_cohort,dense,123120,30.20546621182586,0.8198099415204678,6.381083495776478,16.092151831010877,0.9454401780710326,61.956687376076275,1
fold_3,zone_hour_average,zone_cohort,dense,123120,30.358479925868682,1.0,9.233636074801085,25.089259284338457,0.8673765318674977,73.16902534959664,1
fold_3,rolling_mean_24h,zone_cohort,dense,123120,30.729305420186268,1.0,18.574965480831708,44.40395421710083,0.5845794335779196,86.29979305900771,1
fold_3,hist_gradient_boosting,zone_cohort,dense,123120,30.621723254004685,0.9999756335282651,5.531380780612646,13.253755117651894,0.9629897017099834,68.37092053565232,1
fold_3,latest_available,zone_cohort,dense,123120,30.832009421702406,0.8182504873294347,12.75787037037037,33.0398074187639,0.7700043004548511,78.78664913451821,1
fold_3,previous_day_24h,zone_cohort,sparse,65520,0.3439102564102564,0.2182081807081807,0.41926129426129427,1.0758759954145076,-0.3704714806667406,50.30407945934778,1
fold_3,previous_week_168h,zone_cohort,sparse,65520,0.34072039072039073,0.2179029304029304,0.40514346764346765,1.0204188251666955,-0.23282800402857395,48.82987472807924,1
fold_3,zone_hour_average,zone_cohort,sparse,65520,0.37387386078510326,0.8818681318681318,0.38651367518422464,0.8068661294579089,0.2291878760970959,148.81388572086095,1
fold_3,rolling_mean_24h,zone_cohort,sparse,65520,0.3441779863654864,0.7533577533577533,0.43024839743589743,0.8753189254187538,0.09285188216187445,126.8925018171527,1
fold_3,hist_gradient_boosting,zone_cohort,sparse,65520,0.49635046304607944,1.0,0.5063409059579809,0.8415293338902335,0.16153664784920296,171.7824785694105,1
fold_3,latest_available,zone_cohort,sparse,65520,0.34456654456654456,0.2181013431013431,0.44268925518925517,1.1169345258531205,-0.4770697304617446,52.549313824973765,1
fold_3,previous_day_24h,target_cohort,positive,115045,32.72721978356295,0.8443304793776348,10.082211308618367,28.765766773807666,0.8343518596656307,70.4666711068106,1
fold_3,previous_week_168h,target_cohort,positive,115045,32.27037246294928,0.8503107479681864,6.810448085531749,16.641382649824866,0.9445612450469915,63.88665949781618,1
fold_3,zone_hour_average,target_cohort,positive,115045,32.315436923285475,0.9997218479725325,9.71504043231227,25.94030619080394,0.8652946481070606,48.51541738861443,1
fold_3,rolling_mean_24h,target_cohort,positive,115045,32.38099403132108,0.997896475292277,19.42256037492575,45.69435864777848,0.5820158372848644,64.35592368625211,1
fold_3,hist_gradient_boosting,target_cohort,positive,115045,32.65675714533379,0.999973923247425,5.811015118262301,13.693527328875682,0.9624625021435435,43.06154750069355,1
fold_3,latest_available,target_cohort,positive,115045,32.841905341388156,0.8306923377808684,13.555026294058846,34.08632462125252,0.7674078752521498,80.40369666873106,1
fold_3,previous_day_24h,target_cohort,zero,73595,0.46361845234051224,0.242733881377811,0.46361845234051224,1.9210591095675875,,48.5467762755622,1
fold_3,previous_week_168h,target_cohort,zero,73595,0.3896460357361234,0.23626605068279094,0.3896460357361234,1.111942227527364,,47.25321013655819,1
fold_3,zone_hour_average,target_cohort,zero,73595,0.6046990011850677,0.8952646239554317,0.6046990011850677,1.3259751604970929,,179.05292479108635,1
fold_3,rolling_mean_24h,target_cohort,zero,73595,1.0961501007767738,0.7837081323459474,1.0961501007767738,5.939501676241299,,156.74162646918947,1
fold_3,hist_gradient_boosting,target_cohort,zero,73595,0.6205696526518044,1.0,0.6205696526518044,1.1744406745739144,,200.0,1
fold_3,latest_available,target_cohort,zero,73595,0.5478089544126639,0.2645016645152524,0.5478089544126639,3.327547575167696,,52.900332903050476,1
fold_1,previous_day_24h,borough,Bronx,28896,1.1995431893687707,0.5133236434108527,1.0574127906976745,1.7195882255817079,0.0517391788313355,81.13008343758811,3
fold_1,previous_week_168h,borough,Bronx,28896,1.2190268549280177,0.5166112956810631,1.0474114064230344,1.709000018467795,0.06338088520860663,80.23373502230694,3
fold_1,zone_hour_average,borough,Bronx,28896,1.1981328139273875,0.9718992248062015,0.8841837766740869,1.3314959120753829,0.43146323142663945,120.25978483450722,3
fold_1,rolling_mean_24h,borough,Bronx,28896,1.2000853636028055,0.9553225359911407,1.0690753045404209,1.5833759842033845,0.19601677206859103,118.80694047790846,3
fold_1,hist_gradient_boosting,borough,Bronx,28896,1.290849716388106,1.0,0.9528184789304466,1.3660371013413954,0.4015830701817519,125.17102613045692,3
fold_1,latest_available,borough,Bronx,28896,1.2027270210409746,0.5149155592469546,1.3393203211517164,2.160447138514785,-0.496808259505896,95.62385966260277,3
fold_1,previous_day_24h,borough,Brooklyn,40992,3.6573965651834506,0.7080893832943014,2.4449404761904763,4.691193249714518,0.2690778990816869,79.72621097110043,3
fold_1,previous_week_168h,borough,Brooklyn,40992,3.74756049960968,0.7154810694769711,2.2249951209992194,3.7886732099307734,0.5232631303021469,76.93874315090795,3
fold_1,zone_hour_average,borough,Brooklyn,40992,3.46665286747254,0.9897540983606558,2.132247238189861,3.92280430129984,0.4889095899026574,95.40592784994287,3
fold_1,rolling_mean_24h,borough,Brooklyn,40992,3.6559897866250326,0.9858752927400468,2.6356992421285454,4.500316709793011,0.32734774401690914,99.45983591723731,3
fold_1,hist_gradient_boosting,borough,Brooklyn,40992,3.7227696856711194,1.0,1.946166219532026,3.231963127603872,0.6530736864888969,94.47525255339143,3
fold_1,latest_available,borough,Brooklyn,40992,3.6535665495706477,0.7076502732240437,3.072599531615925,5.436570947666239,0.01835475688592081,95.10620691871084,3
fold_1,previous_day_24h,borough,Manhattan,46368,62.90221704623878,0.8773076259489303,20.339415113871635,44.70428823746661,0.7347871589715516,47.619628646966085,3
fold_1,previous_week_168h,borough,Manhattan,46368,63.83531746031746,0.8800897170462388,15.174861973775018,30.153142450745236,0.8793405510845854,40.70826378404754,3
fold_1,zone_hour_average,borough,Manhattan,46368,65.39476955545796,0.9577294685990339,21.36867321710317,42.20705074107084,0.7635898102768701,55.970168662605836,3
fold_1,rolling_mean_24h,borough,Manhattan,46368,62.858970626293996,0.9554002760524499,38.840459296641356,65.59192725182848,0.4290514661641103,76.11162724500376,3
fold_1,hist_gradient_boosting,borough,Manhattan,46368,64.24185265542403,0.9998706004140787,13.30697130296251,25.091834378463673,0.9164472010227793,54.694650401370986,3
fold_1,latest_available,borough,Manhattan,46368,62.752048826777084,0.877178226363009,41.163798309178745,73.8107613392214,0.2770045759788988,78.86854665434632,3
fold_1,previous_day_24h,borough,Queens,46368,6.4644151138716355,0.5598257418909592,2.9990726363008973,13.561127519739104,0.8209172054671309,77.66159897621505,3
fold_1,previous_week_168h,borough,Queens,46368,6.6125992063492065,0.568301414768806,3.049646307798482,15.33261880592794,0.7710740947178158,76.08853488888728,3
fold_1,zone_hour_average,borough,Queens,46368,6.963032905544984,0.9752415458937198,2.574756275662073,11.630206031423326,0.8682844407989203,115.72869494522071,3
fold_1,rolling_mean_24h,borough,Queens,46368,6.464609213250516,0.960188060731539,4.158555828732459,18.809987110583904,0.655460309618483,115.95439134543464,3
fold_1,hist_gradient_boosting,borough,Queens,46368,6.602646858994929,0.9996549344375432,2.516850358362303,10.79389420518331,0.8865463225967408,118.86253778667937,3
fold_1,latest_available,borough,Queens,46368,6.4706478605935125,0.5598257418909592,4.609644582470669,21.094457739960873,0.5666897177807128,89.62073055598064,3
fold_1,previous_day_24h,borough,Staten Island,13440,0.03184523809523809,0.029389880952380952,0.056026785714285716,0.25631895123440396,-0.7827346254325762,10.287698412698415,3
fold_1,previous_week_168h,borough,Staten Island,13440,0.03563988095238095,0.03184523809523809,0.05892857142857143,0.26753949419175654,-0.9422318342764873,10.610119047619047,3
fold_1,zone_hour_average,borough,Staten Island,13440,0.03245510662177328,0.5333333333333333,0.057190606461439794,0.1873655459430448,0.04741282410878622,106.36708949269287,3
fold_1,rolling_mean_24h,borough,Staten Island,13440,0.031848338293650795,0.3885416666666667,0.05950210813492065,0.1921622598709667,-0.001985553176577115,78.63423907686492,3
fold_1,hist_gradient_boosting,borough,Staten Island,13440,0.2931109218686097,1.0,0.3033531056740097,0.3339623894192806,-2.0263585785568194,197.05046871463045,3
fold_1,latest_available,borough,Staten Island,13440,0.03177083333333333,0.02931547619047619,0.060267857142857144,0.2686496213427799,-0.9583834503619466,11.071428571428571,3
fold_1,previous_day_24h,local_hour,0,7336,13.745501635768811,0.5344874591057798,8.895992366412214,37.38052395872176,0.3865732659922413,69.88355691548028,3
fold_1,previous_week_168h,local_hour,0,7336,14.004907306434024,0.5505725190839694,4.491003271537623,15.655184040759615,0.8924059426074291,62.36207104597269,3
fold_1,zone_hour_average,local_hour,0,7336,14.979643765903306,0.9312977099236641,10.1153671392221,33.72386811474537,0.500717097153561,116.88460730463215,3
fold_1,rolling_mean_24h,local_hour,0,7336,19.33480438931298,0.9213467829880043,13.471425163576882,41.22150685006319,0.2540329292270871,116.11917996076102,3
fold_1,hist_gradient_boosting,local_hour,0,7336,14.338823975790824,0.9998636859323882,4.360195124185945,13.791267211453961,0.9165011918421895,120.39639611475751,3
fold_1,latest_available,local_hour,0,7336,27.587922573609596,0.6229552889858233,18.783396946564885,58.16099965728008,-0.48503146309469414,79.91302313467082,3
fold_1,previous_day_24h,local_hour,1,7336,9.18784078516903,0.4326608505997819,7.185932388222464,37.127154112846895,0.23980895904738142,62.85120064768357,3
fold_1,previous_week_168h,local_hour,1,7336,9.221237731733915,0.43784078516902947,3.0396673936750274,11.328620831569674,0.9292227787626073,54.87571339855782,3
fold_1,zone_hour_average,local_hour,1,7336,9.920836867401752,0.9274809160305344,8.539071650712872,33.179883357577744,0.39285959585140906,134.69567221315546,3
fold_1,rolling_mean_24h,local_hour,1,7336,19.328778171573973,0.9210741548527808,15.98651626681207,46.16293492336982,-0.17523914957202513,139.6582640667551,3
fold_1,hist_gradient_boosting,local_hour,1,7336,10.143101464573911,0.9997273718647764,3.557397131901345,11.450697723039035,0.9276891734106438,137.66796636922382,3
fold_1,latest_available,local_hour,1,7336,28.078789531079607,0.6083696837513631,22.949018538713194,68.23369379108196,-1.5676580745862343,92.84239825101241,3
fold_1,previous_day_24h,local_hour,2,7336,6.273718647764449,0.38208833151581245,5.328516902944384,28.95497670725665,0.20253095475631433,58.592545164042974,3
fold_1,previous_week_168h,local_hour,2,7336,6.218375136314068,0.3914940021810251,2.0828789531079606,7.174108298600156,0.9510443015119636,51.476186894053825,3
fold_1,zone_hour_average,local_hour,2,7336,6.649561775515974,0.9198473282442748,6.316041641423322,25.788261296653562,0.3674257364249509,139.95222843792996,3
fold_1,rolling_mean_24h,local_hour,2,7336,19.321576245001815,0.9208015267175572,16.731506724827337,44.573636101969306,-0.8898334030138235,149.7725604638686,3
fold_1,hist_gradient_boosting,local_hour,2,7336,7.309298487235757,0.9990458015267175,2.528218077878539,7.100511900342035,0.9520435845538074,145.31846762325304,3
fold_1,latest_available,local_hour,2,7336,25.287077426390404,0.6094601962922573,20.66793893129771,59.785508104224235,-2.399845985135997,98.49559332244655,3
fold_1,previous_day_24h,local_hour,3,7336,4.503544165757906,0.4048527808069793,4.091057797164668,20.27679239193324,0.16807995803204756,67.01935371449335,3
fold_1,previous_week_168h,local_hour,3,7336,4.386723009814613,0.41098691384950925,1.762131952017448,6.482959375799457,0.9149587415423976,58.494300100255515,3
fold_1,zone_hour_average,local_hour,3,7336,4.638394119310149,0.9427480916030534,4.580854436770467,17.76792742502273,0.36121218807436184,141.12073133074276,3
fold_1,rolling_mean_24h,local_hour,3,7336,19.319145310796074,0.920392584514722,16.653307888040715,42.51818769952845,-2.657906225064276,147.5859852187794,3
fold_1,hist_gradient_boosting,local_hour,3,7336,5.3642017046306565,0.9994547437295529,2.0489266500144576,5.906044973800352,0.9294208250234914,141.90831357748758,3
fold_1,latest_available,local_hour,3,7336,19.289258451472193,0.6120501635768811,15.157579062159215,43.539510002958345,-2.8357487506461245,99.36765850953519,3
fold_1,previous_day_24h,local_hour,4,7336,3.8035714285714284,0.5231733914940022,3.033124318429662,10.415305981649553,0.24229214985069658,70.83857884337321,3
fold_1,previous_week_168h,local_hour,4,7336,3.5826063249727373,0.5174482006543075,1.920937840785169,5.189011962524194,0.8119267349867346,65.77411902453221,3
fold_1,zone_hour_average,local_hour,4,7336,3.7308453491659597,0.916030534351145,2.9176057191324367,9.020073727002119,0.43169968733794095,113.0859543549881,3
fold_1,rolling_mean_24h,local_hour,4,7336,19.318003680479826,0.9198473282442748,16.127095828789532,41.328924210082725,-10.930699901967714,129.21749048184984,3
fold_1,hist_gradient_boosting,local_hour,4,7336,4.180989076222585,0.9995910577971646,1.9071945849880791,4.5850101980561755,0.8531620433866393,123.33154399127302,3
fold_1,latest_available,local_hour,4,7336,13.718102508178845,0.5338058887677208,10.785714285714286,39.055744072263785,-9.654364554595194,86.30079021532582,3
fold_1,previous_day_24h,local_hour,5,7336,4.2534078516902945,0.6164122137404581,2.3996728462377317,5.348666503875873,0.6288702757361209,72.81383282834315,3
fold_1,previous_week_168h,local_hour,5,7336,4.290757906215921,0.6252726281352236,2.0916030534351147,4.634956788092087,0.7213069886856681,69.46609085347899,3
fold_1,zone_hour_average,local_hour,5,7336,4.144048628781453,0.9351145038167938,1.942657215557979,4.208577092572461,0.7702236782186719,94.48337501182264,3
fold_1,rolling_mean_24h,local_hour,5,7336,19.316731415848786,0.9199836423118866,15.730262858960378,40.3443316051359,-20.11542118762584,114.67499381923815,3
fold_1,hist_gradient_boosting,local_hour,5,7336,4.265904959747419,0.9994547437295529,1.9558749843433634,4.177001117806058,0.7736586603268144,109.61739498417113,3
fold_1,latest_available,local_hour,5,7336,9.157306434023992,0.4323882224645583,8.384269356597601,40.2399140353249,-20.00626246995486,93.52107714755697,3
fold_1,previous_day_24h,local_hour,6,7336,8.347464558342422,0.7026990185387132,3.7587241003271536,8.873013624145063,0.7423833959216051,67.09832920161234,3
fold_1,previous_week_168h,local_hour,6,7336,8.45474372955289,0.7140130861504908,3.1669847328244276,7.335482030474283,0.8239285789382927,61.439269950219064,3
fold_1,zone_hour_average,local_hour,6,7336,8.026925746009715,0.9580152671755725,3.4740036680876374,7.758846704370845,0.8030182928122556,86.7902578384919,3
fold_1,rolling_mean_24h,local_hour,6,7336,19.315958969465644,0.9198473282442748,13.25707129225736,34.76369001944121,-2.954424533206191,99.93771333106896,3
fold_1,hist_gradient_boosting,local_hour,6,7336,8.153212294134475,0.9998636859323882,2.9284625540849234,6.627539914944756,0.8562736957732426,94.41488348697652,3
fold_1,latest_available,local_hour,6,7336,6.255179934569248,0.3814067611777535,10.106461286804798,34.543492333512255,-2.9044875217219466,112.41140394050612,3
fold_1,previous_day_24h,local_hour,7,7336,14.383724100327154,0.7287350054525628,6.449291166848419,17.963468624304095,0.7043054950389895,68.59656769904157,3
fold_1,previous_week_168h,local_hour,7,7336,14.597055616139585,0.7407306434023991,5.20324427480916,12.994887217058812,0.845258114773898,64.35908019566308,3
fold_1,zone_hour_average,local_hour,7,7336,14.046564885496181,0.9541984732824428,7.073557549320909,16.9628049496447,0.7363315349462866,86.0678957383425,3
fold_1,rolling_mean_24h,local_hour,7,7336,19.316833651399488,0.9201199563794984,11.72552594511087,29.644139852492472,0.1947317774449855,96.2373809194988,3
fold_1,hist_gradient_boosting,local_hour,7,7336,14.95789208280219,1.0,4.7180000733202005,11.146863953496245,0.8861407665446259,88.74754076271853,3
fold_1,latest_available,local_hour,7,7336,4.52453653217012,0.4068974918211559,14.849918211559434,39.485905371534976,-0.42871977267682926,121.11341089411475,3
fold_1,previous_day_24h,local_hour,8,7336,18.7904852780807,0.7435932388222465,7.440839694656488,20.556462658585158,0.7720898342476827,66.77139716783087,3
fold_1,previous_week_168h,local_hour,8,7336,19.020992366412212,0.7547709923664122,5.958969465648855,15.312293441065577,0.8735416776179549,62.22395652006175,3
fold_1,zone_hour_average,local_hour,8,7336,18.53435114503817,0.950381679389313,7.966905422821454,20.121834489693548,0.781625424131829,80.60477530239879,3
fold_1,rolling_mean_24h,local_hour,8,7336,19.318304707379138,0.9199836423118866,11.447848509632859,28.54451272767472,0.5605472393086798,91.25202300723276,3
fold_1,hist_gradient_boosting,local_hour,8,7336,19.182836294646947,1.0,5.321230231136207,13.045114232000968,0.9082169041250383,85.54013416990749,3
fold_1,latest_available,local_hour,8,7336,3.838876772082879,0.527535441657579,17.08519629225736,44.69970230372278,-0.07764617356132231,111.82556682380049,3
fold_1,previous_day_24h,local_hour,9,7336,19.18879498364231,0.7141494002181025,6.242230098146129,17.082769670905996,0.8522117792162823,63.4378846482152,3
fold_1,previous_week_168h,local_hour,9,7336,19.582197382769902,0.7300981461286805,5.544302071973828,14.571538825036733,0.8924689006805503,61.87518112627693,3
fold_1,zone_hour_average,local_hour,9,7336,20.00673143650243,0.9465648854961832,6.087355011400813,16.82415610397988,0.8566525971691563,78.98079503321603,3
fold_1,rolling_mean_24h,local_hour,9,7336,19.319292984369323,0.9201199563794984,9.096862504543804,23.992497185244464,0.7084761067864577,84.31224850975953,3
fold_1,hist_gradient_boosting,local_hour,9,7336,19.90138724178272,1.0,5.020457884744693,12.994725197292205,0.9144820168891132,87.7430025816783,3
fold_1,latest_available,local_hour,9,7336,4.277126499454743,0.6185932388222465,15.46851145038168,41.92947777960308,0.10964714225198668,92.2019851329216,3
fold_1,previous_day_24h,local_hour,10,7336,19.222737186477644,0.6811613958560524,5.184432933478735,14.852340286824766,0.8923962859263272,65.0219021722844,3
fold_1,previous_week_168h,local_hour,10,7336,19.585741548527807,0.6947928026172301,5.290076335877862,14.99714622071612,0.8902878485650565,64.82036336957707,3
fold_1,zone_hour_average,local_hour,10,7336,20.97418459403192,0.9389312977099237,4.786574303559037,14.308394796034722,0.9001336196357091,80.66068637411932,3
fold_1,rolling_mean_24h,local_hour,10,7336,19.319486095965104,0.9206652126499455,7.2720260814249365,19.848946210015725,0.8078181412217615,83.91794614761878,3
fold_1,hist_gradient_boosting,local_hour,10,7336,19.18844858328302,1.0,4.577038297050976,12.798883704406313,0.9200935814532688,93.64922010872347,3
fold_1,latest_available,local_hour,10,7336,8.352099236641221,0.7001090512540894,12.913576881134134,35.58979611891953,0.3821422762173359,80.39399037061305,3
fold_1,previous_day_24h,local_hour,11,7336,20.589558342420936,0.6815703380588877,5.495229007633588,15.871970211225872,0.8964135544800286,63.22224690827868,3
fold_1,previous_week_168h,local_hour,11,7336,20.891221374045802,0.6898854961832062,5.646401308615049,16.75496150414714,0.8845674950657397,63.34257940154367,3
fold_1,zone_hour_average,local_hour,11,7336,22.599514226231786,0.950381679389313,4.993769207891345,15.0336247493409,0.9070672769149843,83.34030525723642,3
fold_1,rolling_mean_24h,local_hour,11,7336,19.318861323155215,0.920392584514722,6.8383769538349695,19.556333211741375,0.8427407832568162,81.33394584022302,3
fold_1,hist_gradient_boosting,local_hour,11,7336,20.684497282172455,1.0,4.813241621134939,13.879491354833322,0.92078847894839,93.23831711136287,3
fold_1,latest_available,local_hour,11,7336,14.368729552889858,0.7283260632497274,10.871455834242093,28.990675088617444,0.6544125929675456,79.15672065232278,3
fold_1,previous_day_24h,local_hour,12,7336,22.110687022900763,0.6793893129770993,5.84201199563795,16.531903824324246,0.9023637407188017,64.1413750672013,3
fold_1,previous_week_168h,local_hour,12,7336,22.337786259541986,0.6842966194111232,5.9276172300981465,17.672999849038707,0.8884201073179336,63.039475086423174,3
fold_1,zone_hour_average,local_hour,12,7336,24.484038861901457,0.9465648854961832,5.4767596906909874,16.000601543517337,0.9085385647015893,83.02480503722691,3
fold_1,rolling_mean_24h,local_hour,12,7336,19.31711195928753,0.920392584514722,7.205107233733188,20.581621575515452,0.8486701612115772,81.30729160966271,3
fold_1,hist_gradient_boosting,local_hour,12,7336,22.553161848275128,1.0,5.001127571966414,14.338668687586665,0.9265514795453413,93.63476415790136,3
fold_1,latest_available,local_hour,12,7336,18.74850054525627,0.7425027262813523,10.296892039258452,26.43556083710128,0.7503437465221188,75.64074956466253,3
fold_1,previous_day_24h,local_hour,13,7336,23.238276990185387,0.690567066521265,6.215648854961832,17.50668979470868,0.8995708448124465,64.5850184164464,3
fold_1,previous_week_168h,local_hour,13,7336,23.419847328244273,0.695474372955289,6.244002181025082,18.814032791510797,0.8840113403549767,62.49705610467169,3
fold_1,zone_hour_average,local_hour,13,7336,25.545523941707145,0.9427480916030534,5.843407356002777,16.778322734761936,0.9077537278921164,81.72020424835284,3
fold_1,rolling_mean_24h,local_hour,13,7336,19.3138574609233,0.9202562704471101,7.289309569247546,21.06117956495595,0.8546493031292185,79.55323520939109,3
fold_1,hist_gradient_boosting,local_hour,13,7336,23.198588809660023,1.0,5.107038349918421,14.783132896298637,0.9283881820828087,92.10448413077324,3
fold_1,latest_available,local_hour,13,7336,19.110687022900763,0.7134678298800436,8.917121046892039,24.298769664272772,0.8065270271313466,67.55035457051892,3
fold_1,previous_day_24h,local_hour,14,7336,24.62718102508179,0.6983369683751364,6.329607415485278,18.849335195054728,0.9005836565098446,63.9095470944191,3
fold_1,previous_week_168h,local_hour,14,7336,24.858914940021812,0.7071973827699018,6.432115594329335,19.71341150686056,0.8912600106373525,64.19635124844862,3
fold_1,zone_hour_average,local_hour,14,7336,27.203053435114505,0.9541984732824428,6.1683131753742435,18.339997232316957,0.9058838306677269,81.72259903481586,3
fold_1,rolling_mean_24h,local_hour,14,7336,19.30970556161396,0.9198473282442748,8.385416666666668,25.562767007164606,0.8171556966388218,78.80992447403827,3
fold_1,hist_gradient_boosting,local_hour,14,7336,24.449640240530623,1.0,5.0985444898673915,14.809890479131939,0.9386281231940842,89.98299576731597,3
fold_1,latest_available,local_hour,14,7336,19.123091603053435,0.6812977099236641,7.724918211559433,22.251401387012287,0.8614583209679221,66.8295361797667,3
fold_1,previous_day_24h,local_hour,15,7336,26.106052344601963,0.6928844056706652,6.710468920392585,20.16713831533567,0.9010064040964713,62.97194050643135,3
fold_1,previous_week_168h,local_hour,15,7336,26.54293893129771,0.70092693565976,6.815294438386042,20.86922136108826,0.8939938558922977,62.471722141731846,3
fold_1,zone_hour_average,local_hour,15,7336,29.081818181818182,0.9351145038167938,6.890358877763458,20.781676849680668,0.8948813630025052,79.4688835787232,3
fold_1,rolling_mean_24h,local_hour,15,7336,19.305826290439843,0.9202562704471101,9.4847385041803,29.78322947806151,0.7840952874511523,80.15152591974383,3
fold_1,hist_gradient_boosting,local_hour,15,7336,26.070887387126636,1.0,5.439521493864544,15.807815286820897,0.9391777822813083,91.34329896333196,3
fold_1,latest_available,local_hour,15,7336,20.496455834242095,0.6804798255179935,8.016357688113413,23.235753013459846,0.8685889004260307,65.73301186241984,3
fold_1,previous_day_24h,local_hour,16,7336,27.32129225736096,0.6922028353326063,7.193429661941113,21.01281285913428,0.898020487259823,62.59794267882649,3
fold_1,previous_week_168h,local_hour,16,7336,27.716057797164666,0.6961559432933478,7.1473555070883314,21.54034597928516,0.892835758001751,64.37876955293986,3
fold_1,zone_hour_average,local_hour,16,7336,29.86655100624567,0.9351145038167938,6.975696440963617,20.77394099052641,0.900325897346302,79.49348491529173,3
fold_1,rolling_mean_24h,local_hour,16,7336,19.300277171937473,0.920392584514722,10.325858778625955,30.529294178130176,0.7847326945559556,80.46554314859605,3
fold_1,hist_gradient_boosting,local_hour,16,7336,28.38971527368875,1.0,6.051240377329159,17.191572997841067,0.9317385076796243,89.65182326571157,3
fold_1,latest_available,local_hour,16,7336,21.977508178844058,0.679525627044711,8.054389312977099,22.56315201361572,0.8824171220074609,66.4089385738018,3
fold_1,previous_day_24h,local_hour,17,7336,31.917529989094874,0.6982006543075245,8.445610687022901,24.658786516243115,0.8939480673861753,62.66364057246253,3
fold_1,previous_week_168h,local_hour,17,7336,32.39013086150491,0.6938386041439476,8.632769901853871,24.813788512179148,0.8926106191198638,65.2034301141214,3
fold_1,zone_hour_average,local_hour,17,7336,32.36884108258154,0.9351145038167938,8.137097253891147,23.886926739708432,0.900483351631027,78.89949746644308,3
fold_1,rolling_mean_24h,local_hour,17,7336,19.294165757906217,0.9205288985823337,14.235153126135952,40.26792232688849,0.7171907368819928,83.60270388110358,3
fold_1,hist_gradient_boosting,local_hour,17,7336,32.569588819256886,1.0,6.868095731939812,18.605685177201707,0.9396236962473205,89.0536281687776,3
fold_1,latest_available,local_hour,17,7336,23.091603053435115,0.6889312977099237,10.83124318429662,28.78919262114753,0.8554446542793261,68.36800714164364,3
fold_1,previous_day_24h,local_hour,18,7336,35.08110687022901,0.7006543075245365,9.543484187568158,27.665352491200565,0.8851845353743386,62.81422687040789,3
fold_1,previous_week_168h,local_hour,18,7336,35.42052889858233,0.6946564885496184,8.74850054525627,23.988589503978833,0.9136748389717583,62.7736385815776,3
fold_1,zone_hour_average,local_hour,18,7336,33.682075204975966,0.9389312977099237,9.414733026374247,26.960482873948973,0.8909606373783787,81.40113771336932,3
fold_1,rolling_mean_24h,local_hour,18,7336,19.289360687022906,0.9205288985823337,17.19189612868048,46.476691129738114,0.6759601861448361,87.51416129551782,3
fold_1,hist_gradient_boosting,local_hour,18,7336,35.04415748432885,1.0,7.233689461267163,18.59296918983027,0.9481408408488858,89.20114262103978,3
fold_1,latest_available,local_hour,18,7336,24.511859323882224,0.6980643402399127,13.146264994547437,33.972631954549854,0.8268644065527302,70.81558571433636,3
fold_1,previous_day_24h,local_hour,19,7336,30.72396401308615,0.6653489640130862,10.060387131952018,29.798837099381302,0.8325653142690177,64.20045067020568,3
fold_1,previous_week_168h,local_hour,19,7336,31.048391494002182,0.6556706652126499,7.437431842966194,21.053920882218634,0.9164179974216831,62.90705223384353,3
fold_1,zone_hour_average,local_hour,19,7336,29.964942041277915,0.9427480916030534,9.619562583303043,27.332327388013255,0.8591359964803544,90.63805335468874,3
fold_1,rolling_mean_24h,local_hour,19,7336,19.28433978553253,0.9208015267175572,13.91120274445656,38.58857747423734,0.7192211846347187,90.39831481657168,3
fold_1,hist_gradient_boosting,local_hour,19,7336,30.39237349761743,1.0,6.412756575558461,17.333545905233706,0.9433471673987844,95.12513444937582,3
fold_1,latest_available,local_hour,19,7336,25.985550708833152,0.6911123227917121,11.489912758996729,31.017236738920047,0.8185934312562798,69.65221414856899,3
fold_1,previous_day_24h,local_hour,20,7336,27.587922573609596,0.6229552889858233,9.352371864776446,30.018081156067545,0.8153082047658472,65.83142627533749,3
fold_1,previous_week_168h,local_hour,20,7336,28.21264994547437,0.6142311886586695,6.790076335877862,20.844369305256393,0.9109448035420563,62.69567240090439,3
fold_1,zone_hour_average,local_hour,20,7336,27.49681933842239,0.9274809160305344,9.296740579183327,29.15148741737753,0.8258180349161258,93.8242425803599,3
fold_1,rolling_mean_24h,local_hour,20,7336,19.280619547437297,0.9205288985823337,11.8968159305707,37.60495523150363,0.7101509375881561,93.75462696958023,3
fold_1,hist_gradient_boosting,local_hour,20,7336,27.688643034920407,1.0,5.851257575142066,16.967278582627358,0.9409926475758981,104.68665253522474,3
fold_1,latest_available,local_hour,20,7336,27.232006543075244,0.6941112322791713,10.688931297709924,30.75629750836597,0.806112480585272,71.38709057354092,3
fold_1,previous_day_24h,local_hour,21,7336,28.078789531079607,0.6083696837513631,9.773854961832061,31.168022245356262,0.8148803606598368,65.21135524181861,3
fold_1,previous_week_168h,local_hour,21,7336,29.023582333696837,0.6064612868047983,7.614776444929117,23.67918760948414,0.8931517036186307,64.60109099439083,3
fold_1,zone_hour_average,local_hour,21,7336,27.700664404862877,0.9351145038167938,9.500459428894544,30.354199222826608,0.8244214065677585,96.84633070656162,3
fold_1,rolling_mean_24h,local_hour,21,7336,19.278137495456196,0.9206652126499455,12.854473373318793,41.06989202714391,0.6785739085048739,95.6918691590953,3
fold_1,hist_gradient_boosting,local_hour,21,7336,29.316703206265082,1.0,6.542196595080205,18.90930001349003,0.931862701623262,107.19436709261757,3
fold_1,latest_available,local_hour,21,7336,31.857960741548528,0.6995637949836423,12.51922028353326,35.48968663066577,0.759985027579789,72.52975291050845,3
fold_1,previous_day_24h,local_hour,22,7336,25.287077426390404,0.6094601962922573,10.400081788440566,32.76837227226958,0.7542498973471373,68.99494715337256,3
fold_1,previous_week_168h,local_hour,22,7336,26.34446564885496,0.6181842966194111,8.067611777535442,26.370928029692454,0.8408396823903723,63.66604698241421,3
fold_1,zone_hour_average,local_hour,22,7336,25.432357930449534,0.950381679389313,10.20304232804233,29.938527965545507,0.7948625956753826,101.13586047331194,3
fold_1,rolling_mean_24h,local_hour,22,7336,19.27960855143584,0.9210741548527808,12.22632111050527,37.11420801980967,0.6847432708910033,97.21005468544003,3
fold_1,hist_gradient_boosting,local_hour,22,7336,26.833403121502723,1.0,6.813797784786074,20.65065553590002,0.902399587064681,107.88082176599647,3
fold_1,latest_available,local_hour,22,7336,35.11641221374046,0.70092693565976,15.952971646673937,44.68955224218985,0.5429160446589045,75.79082905216566,3
fold_1,previous_day_24h,local_hour,23,7336,19.289258451472193,0.6120501635768811,10.071019629225736,34.45278128823699,0.6006348616811704,71.69114251706709,3
fold_1,previous_week_168h,local_hour,23,7336,19.92952562704471,0.6209105779716467,5.800708833151581,18.830508726204854,0.8806985606825152,64.67868443859678,3
fold_1,zone_hour_average,local_hour,23,7336,20.416949392140232,0.9389312977099237,10.51922028353326,31.20525553013923,0.6723749776883143,102.07325567309617,3
fold_1,rolling_mean_24h,local_hour,23,7336,19.280863776808435,0.9214830970556162,11.483665030897855,35.34363896760496,0.5797147955020665,99.2909556092546,3
fold_1,hist_gradient_boosting,local_hour,23,7336,20.026651331750173,1.0,5.04432188356729,14.82902789157643,0.9260144441252175,107.51120744937235,3
fold_1,latest_available,local_hour,23,7336,30.754089422028354,0.6669847328244275,16.209787350054526,46.70391990115008,0.2661146087702947,75.07794060860564,3
fold_1,previous_day_24h,weekend,0,125760,18.189472010178118,0.6243718193384223,6.254476781170483,22.157085244379903,0.8337396127123854,65.30460290135237,3
fold_1,previous_week_168h,weekend,0,125760,19.690314885496182,0.6351065521628498,5.035233778625954,15.834372789637781,0.9150887446975731,62.000006442876376,3
fold_1,zone_hour_average,weekend,0,125760,20.062301556703588,0.9397264631043257,6.303414863220842,19.72636472118037,0.8682175286270111,95.20942458738575,3
fold_1,rolling_mean_24h,weekend,0,125760,18.018674790606443,0.9207617684478372,11.835026704304497,34.364298788562074,0.6000750459052855,100.5756819337694,3
fold_1,hist_gradient_boosting,weekend,0,125760,19.779909350614673,0.9998966284987277,4.4353276636482315,12.616899151053051,0.9460900667511325,103.52897675867231,3
fold_1,latest_available,weekend,0,125760,18.46347010178117,0.6278307888040713,12.654285941475827,38.40154302471959,0.5005858062318923,85.15268668333015,3
fold_1,previous_day_24h,weekend,1,50304,22.143328562340965,0.6434875954198473,8.490915235368957,28.35361530378737,0.7240949248225443,66.53688572209268,3
fold_1,previous_week_168h,weekend,1,50304,19.473580629770993,0.6355955788804071,6.640982824427481,21.008129939071104,0.8485331499296407,64.27759456617979,3
fold_1,zone_hour_average,weekend,1,50304,20.062301556703595,0.9397264631043257,8.57217279881084,28.416019402524803,0.7228790971635031,95.4849692160194,3
fold_1,rolling_mean_24h,weekend,1,50304,22.52980379293893,0.9197479325699746,12.824818437234944,36.84417526790041,0.5341131169825921,95.90224453667122,3
fold_1,hist_gradient_boosting,weekend,1,50304,19.704992300830394,0.9998210877862596,5.711655335368894,17.302540567950643,0.897254560003919,102.69015203546093,3
fold_1,latest_available,weekend,1,50304,21.32434796437659,0.6352576335877863,13.845479484732824,42.09512965133372,0.3918558871582156,77.81189589724885,3
fold_1,previous_day_24h,rush_hour,0,144624,18.266712302245825,0.6116481358557363,6.83970157097024,24.728008324050286,0.7718664327640617,66.2382875616177,3
fold_1,previous_week_168h,rush_hour,0,144624,18.036909503263637,0.6131969797543976,5.218165726297157,17.265226984862075,0.888787014457282,62.80354206413414,3
fold_1,zone_hour_average,rush_hour,0,144624,19.043051360304375,0.9389312977099237,6.895615133709779,22.97501744466065,0.803065132786071,99.2428707056499,3
fold_1,rolling_mean_24h,rush_hour,0,144624,19.62603515552974,0.9205042040048678,12.115555106114245,35.23597441111821,0.5367840695659263,102.15601947241663,3
fold_1,hist_gradient_boosting,rush_hour,0,144624,18.174306377163276,0.99984788140281,4.582233166991647,13.973832975970975,0.9271479107605592,107.25195486922304,3
fold_1,latest_available,rush_hour,0,144624,20.727465704170815,0.6361668879300808,12.658224084522624,39.60226243409996,0.41487196101955726,80.98570594321438,3
fold_1,previous_day_24h,rush_hour,1,31440,24.160337150127226,0.7134860050890586,7.14074427480916,20.910463583511333,0.89306445478408,62.98130597731628,3
fold_1,previous_week_168h,rush_hour,1,31440,26.9492048346056,0.7366730279898219,6.7629452926208655,18.380718026382823,0.9173734325893866,61.947883582376136,3
fold_1,zone_hour_average,rush_hour,1,31440,24.750852460139992,0.943384223918575,7.209306315915731,20.5025255046363,0.8971961244334032,77.09644384918448,3
fold_1,rolling_mean_24h,rush_hour,1,31440,17.842623515691265,0.920324427480916,12.128262828668364,34.41466868020966,0.7103443852981077,85.828629420635,3
fold_1,hist_gradient_boosting,rush_hour,1,31440,27.045815748836258,1.0,5.8016866230215856,14.74843706752555,0.946803046170666,85.06115789300075,3
fold_1,latest_available,rush_hour,1,31440,12.626494910941476,0.6013676844783715,14.542080152671756,38.98145274051256,0.6283699652814123,92.5755328301326,3
fold_1,previous_day_24h,zone_cohort,dense,114912,29.3973649401281,0.8380586883876358,10.31598962684489,29.81018412831182,0.7892200818986929,71.7825590019105,3
fold_1,previous_week_168h,zone_cohort,dense,114912,29.864122110832636,0.8441764132553606,8.171844541910332,21.611114802322543,0.889221812501436,67.38157981785552,3
fold_1,zone_hour_average,zone_cohort,dense,114912,30.542137587702886,0.9997563352826511,10.433504554971416,27.91098648187771,0.8152219893366165,73.23169886400025,3
fold_1,rolling_mean_24h,zone_cohort,dense,114912,29.37913251009468,1.0,18.323600160702682,43.431225376679194,0.5525916553037968,84.52954532003736,3
fold_1,hist_gradient_boosting,zone_cohort,dense,114912,29.978740692597672,0.9998085491506544,7.0655263865692515,17.461592487990547,0.9276784689584031,68.66709027108429,3
fold_1,latest_available,zone_cohort,dense,114912,29.337954260651628,0.8381370091896407,19.630900167084377,48.87651667137338,0.4333688986512767,95.27975949602339,3
fold_1,previous_day_24h,zone_cohort,sparse,61152,0.38095238095238093,0.23855311355311357,0.4621108058608059,1.0287675967798542,-0.33297212825594413,54.14542353824379,3
fold_1,previous_week_168h,zone_cohort,sparse,61152,0.3942144165358451,0.2426412872841444,0.4620617477760335,1.0244907862006092,-0.3219122553727465,53.76093712852936,3
fold_1,zone_hour_average,zone_cohort,sparse,61152,0.3694228610895277,0.8269230769230769,0.4087709028185219,0.7756420120296973,0.24227927938850424,136.73489252505684,3
fold_1,rolling_mean_24h,zone_cohort,sparse,61152,0.38188312183847894,0.7710295656724229,0.4564214307517879,0.8360624559007089,0.11963258812502087,126.88391479178792,3
fold_1,hist_gradient_boosting,zone_cohort,sparse,61152,0.553445221194562,1.0,0.5427810838133288,0.8253639681125192,0.14201928525751495,168.34865332174937,3
fold_1,latest_available,zone_cohort,sparse,61152,0.3823750654107797,0.23874934589220304,0.5242673992673993,1.1393461407609065,-0.6349251940670473,60.084114424773766,3
fold_1,previous_day_24h,target_cohort,positive,110922,30.33352265555976,0.8452606335983844,10.610510088170065,30.269238494087002,0.7880685457370764,73.3234016717894,3
fold_1,previous_week_168h,target_cohort,positive,110922,30.829429689331242,0.8540055173905988,8.394259028867133,21.722409095744485,0.8908538541172769,68.58279626506231,3
fold_1,zone_hour_average,target_cohort,positive,110922,31.448979299130755,0.999197634373704,10.638706967136855,28.27937578404212,0.8150168946622963,52.766927458504824,3
fold_1,rolling_mean_24h,target_cohort,positive,110922,29.981296541714002,0.997854348100467,18.569176613596337,44.014730130362885,0.5518859977250972,64.8840110092096,3
fold_1,hist_gradient_boosting,target_cohort,positive,110922,30.91245581403002,0.9998828005264961,7.169145959686656,17.705710606813316,0.9274864527057058,46.50952493790643,3
fold_1,latest_available,target_cohort,positive,110922,30.092190908926995,0.813887236075801,20.114188348569265,49.639938660461546,0.4300261904952186,94.62731909369472,3
fold_1,previous_day_24h,target_cohort,zero,65142,0.5641675109760216,0.2630100396057843,0.5641675109760216,2.9089342758943677,,52.602007921156854,3
fold_1,previous_week_168h,target_cohort,zero,65142,0.5555709066347364,0.26274907125970953,0.5555709066347364,4.623829695178427,,52.54981425194191,3
fold_1,zone_hour_average,target_cohort,zero,65142,0.6733809134088523,0.8384605937797427,0.6733809134088523,3.610166312322546,,167.69211875594854,3
fold_1,rolling_mean_24h,target_cohort,zero,65142,1.1326397204056777,0.7887077461545546,1.1326397204056777,5.413653218505026,,157.74154923091092,3
fold_1,hist_gradient_boosting,target_cohort,zero,65142,0.7658639407822185,0.9998618402873722,0.7658639407822185,2.167268447361918,,199.97236805747443,3
fold_1,latest_available,target_cohort,zero,65142,0.8716342758895951,0.3167541678179976,0.8716342758895951,4.413232410196357,,63.35083356359952,3
fold_2,previous_day_24h,borough,Bronx,31949,1.2531534633321857,0.5222698676014899,1.0625058687282858,1.7266119337018242,0.09962497152662564,79.54933797769179,3
fold_2,previous_week_168h,borough,Bronx,31949,1.2483019812826692,0.5221446680647281,1.0436946383298382,1.682384387545325,0.14516081042963735,79.14494673255656,3
fold_2,zone_hour_average,borough,Bronx,31949,1.200728682090829,0.9768067858148924,0.8637570629733895,1.295355534032248,0.49322878963256356,119.96756346218162,3
fold_2,rolling_mean_24h,borough,Bronx,31949,1.2566629628470374,0.9616576418667251,1.126139837449268,1.6546864690750345,0.1730763820847111,119.37754084355709,3
fold_2,hist_gradient_boosting,borough,Bronx,31949,1.2679711935205278,1.0,0.9434224422323249,1.3633404000379719,0.43863856488444775,124.28337863322852,3
fold_2,latest_available,borough,Bronx,31949,1.2566277504773233,0.5212369714232057,1.4000751197220571,2.269358729914804,-0.5553934659715221,95.44500784424831,3
fold_2,previous_day_24h,borough,Brooklyn,45323,3.592282064294067,0.693202126955409,2.45294883392538,5.130684108655454,0.20912267126494177,79.50995459213856,3
fold_2,previous_week_168h,borough,Brooklyn,45323,3.6148092579926305,0.6961586832292654,2.0859166427641593,3.6678682811497523,0.595809561497963,75.57893293382277,3
fold_2,zone_hour_average,borough,Brooklyn,45323,3.5312947061685147,0.9938662489243871,2.0995904448384586,4.215061429287169,0.4662149696650997,97.45796482523872,3
fold_2,rolling_mean_24h,borough,Brooklyn,45323,3.5783275967316084,0.984621494605388,2.7052866829939175,4.96702416672847,0.25877318950521944,102.32847593255573,3
fold_2,hist_gradient_boosting,borough,Brooklyn,45323,3.5044310182055476,0.9999558722944201,1.8856831768930322,3.296869092751215,0.6734407576248292,97.02992238458701,3
fold_2,latest_available,borough,Brooklyn,45323,3.5581934117335567,0.6925181475189197,3.190653751958167,6.086049766893812,-0.11283191464821796,96.46981013154848,3
fold_2,previous_day_24h,borough,Manhattan,51267,66.55021748883297,0.8814246981489067,20.94366746640139,46.63596716690627,0.7386153623373639,44.972986442065405,3
fold_2,previous_week_168h,borough,Manhattan,51267,64.47964577603527,0.8769773928648058,15.467552226578501,31.569335047251915,0.8802242353258405,39.52095241419793,3
fold_2,zone_hour_average,borough,Manhattan,51267,64.56019558424207,0.9583357715489497,20.51663372331428,41.71977668824691,0.7908190968495136,52.21400012678777,3
fold_2,rolling_mean_24h,borough,Manhattan,51267,66.39731129836606,0.9557415101332241,40.61494642427553,68.91491076911998,0.42922560835984247,74.47887046533803,3
fold_2,hist_gradient_boosting,borough,Manhattan,51267,64.67204222264111,0.9991417481030682,12.716408050438492,24.468358106658837,0.928047193279423,51.50034342373874,3
fold_2,latest_available,borough,Manhattan,51267,66.34878186747811,0.8809955722004408,43.28870423469288,78.2606900039769,0.263919303255038,78.36761689206311,3
fold_2,previous_day_24h,borough,Queens,51267,6.900228216981684,0.5534554391713968,2.9511771704995415,12.863700433799274,0.8647780241132029,76.02826316807403,3
fold_2,previous_week_168h,borough,Queens,51267,6.794175590535822,0.5586244562779176,3.0015604579944215,14.271640953386193,0.8335578702106146,75.72256339699442,3
fold_2,zone_hour_average,borough,Queens,51267,6.801695996129258,0.9867556127723487,2.409019237419471,10.173729620500916,0.9154184138617116,117.44511934914235,3
fold_2,rolling_mean_24h,borough,Queens,51267,6.900907666400087,0.9520939395712642,4.253403749000332,20.02471484941443,0.6723213671457895,114.96658070221322,3
fold_2,hist_gradient_boosting,borough,Queens,51267,6.791947668899961,1.0,2.431537396184981,10.230642053369364,0.9144694584237303,119.9616683672053,3
fold_2,latest_available,borough,Queens,51267,6.894864142625861,0.55368950787056,4.865917646829344,23.727574999540256,0.5399318679201601,87.82670075469683,3
fold_2,previous_day_24h,borough,Staten Island,14860,0.03371467025572005,0.027321668909825035,0.05969044414535666,0.3033017056165014,-0.606012738289502,9.779529577645325,3
fold_2,previous_week_168h,borough,Staten Island,14860,0.034320323014804845,0.029071332436069987,0.06244952893674294,0.3200353277941971,-0.7881136705754368,10.207267833109018,3
fold_2,zone_hour_average,borough,Staten Island,14860,0.032254959502521136,0.6147375504710633,0.06003624187192917,0.23595982660195727,0.027979516020804285,122.70797853789685,3
fold_2,rolling_mean_24h,borough,Staten Island,14860,0.03361653207716465,0.39656796769851954,0.06294021982951997,0.23929160609103245,0.0003356381557308996,80.32779460808288,3
fold_2,hist_gradient_boosting,borough,Staten Island,14860,0.2895306501010632,1.0,0.30395297696790086,0.35945850176536664,-1.255780302757771,197.52008381092458,3
fold_2,latest_available,borough,Staten Island,14860,0.03351278600269179,0.026783310901749662,0.06379542395693136,0.3295659693129828,-0.8961993852225723,10.143263047704501,3
fold_2,previous_day_24h,local_hour,0,8122,15.759911351883773,0.5139128293523763,9.841910859394238,40.77761141498058,0.39596768258189075,68.83444002023678,3
fold_2,previous_week_168h,local_hour,0,8122,15.525609455799064,0.5313962078305836,4.699458261511943,15.436356059701119,0.9134422050341673,62.05320548210093,3
fold_2,zone_hour_average,local_hour,0,8122,14.548873580338856,0.9427480916030534,10.556861520351228,36.098595736135955,0.5266338214425931,124.61961708766275,3
fold_2,rolling_mean_24h,local_hour,0,8122,20.465356439300663,0.9207091849298202,14.751964828039071,44.60177615004436,0.27736179804579875,122.53797988970189,3
fold_2,hist_gradient_boosting,local_hour,0,8122,15.155054771028839,0.9995075104654026,4.5820316989719725,14.29280150803614,0.9257918962494348,126.28552617387504,3
fold_2,latest_available,local_hour,0,8122,29.78490519576459,0.6151194287121399,20.685914799310513,62.488256468742385,-0.4184480145614191,83.17369066242762,3
fold_2,previous_day_24h,local_hour,1,8122,10.616227530164984,0.4296971189362226,8.117458754001477,40.26540245445226,0.1942755532378838,62.43003402515735,3
fold_2,previous_week_168h,local_hour,1,8122,10.51699088894361,0.4397931543954691,3.3814331445456784,11.792394846372618,0.9308922939930019,54.47378349858703,3
fold_2,zone_hour_average,local_hour,1,8122,9.660119158443491,0.9427480916030534,8.841045999723724,34.64585895880126,0.403479849759805,139.3593646224035,3
fold_2,rolling_mean_24h,local_hour,1,8122,20.448893950586886,0.9207091849298202,16.94688295165394,48.233037463785976,-0.15614332781447038,140.61775722872414,3
fold_2,hist_gradient_boosting,local_hour,1,8122,10.583024441528275,0.9983994090125585,3.498233383296272,11.179033926049376,0.9378943658376767,138.9410690889378,3
fold_2,latest_available,local_hour,1,8122,30.37146023147008,0.5842157104161536,24.548633341541493,73.40967946499234,-1.6781142971914869,88.50833973466679,3
fold_2,previous_day_24h,local_hour,2,7860,7.11412213740458,0.38282442748091605,6.181933842239186,33.473136850095806,-0.07026800673766775,56.86506938967392,3
fold_2,previous_week_168h,local_hour,2,7860,6.708142493638677,0.38091603053435114,2.393765903307888,10.287638027419419,0.898904676238932,50.04472052341103,3
fold_2,zone_hour_average,local_hour,2,7860,6.514894805436604,0.9236641221374046,6.405148017129026,26.077234864892944,0.3504347336293593,142.2095645104314,3
fold_2,rolling_mean_24h,local_hour,2,7860,20.419327820186602,0.9201017811704835,17.77418363019508,46.75197589464012,-1.0878517498653388,151.7627049602701,3
fold_2,hist_gradient_boosting,local_hour,2,7860,7.141995889286949,0.9986005089058524,2.559744061029118,8.150700959305672,0.9365415242254288,146.15118497452087,3
fold_2,latest_available,local_hour,2,7860,26.81412213740458,0.5853689567430026,21.862849872773538,63.76451189415031,-2.883808397256795,96.38308866029915,3
fold_2,previous_day_24h,local_hour,3,8122,5.508249199704506,0.40888943609948286,4.709800541738488,24.019509533235432,0.08804752676011274,64.86253143536133,3
fold_2,previous_week_168h,local_hour,3,8122,5.32824427480916,0.3974390544200936,2.123984240334893,10.895312321526175,0.8123609162691346,57.94383206876777,3
fold_2,zone_hour_average,local_hour,3,8122,4.599515918823311,0.9618320610687023,4.96799718920607,20.598110331402296,0.3293457278051797,144.85138162981173,3
fold_2,rolling_mean_24h,local_hour,3,8122,20.39977324961011,0.9196010834769761,17.678830132151354,45.37494351469773,-2.254438958514415,147.21128211607157,3
fold_2,hist_gradient_boosting,local_hour,3,8122,5.595293037950508,0.9979069194779611,2.2363277636725694,8.238094135277775,0.8927252685853955,141.3284057647949,3
fold_2,latest_available,local_hour,3,8122,20.49987687761635,0.569441024378232,16.242920462940162,48.49111216120826,-2.716791722030199,92.18133494593832,3
fold_2,previous_day_24h,local_hour,4,8122,4.688992858901749,0.5466633834031027,3.439793154395469,12.55153376100926,0.19132445489524763,71.1300797092889,3
fold_2,previous_week_168h,local_hour,4,8122,4.468850036936715,0.5129278502831814,2.1433144545678404,7.3752449364373796,0.7207883025319655,66.30484736108713,3
fold_2,zone_hour_average,local_hour,4,8122,3.7677341277229566,0.9351145038167938,3.2711515246154677,10.962573769449886,0.3831127837376249,114.75645203213725,3
fold_2,rolling_mean_24h,local_hour,4,8122,20.364898834441433,0.9193548387096774,16.979854099975377,43.603294929563916,-8.759314859816559,126.50859865796062,3
fold_2,hist_gradient_boosting,local_hour,4,8122,4.86876389927565,0.9998768776163507,2.157856445518557,7.3638771865977315,0.7216483587457834,120.63122308308763,3
fold_2,latest_available,local_hour,4,8122,15.027948781088401,0.5098497906919478,11.797956168431421,43.06849169180118,-8.521383060054962,84.76148613799975,3
fold_2,previous_day_24h,local_hour,5,8122,4.704752524008865,0.637158335385373,2.3959615858163015,5.344704900670607,0.635858018577789,67.1006847493198,3
fold_2,previous_week_168h,local_hour,5,8122,4.505786752031519,0.6143806944102438,2.4863334154149226,6.2127788492190135,0.5079660410155497,69.45029978284295,3
fold_2,zone_hour_average,local_hour,5,8122,4.1894898529137965,0.9465648854961832,1.9928213644362494,4.6507282097958,0.7242819437071042,93.8444344240138,3
fold_2,rolling_mean_24h,local_hour,5,8122,20.332727981613722,0.9192317163260281,16.594014200114913,42.59410358363349,-22.127157274242347,111.69314125781145,3
fold_2,hist_gradient_boosting,local_hour,5,8122,4.4796920088264,1.0,2.1561788219687883,5.16677113167816,0.6597001661001218,107.17903339836825,3
fold_2,latest_available,local_hour,5,8122,10.015636542723467,0.42563408027579414,9.181605515882788,42.257752902565606,-21.763345333918927,94.5141033669849,3
fold_2,previous_day_24h,local_hour,6,8122,8.3677665599606,0.706229992612657,3.4919970450627926,7.600690749983031,0.79628971053075,63.42483641211379,3
fold_2,previous_week_168h,local_hour,6,8122,7.593326766806205,0.6933021423294755,3.4257572026594434,8.069661003545308,0.7703759236756811,63.89031901273555,3
fold_2,zone_hour_average,local_hour,6,8122,8.13662282718661,0.9656488549618321,3.108056950777748,6.57814112176627,0.8474145183450087,84.36712026723549,3
fold_2,rolling_mean_24h,local_hour,6,8122,20.307180087006486,0.9193548387096774,13.990755561027662,36.78876482745638,-3.7724045819598775,98.29866100606623,3
fold_2,hist_gradient_boosting,local_hour,6,8122,7.659397169767282,1.0,2.988420239603039,6.557397189310896,0.8483753466878649,92.85262684505666,3
fold_2,latest_available,local_hour,6,8122,6.9247722235902485,0.37897069687269147,10.633587786259541,36.734899538818155,-3.7584395165023157,113.07596180210194,3
fold_2,previous_day_24h,local_hour,7,8122,14.966633834031027,0.7395961585816302,6.439670032011819,17.350050579453043,0.7445104484864546,65.69748672802558,3
fold_2,previous_week_168h,local_hour,7,8122,13.610810145284413,0.7242058606254617,5.487934006402364,15.532258256295542,0.7952420091188082,61.233823544054054,3
fold_2,zone_hour_average,local_hour,7,8122,14.155246941966338,0.9580152671755725,6.632484135013336,16.30683144314175,0.7743107788683785,80.87225036978538,3
fold_2,rolling_mean_24h,local_hour,7,8122,20.28772162029057,0.9193548387096774,12.222097389805466,30.713638932547617,0.1993656804272983,94.19248958262625,3
fold_2,hist_gradient_boosting,local_hour,7,8122,14.112324852127427,1.0,4.813600761216108,12.095433346406287,0.8758306182655864,86.01560790235013,3
fold_2,latest_available,local_hour,7,8122,5.041245998522531,0.40802757941393747,16.136542723467127,42.326481389795205,-0.5205334812754812,123.93018044639204,3
fold_2,previous_day_24h,local_hour,8,8122,19.902979561684315,0.7456291553804482,8.007633587786259,22.10809891033611,0.7802838996889578,64.7227217744909,3
fold_2,previous_week_168h,local_hour,8,8122,18.718295986210293,0.7414429943363704,6.184191085939424,17.319157412940537,0.8651619064713086,59.70719119729798,3
fold_2,zone_hour_average,local_hour,8,8122,18.606594316196084,0.9618320610687023,8.288481678499274,21.40100348834787,0.7941137421710751,78.97497297472142,3
fold_2,rolling_mean_24h,local_hour,8,8122,20.274732208815564,0.9192317163260281,12.19352273660018,30.79553533420198,0.573681086425237,89.76096380411926,3
fold_2,hist_gradient_boosting,local_hour,8,8122,18.648780076781378,1.0,5.488417569540203,14.717137484831023,0.9026343475588738,82.49171723013984,3
fold_2,latest_available,local_hour,8,8122,4.377246983501601,0.5438315685791677,18.98448657966018,49.412064121713065,-0.09755192813813962,113.28186589062211,3
fold_2,previous_day_24h,local_hour,9,8122,20.33969465648855,0.7270376754493967,6.314454567840434,16.465906513789545,0.8815353439389982,60.61444109634636,3
fold_2,previous_week_168h,local_hour,9,8122,20.072519083969464,0.7266683082984486,5.5518345235163755,15.344609160487158,0.8971204231409442,60.58700968184047,3
fold_2,zone_hour_average,local_hour,9,8122,19.704451393359697,0.9580152671755725,5.90850078471977,15.96807995942766,0.8885903257246912,77.03588719865897,3
fold_2,rolling_mean_24h,local_hour,9,8122,20.268873635393582,0.9187392267914307,9.617279200525322,25.557304201141793,0.714604190693957,82.39445970998511,3
fold_2,hist_gradient_boosting,local_hour,9,8122,19.755122952109645,1.0,4.579050606269212,11.738307218732741,0.939795569741846,84.70638041261908,3
fold_2,latest_available,local_hour,9,8122,4.56414676188131,0.6353114996306328,17.007756710169907,45.655858327877894,0.0892261955616237,92.53632312623138,3
fold_2,previous_day_24h,local_hour,10,8122,20.301403595173603,0.7013050972666831,4.869367150948042,12.865599072630108,0.9287570106454509,61.320764263917816,3
fold_2,previous_week_168h,local_hour,10,8122,19.76003447426742,0.6926865304112287,5.4360994828859885,15.84269197275545,0.8919710726312834,62.21415032574529,3
fold_2,zone_hour_average,local_hour,10,8122,20.34971948864159,0.9465648854961832,4.048774264751693,11.183654509246038,0.9461668749572266,76.68301988773702,3
fold_2,rolling_mean_24h,local_hour,10,8122,20.27402425510958,0.9186161044077813,7.634023844701634,21.157928036047327,0.8073236642282076,80.62836998791805,3
fold_2,hist_gradient_boosting,local_hour,10,8122,19.540372151284647,1.0,4.234927984976142,11.356423238666949,0.9444907644201884,89.29402388201133,3
fold_2,latest_available,local_hour,10,8122,8.491381433144547,0.7121398670278256,14.076335877862595,38.64976371738898,0.35705208292862056,80.16029967044197,3
fold_2,previous_day_24h,local_hour,11,8122,21.62078305836001,0.6956414676188131,4.819995075104654,12.61969044975055,0.9405696332703499,60.96515398682928,3
fold_2,previous_week_168h,local_hour,11,8122,20.55257325781827,0.686037921694164,5.185422309775917,15.48962048510925,0.9104650572753732,62.45709526829676,3
fold_2,zone_hour_average,local_hour,11,8122,21.890048744596708,0.9580152671755725,3.893780984563717,10.419060997509618,0.9594894474349527,80.30283497506687,3
fold_2,rolling_mean_24h,local_hour,11,8122,20.29003529508331,0.9193548387096774,7.326746285808093,20.769324728334084,0.8390259914173787,78.804349882264,3
fold_2,hist_gradient_boosting,local_hour,11,8122,21.211964563323015,1.0,4.256689529965872,11.313372979311612,0.9522366019697142,89.32580494449118,3
fold_2,latest_available,local_hour,11,8122,15.35089879340064,0.7446441763112533,11.845604530903719,30.76196431728582,0.6468663250791683,77.55328317424755,3
fold_2,previous_day_24h,local_hour,12,8122,23.32233440039399,0.6930558975621768,5.144915045555282,13.4360918571215,0.9422201943809774,62.582835006158334,3
fold_2,previous_week_168h,local_hour,12,8122,21.994951982270376,0.6824673725683329,5.34326520561438,15.882649558737473,0.9192623591810547,60.542223731480824,3
fold_2,zone_hour_average,local_hour,12,8122,23.638462245930288,0.950381679389313,4.2617923058894025,11.200083769369247,0.9598511888597239,78.35313234357054,3
fold_2,rolling_mean_24h,local_hour,12,8122,20.312074201756545,0.9204629401625215,7.818179019945826,22.3908685147589,0.8395380641789278,79.12710293218602,3
fold_2,hist_gradient_boosting,local_hour,12,8122,23.14374890254014,1.0,4.280957779986042,11.101595903965213,0.9605541809625143,89.10670819530353,3
fold_2,latest_available,local_hour,12,8122,20.43191332184191,0.7519083969465649,10.775794139374538,27.50227095456323,0.7579153454937089,73.70482584481965,3
fold_2,previous_day_24h,local_hour,13,8122,24.02277764097513,0.6937946318640729,5.436961339571534,14.42264475072155,0.9368954916200304,59.97697966443246,3
fold_2,previous_week_168h,local_hour,13,8122,22.778256587047526,0.6852991873922679,5.4832553558236885,16.289628813906518,0.919500542882795,59.95630273848159,3
fold_2,zone_hour_average,local_hour,13,8122,24.71769520831417,0.9541984732824428,4.4598116672550825,11.786074843702544,0.9578585995411211,79.16128188935879,3
fold_2,rolling_mean_24h,local_hour,13,8122,20.32806985143232,0.9203398177788722,7.49148403513092,21.654341737976978,0.8577472903833524,78.0212076883304,3
fold_2,hist_gradient_boosting,local_hour,13,8122,23.57586492923561,1.0,4.2780844274262115,11.299145326188267,0.9612687276769268,88.95841320838782,3
fold_2,latest_available,local_hour,13,8122,20.723590248707215,0.7271607978330461,8.81519330214233,23.317474764682927,0.8350571076845668,66.54092755572982,3
fold_2,previous_day_24h,local_hour,14,8122,26.034720512189114,0.7045062792415662,6.008618566855454,16.763906597001984,0.9296438364968583,61.86646926079812,3
fold_2,previous_week_168h,local_hour,14,8122,24.676680620536814,0.6971189362226052,6.129770992366412,18.537854680189046,0.9139658977283444,62.99603371920118,3
fold_2,zone_hour_average,local_hour,14,8122,26.295180722891565,0.9656488549618321,5.286654126973295,14.516553062385958,0.9472431694786351,80.59662380077624,3
fold_2,rolling_mean_24h,local_hour,14,8122,20.336642247393907,0.9203398177788722,8.71540774029385,26.529571690918807,0.8237974611560597,77.9885469332064,3
fold_2,hist_gradient_boosting,local_hour,14,8122,25.022403134029208,1.0,4.761598779173654,12.962924991053669,0.9579314347425885,88.65941052647338,3
fold_2,latest_available,local_hour,14,8122,20.50714109825166,0.7019207091849298,8.308667815808914,23.7309858567147,0.8590116442621643,66.90091895296277,3
fold_2,previous_day_24h,local_hour,15,8122,27.211893622260526,0.6942871213986703,6.625461708938685,19.182831885644987,0.9195572560195097,62.261826373823396,3
fold_2,previous_week_168h,local_hour,15,8122,26.009603545924648,0.6908396946564885,6.459615858163014,20.427929300193906,0.9087757866256948,61.09020053554831,3
fold_2,zone_hour_average,local_hour,15,8122,28.03729421502805,0.950381679389313,6.189813180325339,17.38562537572333,0.933924254862421,80.09805920268332,3
fold_2,rolling_mean_24h,local_hour,15,8122,20.341987810884017,0.9198473282442748,9.779595542969712,30.8779015440679,0.7915715537263417,79.48051203866235,3
fold_2,hist_gradient_boosting,local_hour,15,8122,26.213381361779884,1.0,5.009317557749299,14.647488524044352,0.9530983882007384,89.73569305543377,3
fold_2,latest_available,local_hour,15,8122,21.74907658212263,0.6967495690716572,8.357916769268654,25.63420392242115,0.8563514969549986,64.5677390092862,3
fold_2,previous_day_24h,local_hour,16,8122,28.20155134203398,0.6792661905934498,7.097143560699335,20.100948755021662,0.9158891543721408,63.06193099398475,3
fold_2,previous_week_168h,local_hour,16,8122,27.367150948042354,0.6848066978576706,6.929081507017976,21.061845354140825,0.9076553529342806,61.450242139547264,3
fold_2,zone_hour_average,local_hour,16,8122,28.977789018670098,0.9465648854961832,6.254817348685558,17.840047837510937,0.9337461811902944,81.79439599409326,3
fold_2,rolling_mean_24h,local_hour,16,8122,20.347830994008042,0.9198473282442748,10.518181071985552,31.602201461334875,0.7921004443163413,82.5513891486919,3
fold_2,hist_gradient_boosting,local_hour,16,8122,28.168992245783347,1.0,5.312878057755249,14.87369455435547,0.9539471402648904,89.8077604217875,3
fold_2,latest_available,local_hour,16,8122,23.4625707953706,0.6967495690716572,8.240458015267176,24.135174509597338,0.8787393831462396,64.84988510178488,3
fold_2,previous_day_24h,local_hour,17,8122,32.2360256094558,0.6795124353607486,8.516498399409013,25.636057832990804,0.8962881762406112,63.11564796897619,3
fold_2,previous_week_168h,local_hour,17,8122,30.949642945087415,0.6936715094804236,7.910243782319625,24.527725795040205,0.9050619404608097,62.62777356506971,3
fold_2,zone_hour_average,local_hour,17,8122,32.1964959072933,0.9465648854961832,7.8453034002545525,23.589393101779514,0.9121868974910563,81.97485882923816,3
fold_2,rolling_mean_24h,local_hour,17,8122,20.351488754822288,0.9194779610933268,14.091249076582123,42.70877163926255,0.712154166523161,83.82052801240977,3
fold_2,hist_gradient_boosting,local_hour,17,8122,31.547080434558012,1.0,5.926356692112995,17.640553781455285,0.950892229758098,89.87449659753787,3
fold_2,latest_available,local_hour,17,8122,24.110563900517114,0.695272100467865,10.669047032750553,31.55104368396396,0.8429082976859236,67.48055880943573,3
fold_2,previous_day_24h,local_hour,18,8122,34.41886234917508,0.6596897315932037,9.078921447919232,25.755448784349124,0.9026912359874095,62.7546411376534,3
fold_2,previous_week_168h,local_hour,18,8122,33.64676188131002,0.6804974144299434,7.779857178034967,22.712912299544858,0.9243237922648562,62.94860394168935,3
fold_2,zone_hour_average,local_hour,18,8122,34.159793334574566,0.950381679389313,8.769846727647282,24.966597312558044,0.9085607982964431,86.94948036809514,3
fold_2,rolling_mean_24h,local_hour,18,8122,20.354453952228514,0.9199704506279242,15.75168780267586,45.219389910364384,0.7000401622442455,88.86907260915014,3
fold_2,hist_gradient_boosting,local_hour,18,8122,33.80978202999735,1.0,6.131768600940463,17.048982931983783,0.9573606412545932,93.65936490541107,3
fold_2,latest_available,local_hour,18,8122,26.10588524993844,0.7046294016252155,11.665476483624722,32.14303518123947,0.8484389937493176,70.7568209258121,3
fold_2,previous_day_24h,local_hour,19,8122,31.795124353607484,0.6441763112533858,9.677788721989657,27.84128735273872,0.8639935592226402,65.82583578356119,3
fold_2,previous_week_168h,local_hour,19,8122,32.66055158827875,0.6766806205368135,7.9219404087663134,23.759480799257446,0.9009499401895218,63.335956722922674,3
fold_2,zone_hour_average,local_hour,19,8122,30.2241202755539,0.9541984732824428,8.94147032149957,25.910942412532453,0.8821994635458563,92.98662038988915,3
fold_2,rolling_mean_24h,local_hour,19,8122,20.358681154067142,0.9198473282442748,13.147721209882624,38.29727475242615,0.7426544925523333,90.84102559411951,3
fold_2,hist_gradient_boosting,local_hour,19,8122,31.372620666651788,1.0,6.149367149855498,17.51695072623302,0.9461608906670772,98.08631220366654,3
fold_2,latest_available,local_hour,19,8122,27.31334646638759,0.6958877123861118,10.768529918739226,30.04644275100894,0.8415956969314676,70.56200399830705,3
fold_2,previous_day_24h,local_hour,20,8122,30.004555528195027,0.6172125092341788,9.833292292538783,30.158470885739035,0.837428641922338,65.81212085226053,3
fold_2,previous_week_168h,local_hour,20,8122,30.40581137650825,0.6500861856685546,7.655872937700074,23.074777001341957,0.9048299224465235,63.948396674446336,3
fold_2,zone_hour_average,local_hour,20,8122,27.527927760193634,0.9465648854961832,9.11040474231386,28.858964869492613,0.8511369554377054,97.63805343426858,3
fold_2,rolling_mean_24h,local_hour,20,8122,20.360286875153903,0.9199704506279242,12.395817943035379,39.7265394134324,0.7179105341793006,94.9363761735722,3
fold_2,hist_gradient_boosting,local_hour,20,8122,29.15070036134012,1.0,6.121774414336962,18.061889300909197,0.9416888306883892,105.44193259095341,3
fold_2,latest_available,local_hour,20,8122,28.240088648116227,0.6804974144299434,10.855331199212017,30.993014996555356,0.8283068174947243,72.93261782356745,3
fold_2,previous_day_24h,local_hour,21,8122,30.424279734055652,0.5863087909381925,10.780472789953214,33.86105312144001,0.819643311184519,65.53715148529452,3
fold_2,previous_week_168h,local_hour,21,8122,29.706476237379956,0.6044077813346467,8.211154887958632,26.177159112425514,0.8922105249563985,63.828340183431195,3
fold_2,zone_hour_average,local_hour,21,8122,27.829780301619806,0.950381679389313,10.092532477282418,31.839196268605924,0.8405386180603698,102.57868757826165,3
fold_2,rolling_mean_24h,local_hour,21,8122,20.364160100139536,0.9200935730115735,14.216803127308545,45.55675224785504,0.6735348387073292,99.98796378146366,3
fold_2,hist_gradient_boosting,local_hour,21,8122,29.37578344832337,1.0,6.81040385680257,20.091406384581838,0.9365031753645555,111.53493916268718,3
fold_2,latest_available,local_hour,21,8122,32.328983009111056,0.6801280472789953,12.99815316424526,37.390442440746796,0.7800861713138243,74.83034331225508,3
fold_2,previous_day_24h,local_hour,22,8122,26.830706722482148,0.5863087909381925,10.919231716326028,34.77366930348834,0.7546402548628004,66.9250083744702,3
fold_2,previous_week_168h,local_hour,22,8122,26.907904457030288,0.5940655011081014,7.682713617335631,23.506790397236518,0.887878488905399,64.46334652858654,3
fold_2,zone_hour_average,local_hour,22,8122,25.382749953453732,0.9580152671755725,10.064184299193398,29.698909517359102,0.8210287468876089,104.75741918070477,3
fold_2,rolling_mean_24h,local_hour,22,8122,20.36173356316178,0.9200935730115735,13.077341377329065,39.85279859748202,0.6777299686335212,100.7656734381963,3
fold_2,hist_gradient_boosting,local_hour,22,8122,26.261356450268543,1.0,6.3976285091911995,18.958966198715135,0.9270657406449297,112.04126960461404,3
fold_2,latest_available,local_hour,22,8122,34.36062546170894,0.6567347943856193,16.025363211031767,45.67857682970103,0.5766228632781476,74.6404815220548,3
fold_2,previous_day_24h,local_hour,23,8122,20.49987687761635,0.569441024378232,11.254001477468604,39.42149849023952,0.5325987245469499,72.41780944573372,3
fold_2,previous_week_168h,local_hour,23,8122,20.784782073380942,0.5847081999507511,6.5098497906919475,21.546645710962654,0.8603686370636673,63.25098711974162,3
fold_2,zone_hour_average,local_hour,23,8122,20.031884192887727,0.9465648854961832,10.948088900366965,32.96773584986461,0.6731098161166855,110.98732743969829,3
fold_2,rolling_mean_24h,local_hour,23,8122,20.347353894771402,0.9203398177788722,12.715161495526552,38.35711794718623,0.5574976598254949,107.47359001866958,3
fold_2,hist_gradient_boosting,local_hour,23,8122,19.99898198199688,1.0,5.7563606382383705,17.66884594805624,0.9061055322879729,116.61552953466273,3
fold_2,latest_available,local_hour,23,8122,31.450012312238364,0.6383895592218666,17.60748584092588,51.321003091191976,0.20783817711991126,76.65200117084038,3
fold_2,previous_day_24h,weekend,0,138336,19.858713566967385,0.6220795743696507,6.572143187601203,23.71569713129507,0.8355680837959663,63.29565051815505,3
fold_2,previous_week_168h,weekend,0,138336,19.93484703909322,0.6242771223687255,5.711513994910941,18.710096717454398,0.8976550561630182,61.69404371917114,3
fold_2,zone_hour_average,weekend,0,138336,19.797603512168205,0.9508587786259542,5.959385044876448,18.758269665020926,0.89712736198132,95.65824866642643,3
fold_2,rolling_mean_24h,weekend,0,138336,19.561732544914797,0.9185678348369188,12.680845309006092,36.76718376456799,0.6047835084416439,100.30913375126764,3
fold_2,hist_gradient_boosting,weekend,0,138336,20.069035733541412,0.9996747050659265,4.637709406459295,13.879365573014141,0.9436811786937234,103.68590680106419,3
fold_2,latest_available,weekend,0,138336,19.956121327781634,0.624942169789498,13.610376185519316,41.5192654427204,0.49601959661245276,84.69300549738456,3
fold_2,previous_day_24h,weekend,1,56330,21.68933072962897,0.6393751109533109,8.199201136161903,27.779362303663934,0.7369178611565497,66.35503700046335,3
fold_2,previous_week_168h,weekend,1,56330,19.536907509320077,0.6374045801526718,5.069430143795491,15.658027175178876,0.9164164322455073,61.76864856515603,3
fold_2,zone_hour_average,weekend,1,56330,19.859383552664628,0.9509852654003196,8.424995765320007,28.799782797946637,0.7172352653709764,98.31894508351544,3
fold_2,rolling_mean_24h,weekend,1,56330,22.270853304929283,0.9227942481803657,12.525729333096633,37.26834713361172,0.5264922580898357,97.3093061134321,3
fold_2,hist_gradient_boosting,weekend,1,56330,19.370111959788222,0.9999822474702645,4.5295670909113985,13.300409211321087,0.9396917361592367,102.08440683249258,3
fold_2,latest_available,weekend,1,56330,21.23639268595775,0.630889401739748,13.779992898988105,43.42731111832176,0.35705666267039793,77.69563506847508,3
fold_2,previous_day_24h,rush_hour,0,160082,19.21249734511063,0.6093377144213591,6.93261578441049,25.612450975198755,0.7785672409030067,64.75286986306129,3
fold_2,previous_week_168h,rush_hour,0,160082,18.341499981259606,0.6060144176109744,5.095725940455517,16.889144823033895,0.9037158256262242,61.892802301366984,3
fold_2,zone_hour_average,rush_hour,0,160082,18.774621862818965,0.9503192114041553,6.632595182274403,22.643504919281416,0.8269279679020974,100.82713149712694,3
fold_2,rolling_mean_24h,rush_hour,0,160082,20.561756630976625,0.9201909021626417,12.637984751564822,37.03833357990076,0.5369344541199743,102.67547638808634,3
fold_2,hist_gradient_boosting,rush_hour,0,160082,18.39479836321947,0.999712647268275,4.316716592965704,13.095349904845282,0.9421139646405777,107.31318492255878,3
fold_2,latest_available,rush_hour,0,160082,21.740732874401868,0.6288152321935009,13.236603740582952,42.049869967971176,0.4031449050006535,80.2992019651938,3
fold_2,previous_day_24h,rush_hour,1,34584,25.831598427018275,0.7092297015961138,7.553724265556327,21.683804322166957,0.8994121974422389,61.53358289662915,3
fold_2,previous_week_168h,rush_hour,1,34584,26.661953504510755,0.7301931529030765,7.516047883414296,21.892388829046197,0.8974677075231309,60.89554787193694,3
fold_2,zone_hour_average,rush_hour,1,34584,24.633395152010014,0.9535623409669212,6.859194976279587,19.625023677425716,0.9176061606367412,76.06629654609404,3
fold_2,rolling_mean_24h,rush_hour,1,34584,19.34541623294009,0.9179389312977099,12.626586716400647,36.326674001108984,0.7176904077604336,84.46975274194288,3
fold_2,hist_gradient_boosting,rush_hour,1,34584,26.680326808615447,1.0,5.947376157987978,16.275709544525217,0.9433298681112672,84.287502062609,3
fold_2,latest_available,rush_hour,1,34584,13.780823502197547,0.6167013647929679,15.61675919500347,42.220801223800144,0.6186468807868793,93.63375789096806,3
fold_2,previous_day_24h,zone_cohort,dense,127053,31.039424492141077,0.8370286415905174,10.550990531510472,30.884566974755675,0.7971210696508491,70.10670020639206,3
fold_2,previous_week_168h,zone_cohort,dense,127053,30.16125553902702,0.8360998953192762,8.226779375536193,22.116019371262965,0.8959677870925111,66.68058029729734,3
fold_2,zone_hour_average,zone_cohort,dense,127053,30.16159141895009,0.9997560073355214,10.012647861299742,27.39425872433401,0.8403852509085635,71.69677188017184,3
fold_2,rolling_mean_24h,zone_cohort,dense,127053,30.973407423148867,1.0,19.118031451441524,45.685724821160136,0.5560695323208226,84.5225642552056,3
fold_2,hist_gradient_boosting,zone_cohort,dense,127053,30.15600439008444,0.9996379463688382,6.775323541596251,16.962602163329144,0.9388017693586221,68.03053125003895,3
fold_2,latest_available,zone_cohort,dense,127053,30.943716401816566,0.8360054465459297,20.65331003596924,52.07849587225456,0.42313953161755535,95.24610585444216,3
fold_2,previous_day_24h,zone_cohort,sparse,67613,0.37393696478487864,0.23257361749959327,0.450948782038957,1.1149325345813963,-0.246822139256496,53.04571255517235,3
fold_2,previous_week_168h,zone_cohort,sparse,67613,0.3866564122284176,0.23717332465650096,0.45009095883927647,1.1769607329611276,-0.3894127351366292,52.38589379406296,3
fold_2,zone_hour_average,zone_cohort,sparse,67613,0.3738878681471493,0.8590803543697217,0.3969732493276164,0.876710828592382,0.22906090565219506,142.90144951979235,3
fold_2,rolling_mean_24h,zone_cohort,sparse,67613,0.3748490181868378,0.7690680786239332,0.45536361350627835,0.9530311269768162,0.08899345184772611,127.47477827737791,3
fold_2,hist_gradient_boosting,zone_cohort,sparse,67613,0.5321122884157975,1.0,0.5307781159327881,0.9140209499853171,0.1620470616011931,169.35241970028136,3
fold_2,latest_available,zone_cohort,sparse,67613,0.37572656146007427,0.23328354014760475,0.5171638590211941,1.3078097528564636,-0.7155227090476748,59.032778382396195,3
fold_2,previous_day_24h,target_cohort,positive,121824,32.27111242448122,0.8484781323877069,10.946004071447334,31.509455627354626,0.795205624900799,71.84500873650184,3
fold_2,previous_week_168h,target_cohort,positive,121824,31.40363146834778,0.8507108615707907,8.562877593905963,22.58399958016819,0.8947946227744429,68.03532313510061,3
fold_2,zone_hour_average,target_cohort,positive,121824,31.31476465646553,0.9994910690832677,10.313789036288922,27.965171782615347,0.8386863170652616,50.09099737386058,3
fold_2,rolling_mean_24h,target_cohort,positive,121824,31.863012419556085,0.9979806934594169,19.543459211649594,46.49175794430247,0.5541506274212411,64.54391203691384,3
fold_2,hist_gradient_boosting,target_cohort,positive,121824,31.339553964560892,0.9996470317835566,6.954573572790275,17.315000030802285,0.9381583288396421,45.36140859031327,3
fold_2,latest_available,target_cohort,positive,121824,31.972287890727607,0.8144454294720253,21.31868925663252,53.06941091843624,0.4190687252612103,94.71439726074824,3
fold_2,previous_day_24h,target_cohort,zero,72842,0.5153482880755608,0.2568161225666511,0.5153482880755608,2.1022730333776622,,51.36322451333022,3
fold_2,previous_week_168h,target_cohort,zero,72842,0.44623980670492297,0.2557315834271437,0.44623980670492297,1.1882997228372696,,51.14631668542874,3
fold_2,zone_hour_average,target_cohort,zero,72842,0.5835982739579181,0.8696219214189616,0.5835982739579181,1.3138969663903795,,173.9243842837923,3
fold_2,rolling_mean_24h,target_cohort,zero,72842,1.083569575245051,0.7890228165069603,1.083569575245051,5.139405311732507,,157.80456330139205,3
fold_2,hist_gradient_boosting,target_cohort,zero,72842,0.6792607527441522,0.9999588149693858,0.6792607527441522,1.1082787948760011,,199.99176299387716,3
fold_2,latest_available,target_cohort,zero,72842,0.8498393783806046,0.3126081107053623,0.8498393783806046,4.6931808583610914,,62.521622141072456,3
fold_3,previous_day_24h,borough,Bronx,30960,1.1548772609819122,0.4908268733850129,1.0036175710594315,1.7159760031570526,0.07207354528635979,77.125156720119,3
fold_3,previous_week_168h,borough,Bronx,30960,1.160109819121447,0.49334625322997416,0.9628552971576227,1.656480500512702,0.13530331950294894,75.23216920340201,3
fold_3,zone_hour_average,borough,Bronx,30960,1.215564970170504,0.9806201550387597,0.842669111323047,1.3008557432693426,0.46672722374454045,123.83837380782713,3
fold_3,rolling_mean_24h,borough,Bronx,30960,1.155967377260982,0.9633074935400516,1.082953811369509,1.628933495686433,0.1638237202781817,124.90152493119913,3
fold_3,hist_gradient_boosting,borough,Bronx,30960,1.2068480731468614,1.0,0.9089425032815278,1.358720842998815,0.4182296130595793,128.8402237633873,3
fold_3,latest_available,borough,Bronx,30960,1.1570413436692506,0.49060077519379847,1.3037790697674418,2.186204396684511,-0.5061653863733655,93.70768308528133,3
fold_3,previous_day_24h,borough,Brooklyn,43920,3.18023679417122,0.6691256830601093,2.1924635701275044,4.668522757348777,0.21776143369381595,77.76338617229126,3
fold_3,previous_week_168h,borough,Brooklyn,43920,3.1583105646630236,0.6704918032786885,1.7662568306010928,3.0765802579794186,0.6602834058427562,72.87588919962663,3
fold_3,zone_hour_average,borough,Brooklyn,43920,3.5411444020537224,0.9938524590163934,2.0165979304638637,3.887221424049229,0.45767600157956123,100.2631030030525,3
fold_3,rolling_mean_24h,borough,Brooklyn,43920,3.1850865209471766,0.9866575591985428,2.4709187158469947,4.532028207326677,0.26283370149909757,105.83877772259463,3
fold_3,hist_gradient_boosting,borough,Brooklyn,43920,3.1055065677612785,1.0,1.681299352944992,2.911257070804072,0.695812491102632,99.44474398998177,3
fold_3,latest_available,borough,Brooklyn,43920,3.1905737704918034,0.6698087431693989,2.8793943533697632,5.565488160974323,-0.11169791230515291,95.48674257047628,3
fold_3,previous_day_24h,borough,Manhattan,49680,66.17894524959742,0.8807971014492754,18.874376006441224,42.005588971360915,0.7885314223013181,42.24122676724721,3
fold_3,previous_week_168h,borough,Manhattan,49680,65.07502012882448,0.8813003220611916,11.911674718196457,23.43267414085094,0.9341924997954975,32.7761685741658,3
fold_3,zone_hour_average,borough,Manhattan,49680,65.00960731990348,0.9589371980676329,18.749127117602605,38.149453506482004,0.8255751615176165,50.162782385054,3
fold_3,rolling_mean_24h,borough,Manhattan,49680,66.26014576623724,0.9565418679549115,39.94522359769189,67.43654088013666,0.4549676779464835,73.90012269416744,3
fold_3,hist_gradient_boosting,borough,Manhattan,49680,66.29137715185128,0.9998590982286635,10.761115444269697,20.155558870928022,0.9513120625733883,48.42248799877032,3
fold_3,latest_available,borough,Manhattan,49680,66.47709339774558,0.881219806763285,42.51918276972625,76.43569058159932,0.29979682642552974,78.08356669475822,3
fold_3,previous_day_24h,borough,Queens,49680,6.75787037037037,0.5312600644122383,2.5854066022544284,11.664866148157396,0.8919157024231529,74.03780043500268,3
fold_3,previous_week_168h,borough,Queens,49680,6.709782608695652,0.5320048309178744,2.2638486312399357,9.162660521163433,0.9333122173736573,71.84830263640858,3
fold_3,zone_hour_average,borough,Queens,49680,6.822144686436335,0.9927536231884058,2.322034284385579,9.542082568665633,0.927674836263644,121.71768290464412,3
fold_3,rolling_mean_24h,borough,Queens,49680,6.759644223027375,0.9520933977455717,4.163421732420827,20.012666869724846,0.6818638526728471,118.16679703510684,3
fold_3,hist_gradient_boosting,borough,Queens,49680,6.726522004797196,1.0,2.0253573478063447,7.88742962027415,0.9505832614401764,122.8885287740242,3
fold_3,latest_available,borough,Queens,49680,6.7811392914653785,0.5306763285024154,4.5786030595813205,22.855461526254505,0.5850621272643928,86.82499052390536,3
fold_3,previous_day_24h,borough,Staten Island,14400,0.02020833333333333,0.01840277777777778,0.03756944444444445,0.2119682890329484,-1.0320422670375033,6.9259259259259265,3
fold_3,previous_week_168h,borough,Staten Island,14400,0.02236111111111111,0.01923611111111111,0.03888888888888889,0.22484562605386735,-1.286440139726897,6.930555555555555,3
fold_3,zone_hour_average,borough,Staten Island,14400,0.03262989874668234,0.6895833333333333,0.04835654751893254,0.1499695822867935,-0.017178828520926226,137.6557736733716,3
fold_3,rolling_mean_24h,borough,Staten Island,14400,0.020199652777777778,0.31333333333333335,0.038573495370370366,0.15104406128369985,-0.03180649534650781,64.23036750882689,3
fold_3,hist_gradient_boosting,borough,Staten Island,14400,0.3063291992693082,1.0,0.31254174427295145,0.3368363637624187,-4.131317522558502,198.1319558933486,3
fold_3,latest_available,borough,Staten Island,14400,0.02,0.01861111111111111,0.03861111111111111,0.21081851067789195,-1.0100572656939755,7.194444444444445,3
fold_3,previous_day_24h,local_hour,0,7860,13.793384223918576,0.48982188295165396,8.468956743002545,37.41461186036249,0.41413563448413704,62.62255173785426,3
fold_3,previous_week_168h,local_hour,0,7860,14.195928753180661,0.49287531806615775,4.0539440203562345,14.961069072304277,0.9063215166410805,53.53312049735248,3
fold_3,zone_hour_average,local_hour,0,7860,14.658717827467406,0.9541984732824428,9.529302618838525,33.31762347285541,0.5354177353205554,126.1262173618486,3
fold_3,rolling_mean_24h,local_hour,0,7860,20.07457591178965,0.9148854961832061,14.162627226463105,43.03280126317738,0.2249783570034387,122.11487641367441,3
fold_3,hist_gradient_boosting,local_hour,0,7860,13.969384204579061,0.9997455470737914,3.71694202298054,11.468067217565192,0.9449578924511898,125.92550662602088,3
fold_3,latest_available,local_hour,0,7860,27.5235368956743,0.565648854961832,18.932442748091603,57.22365500483134,-0.37045816420517497,77.8250930261289,3
fold_3,previous_day_24h,local_hour,1,7860,8.848473282442749,0.41475826972010177,6.576590330788804,35.32306010333212,0.2641528523573158,57.03293645891686,3
fold_3,previous_week_168h,local_hour,1,7860,9.160178117048346,0.421882951653944,2.801526717557252,12.289675842572969,0.9109258214339774,49.9304444579895,3
fold_3,zone_hour_average,local_hour,1,7860,9.71738836722286,0.9465648854961832,7.905542795379315,31.673584988858433,0.4083492571518559,139.0337695531194,3
fold_3,rolling_mean_24h,local_hour,1,7860,20.10284669211196,0.9145038167938931,16.7143606870229,47.44118940533521,-0.3273397721571798,140.47723717798314,3
fold_3,hist_gradient_boosting,local_hour,1,7860,9.427444613213435,0.999618320610687,2.8613439595052044,9.268403967319832,0.9493381693226185,138.15256338305258,3
fold_3,latest_available,local_hour,1,7860,29.20737913486005,0.5631043256997456,23.994020356234095,71.31035187816197,-1.9989976753418595,87.17253316311087,3
fold_3,previous_day_24h,local_hour,2,7860,5.744783715012723,0.3555979643765903,4.764758269720102,26.451080681348277,0.20071734124312568,52.05064671527005,3
fold_3,previous_week_168h,local_hour,2,7860,5.96882951653944,0.3642493638676845,1.9923664122137406,9.241652584556437,0.9024307813986698,45.78243028535233,3
fold_3,zone_hour_average,local_hour,2,7860,6.454368865866957,0.9351145038167938,5.819924572882588,23.564731362261,0.36563598883273984,145.49957925573497,3
fold_3,rolling_mean_24h,local_hour,2,7860,20.126473706530955,0.9147582697201018,17.53331212892282,46.30257875241454,-1.4491980689423496,152.68008022671157,3
fold_3,hist_gradient_boosting,local_hour,2,7860,6.487096771296965,0.9997455470737914,2.253839640428721,7.629783998683409,0.9334974901058035,148.20240381349186,3
fold_3,latest_available,local_hour,2,7860,27.290839694656487,0.5725190839694656,22.841348600508905,66.35150345077432,-4.0293873612838444,94.86795458823542,3
fold_3,previous_day_24h,local_hour,3,7860,3.9922391857506363,0.37302798982188295,3.395038167938931,16.96207789493949,0.2044887628376617,57.40841013268188,3
fold_3,previous_week_168h,local_hour,3,7860,4.2180661577608145,0.38702290076335877,1.615267175572519,6.708298760835794,0.8755734657974665,51.68967183437907,3
fold_3,zone_hour_average,local_hour,3,7860,4.720698507059381,0.9618320610687023,4.1461280371095945,15.136529514288606,0.3665084354668501,147.74928345681576,3
fold_3,rolling_mean_24h,local_hour,3,7860,20.140071034775236,0.9145038167938931,17.578981128074638,45.050744493312,-4.611670425734248,152.0824996353271,3
fold_3,hist_gradient_boosting,local_hour,3,7860,4.637756965859587,1.0,1.883899003810006,5.999133883255488,0.9004903220637712,146.08035615764942,3
fold_3,latest_available,local_hour,3,7860,20.771628498727736,0.5641221374045802,17.18078880407125,50.05396705877178,-5.927319509252984,94.65631552865982,3
fold_3,previous_day_24h,local_hour,4,7860,3.3071246819338422,0.4910941475826972,2.5389312977099237,8.795702165849569,0.25820001413839155,67.03406366619127,3
fold_3,previous_week_168h,local_hour,4,7860,3.505089058524173,0.5,1.5834605597964377,4.315986025111381,0.8213899672907994,61.18880900813418,3
fold_3,zone_hour_average,local_hour,4,7860,3.934945619131257,0.950381679389313,2.7781846022202705,7.7946162263548295,0.417447239038398,123.33299290301478,3
fold_3,rolling_mean_24h,local_hour,4,7860,20.142350508905853,0.9146310432569974,17.4124098812553,44.75694426349136,-18.207314435045426,134.87489111189436,3
fold_3,hist_gradient_boosting,local_hour,4,7860,3.712580477990735,1.0,1.6830865074161792,4.0448015168322815,0.8431298829235745,128.3933551536868,3
fold_3,latest_available,local_hour,4,7860,13.848091603053435,0.4902035623409669,11.411704834605597,42.05294130942016,-15.956590984594449,85.3255739356154,3
fold_3,previous_day_24h,local_hour,5,7860,4.035114503816794,0.6027989821882952,2.061323155216285,4.408383177445644,0.7283859100952632,67.69560980181839,3
fold_3,previous_week_168h,local_hour,5,7860,3.95559796437659,0.6057251908396947,1.6535623409669211,3.295864476326421,0.8481788372493857,61.326003278968784,3
fold_3,zone_hour_average,local_hour,5,7860,4.2922718367898405,0.9541984732824428,1.7961088968452341,3.6855857258457307,0.8101517244338781,99.0655477617526,3
fold_3,rolling_mean_24h,local_hour,5,7860,20.143548558100083,0.9146310432569974,16.76104219677693,43.24862310860155,-25.141962858969155,116.41492609238836,3
fold_3,hist_gradient_boosting,local_hour,5,7860,3.940960787095568,1.0,1.630338274836153,3.1752805390396692,0.8590848051415731,110.21150743777764,3
fold_3,latest_available,local_hour,5,7860,8.877226463104325,0.41564885496183207,8.124554707379135,39.275294113925725,-20.559193681872063,90.48200638486281,3
fold_3,previous_day_24h,local_hour,6,7860,8.228753180661577,0.6909669211195929,3.2782442748091603,7.2289441544243696,0.8227396160165729,63.08345544999731,3
fold_3,previous_week_168h,local_hour,6,7860,8.078498727735369,0.6909669211195929,2.48676844783715,4.818380837286502,0.9212475284888879,56.107059385317605,3
fold_3,zone_hour_average,local_hour,6,7860,8.233092272666399,0.9694656488549618,3.0859492879782153,6.675053518334286,0.848862772736427,87.72803539913681,3
fold_3,rolling_mean_24h,local_hour,6,7860,20.143638676844784,0.9143765903307888,13.94017175572519,36.94628498128837,-3.630239951421731,99.99653888584375,3
fold_3,hist_gradient_boosting,local_hour,6,7860,7.938527380860042,1.0,2.3931630271619126,4.577601735685984,0.9289215486986316,93.27954364145555,3
fold_3,latest_available,local_hour,6,7860,5.746946564885496,0.3559796437659033,9.707379134860052,31.956044875285283,-2.4639210982479955,112.66919575130233,3
fold_3,previous_day_24h,local_hour,7,7860,14.934605597964376,0.7295165394402036,5.529007633587787,15.490216891264705,0.8039165370890522,62.895918552309666,3
fold_3,previous_week_168h,local_hour,7,7860,14.59236641221374,0.7311704834605598,3.7910941475826974,8.295312757241767,0.9437669680390021,56.65279971832353,3
fold_3,zone_hour_average,local_hour,7,7860,14.480380340163384,0.9618320610687023,6.308675951966429,15.956796977729358,0.7919261947710585,82.33415161118661,3
fold_3,rolling_mean_24h,local_hour,7,7860,20.143675784563193,0.9143765903307888,11.620425148430874,29.700257656417342,0.27914750732895377,93.81384385615968,3
fold_3,hist_gradient_boosting,local_hour,7,7860,15.129039972035848,1.0,3.424241265656387,7.162458080057225,0.9580772119878979,84.40152269350376,3
fold_3,latest_available,local_hour,7,7860,3.9931297709923665,0.3702290076335878,15.270737913486006,39.787418574780446,-0.2936520956332793,123.85500026028882,3
fold_3,previous_day_24h,local_hour,8,7860,19.97519083969466,0.7321882951653944,6.948854961832061,19.558400835881177,0.8338060367562401,62.401786226685026,3
fold_3,previous_week_168h,local_hour,8,7860,19.717430025445292,0.733969465648855,4.564885496183206,10.777981513074849,0.9495311477311976,55.88187765439954,3
fold_3,zone_hour_average,local_hour,8,7860,19.102952993169946,0.9694656488549618,7.639022811481631,20.771275418866097,0.8125545562740393,81.8518674358266,3
fold_3,rolling_mean_24h,local_hour,8,7860,20.144343723494487,0.9142493638676845,11.318166878710771,29.407192201910384,0.6242874692880541,88.4946261855778,3
fold_3,hist_gradient_boosting,local_hour,8,7860,19.662412418440443,1.0,4.065621526336033,9.656469198785443,0.9594878512290698,83.3833554084927,3
fold_3,latest_available,local_hour,8,7860,3.323155216284987,0.49236641221374045,18.642875318066157,49.841939736962516,-0.07929069094929142,114.61191210120948,3
fold_3,previous_day_24h,local_hour,9,7860,21.031424936386767,0.7269720101781171,5.286259541984733,13.615961296787804,0.9221794999412914,57.31091934228313,3
fold_3,previous_week_168h,local_hour,9,7860,20.701908396946564,0.7264631043256997,4.088040712468193,9.237218664262501,0.9641837717187938,55.441343758307674,3
fold_3,zone_hour_average,local_hour,9,7860,19.981585643498057,0.9694656488549618,5.33236462657917,14.792332007983127,0.9081517909754441,77.39580650822974,3
fold_3,rolling_mean_24h,local_hour,9,7860,20.146177905004237,0.9145038167938931,8.77581106870229,23.373233820379916,0.7706836566370469,81.1960981492392,3
fold_3,hist_gradient_boosting,local_hour,9,7860,20.891804276250294,1.0,3.5811997921322547,7.85927735240468,0.9740723813079846,81.87255376896124,3
fold_3,latest_available,local_hour,9,7860,4.079134860050891,0.6036895674300254,17.571119592875316,47.04030403348113,0.07116699169188145,96.21270696564075,3
fold_3,previous_day_24h,local_hour,10,7860,21.0676844783715,0.7022900763358778,4.593384223918575,11.420585404976682,0.9473480050273266,59.6028406161831,3
fold_3,previous_week_168h,local_hour,10,7860,20.793256997455472,0.700381679389313,3.9400763358778628,9.45131491854797,0.9639402619386599,58.2529971587777,3
fold_3,zone_hour_average,local_hour,10,7860,20.39252711932503,0.9656488549618321,4.035002901656176,10.781267450805418,0.9530778677933884,79.80051769021196,3
fold_3,rolling_mean_24h,local_hour,10,7860,20.150010602205256,0.9138676844783715,7.089217557251907,19.354982191884034,0.8487749796755604,79.28739017034657,3
fold_3,hist_gradient_boosting,local_hour,10,7860,20.69783560581262,1.0,3.4481591947851515,8.238427571686543,0.9726015019950249,88.25851976502014,3
fold_3,latest_available,local_hour,10,7860,8.320737913486004,0.6912213740458015,14.642875318066158,40.3394360617643,0.34310229507971557,79.55679528293196,3
fold_3,previous_day_24h,local_hour,11,7860,22.94796437659033,0.7055979643765903,4.6970737913486005,11.688302366628802,0.9540905168753274,60.250179022191745,3
fold_3,previous_week_168h,local_hour,11,7860,22.433715012722647,0.7005089058524173,4.056361323155216,9.990141450883035,0.9664615643001918,58.66276090873668,3
fold_3,zone_hour_average,local_hour,11,7860,21.851714209187087,0.9694656488549618,3.9799272353912767,10.713514695240228,0.9614287719170085,80.59624022206272,3
fold_3,rolling_mean_24h,local_hour,11,7860,20.156955046649706,0.9139949109414758,6.889885496183206,19.439898058402033,0.8730047451885146,77.06516267638165,3
fold_3,hist_gradient_boosting,local_hour,11,7860,22.800257932738322,1.0,3.6761982105209,8.910957913663127,0.9733161609489801,87.84633918607302,3
fold_3,latest_available,local_hour,11,7860,15.101272264631044,0.7302798982188295,12.088549618320611,32.60201448684589,0.642818958269878,75.23648750002968,3
fold_3,previous_day_24h,local_hour,12,7860,24.895419847328245,0.7053435114503817,5.524045801526718,14.618050642276236,0.9388665520177247,59.259795411851016,3
fold_3,previous_week_168h,local_hour,12,7860,24.406361323155217,0.7013994910941476,4.704961832061069,12.56868660408294,0.9548061061059656,58.15866469634318,3
fold_3,zone_hour_average,local_hour,12,7860,23.590632114637742,0.9541984732824428,4.382386947011295,11.784321722714816,0.9602708614663897,77.95677575490201,3
fold_3,rolling_mean_24h,local_hour,12,7860,20.165383799830366,0.9145038167938931,7.746734520780323,22.771861437881093,0.8516467612511065,77.18043118398133,3
fold_3,hist_gradient_boosting,local_hour,12,7860,24.866092929231666,1.0,4.392173978537324,11.670598156489529,0.9610339666274197,88.15608339697636,3
fold_3,latest_available,local_hour,12,7860,20.177480916030536,0.73206106870229,11.448854961832062,31.321715674169845,0.7193331938161915,71.43068716279338,3
fold_3,previous_day_24h,local_hour,13,7860,25.702798982188295,0.7019083969465649,5.7,14.774849684721223,0.9412300793248458,61.19146652145423,3
fold_3,previous_week_168h,local_hour,13,7860,25.27480916030534,0.6978371501272265,4.802544529262087,12.223428886382823,0.9597750917104434,58.86690305989465,3
fold_3,zone_hour_average,local_hour,13,7860,24.55259809829918,0.9580152671755725,4.733436007321102,12.517565207943312,0.9578159097889376,79.49698851150191,3
fold_3,rolling_mean_24h,local_hour,13,7860,20.170091178965226,0.9148854961832061,7.844285411365565,22.831767026275607,0.8596578870910936,77.59048589280223,3
fold_3,hist_gradient_boosting,local_hour,13,7860,25.48242507518941,1.0,4.333381214508928,11.105354735699242,0.9667972669647071,88.68209523156398,3
fold_3,latest_available,local_hour,13,7860,21.14440203562341,0.7279898218829517,9.617175572519084,26.52110638660208,0.8106382591618075,66.1141853925603,3
fold_3,previous_day_24h,local_hour,14,7860,28.18944020356234,0.7086513994910941,6.257124681933842,17.003012006782768,0.9382429270105468,62.4606385699876,3
fold_3,previous_week_168h,local_hour,14,7860,27.535368956743003,0.7090330788804071,5.534351145038168,14.920228937659196,0.9524461202446961,60.41192659474357,3
fold_3,zone_hour_average,local_hour,14,7860,26.243705638141158,0.9656488549618321,5.451665104236418,15.63110054818007,0.947806779559434,79.7596243229497,3
fold_3,rolling_mean_24h,local_hour,14,7860,20.176123833757423,0.9145038167938931,9.785178117048346,29.725049832106325,0.8112529537782709,77.76434297560743,3
fold_3,hist_gradient_boosting,local_hour,14,7860,27.461546097819305,1.0,4.852185287007528,12.950023991947086,0.9641758308180534,88.27295988324599,3
fold_3,latest_available,local_hour,14,7860,21.212468193384225,0.7038167938931298,9.495674300254453,27.81059164479583,0.8347827315931425,65.43891535413582,3
fold_3,previous_day_24h,local_hour,15,7860,28.690712468193386,0.6904580152671755,6.2211195928753185,17.023535571636657,0.9432874698648734,62.15929982612135,3
fold_3,previous_week_168h,local_hour,15,7860,27.93473282442748,0.6914758269720102,5.2676844783715016,14.295224206514,0.9600090758463599,59.9254531575343,3
fold_3,zone_hour_average,local_hour,15,7860,27.840431230748624,0.9541984732824428,5.579813401187447,16.231004364113733,0.9484450598547292,80.61326936361097,3
fold_3,rolling_mean_24h,local_hour,15,7860,20.180168575063615,0.9136132315521629,10.536360262934691,32.94454717773124,0.7876038779701384,80.28619693281868,3
fold_3,hist_gradient_boosting,local_hour,15,7860,28.12784291321902,1.0,4.537419447652112,12.071622533259907,0.9714825432179331,90.45449106450658,3
fold_3,latest_available,local_hour,15,7860,23.04503816793893,0.7064885496183206,8.512849872773536,24.599527809448645,0.8815778232647935,64.24000063259984,3
fold_3,previous_day_24h,local_hour,16,7860,29.195165394402036,0.6797709923664123,6.87735368956743,19.73865506605741,0.926408605635191,62.915237411759676,3
fold_3,previous_week_168h,local_hour,16,7860,28.558778625954197,0.6767175572519084,5.4931297709923665,15.01956315455578,0.9573904920664216,60.74673129390216,3
fold_3,zone_hour_average,local_hour,16,7860,28.777186286326504,0.9541984732824428,5.961642337395651,16.878462284590892,0.9461906592361298,82.92167442184177,3
fold_3,rolling_mean_24h,local_hour,16,7860,20.182442748091603,0.9138676844783715,11.165330788804072,33.8840073645664,0.7831390024929821,82.27792318380388,3
fold_3,hist_gradient_boosting,local_hour,16,7860,29.836059135327545,1.0,4.969429046167728,13.28296490132797,0.9666740938991137,89.53576443682815,3
fold_3,latest_available,local_hour,16,7860,24.95,0.7053435114503817,8.367048346055979,24.568036600262904,0.8859926589202157,64.99931675097397,3
fold_3,previous_day_24h,local_hour,17,7860,32.484605597964375,0.6587786259541984,7.870483460559797,22.76839356535884,0.9198186466557904,63.09603467636926,3
fold_3,previous_week_168h,local_hour,17,7860,31.698346055979645,0.655852417302799,5.764631043256998,14.97793967289172,0.9653013357522363,60.9309293904772,3
fold_3,zone_hour_average,local_hour,17,7860,32.232523101647246,0.9541984732824428,7.308359001830276,21.14815852153677,0.9308242754328232,87.20057729862604,3
fold_3,rolling_mean_24h,local_hour,17,7860,20.185093299406272,0.9139949109414758,14.410050890585241,42.10626405430634,0.7257781718264724,86.75569852869432,3
fold_3,hist_gradient_boosting,local_hour,17,7860,32.93978060464402,1.0,5.088127222196558,13.206681847892993,0.9730228520358879,92.74245638621387,3
fold_3,latest_available,local_hour,17,7860,25.76641221374046,0.7015267175572519,10.480788804071247,29.137235605453984,0.8686877345661356,66.65065474790462,3
fold_3,previous_day_24h,local_hour,18,7860,32.79338422391857,0.6250636132315521,8.326335877862595,24.594779540820806,0.9091306937808804,64.13260782806645,3
fold_3,previous_week_168h,local_hour,18,7860,32.13053435114504,0.6243002544529263,5.760687022900763,16.312684928221657,0.9600255736349507,60.36300853060208,3
fold_3,zone_hour_average,local_hour,18,7860,34.27565358373303,0.9656488549618321,8.209346078497601,23.445146254218777,0.9174271571875215,97.11571007221531,3
fold_3,rolling_mean_24h,local_hour,18,7860,20.188194444444445,0.9142493638676845,14.894820822731127,43.30652506417901,0.7182668062858723,91.54364730514513,3
fold_3,hist_gradient_boosting,local_hour,18,7860,33.61151855704424,1.0,5.181280346381704,13.667969638387552,0.9719366601942583,97.52351885207528,3
fold_3,latest_available,local_hour,18,7860,28.26386768447837,0.7087786259541985,10.192239185750637,28.044904468845434,0.8818484906103351,69.81224605926563,3
fold_3,previous_day_24h,local_hour,19,7860,28.71005089058524,0.5810432569974555,8.160178117048346,24.573903181164606,0.8802141057587848,64.05776363709101,3
fold_3,previous_week_168h,local_hour,19,7860,28.294020356234096,0.5857506361323155,5.486895674300254,15.648016889368908,0.9514291161972073,58.384608885632446,3
fold_3,zone_hour_average,local_hour,19,7860,30.65763696547997,0.9656488549618321,7.655702672881624,21.3612764498531,0.9094868259421875,104.66897282490073,3
fold_3,rolling_mean_24h,local_hour,19,7860,20.19464058524173,0.9143765903307888,11.184430661577608,32.582840676177874,0.7894111935005452,96.12548386673947,3
fold_3,hist_gradient_boosting,local_hour,19,7860,29.232919103110852,1.0,5.027906150439633,13.94441030646364,0.9614292840808243,105.46155855579482,3
fold_3,latest_available,local_hour,19,7860,28.845419847328245,0.6914758269720102,8.931424936386769,25.53818425342397,0.8706288538814333,70.05891573812177,3
fold_3,previous_day_24h,local_hour,20,7860,27.5235368956743,0.565648854961832,8.224554707379134,25.872232061758922,0.8619892026269718,63.45071793278575,3
fold_3,previous_week_168h,local_hour,20,7860,26.75559796437659,0.565267175572519,5.428880407124682,15.928462050929086,0.9476890075723443,58.506599379879624,3
fold_3,zone_hour_average,local_hour,20,7860,28.14709856110248,0.9580152671755725,7.481981129951135,23.496058327824866,0.8861756202761296,103.97752976625047,3
fold_3,rolling_mean_24h,local_hour,20,7860,20.200874681933843,0.9143765903307888,10.666131255301101,33.002646974674,0.7754346135778012,98.74139220513541,3
fold_3,hist_gradient_boosting,local_hour,20,7860,27.454449696141648,1.0,4.990597213065897,14.107016249583616,0.9589686692683772,111.9027049082558,3
fold_3,latest_available,local_hour,20,7860,29.344783715012724,0.6778625954198473,9.536895674300254,27.961460208605978,0.838800027262083,72.05288996520744,3
fold_3,previous_day_24h,local_hour,21,7860,29.20737913486005,0.5631043256997456,9.620737913486005,30.67677051718234,0.8420163410818524,62.282038268515514,3
fold_3,previous_week_168h,local_hour,21,7860,28.362595419847327,0.5603053435114503,6.4189567430025445,20.148661867816763,0.9318469478171223,58.97545004268816,3
fold_3,zone_hour_average,local_hour,21,7860,28.527055326622982,0.9618320610687023,8.932553086086154,28.541594267263253,0.8632430680514602,106.37879206336123,3
fold_3,rolling_mean_24h,local_hour,21,7860,20.210692324003393,0.9145038167938931,13.226245759117896,42.3157541358988,0.6993944025908716,101.31877324543136,3
fold_3,hist_gradient_boosting,local_hour,21,7860,29.2159607739942,1.0,5.656999886192294,16.986499601466576,0.9515603853698226,112.81485966609303,3
fold_3,latest_available,local_hour,21,7860,32.72022900763359,0.6581424936386768,12.345038167938931,35.88207998600607,0.7838535471523723,72.41349937334019,3
fold_3,previous_day_24h,local_hour,22,7860,27.290839694656487,0.5725190839694656,10.611959287531807,34.62494063525468,0.7739430227275019,63.78352904655179,3
fold_3,previous_week_168h,local_hour,22,7860,26.915139949109413,0.5731552162849872,6.471374045801527,19.4307768516476,0.928809807108414,58.12033031977423,3
fold_3,zone_hour_average,local_hour,22,7860,25.80422887252584,0.9618320610687023,9.761093472043953,29.42284464633127,0.8367665504309988,106.12083010977258,3
fold_3,rolling_mean_24h,local_hour,22,7860,20.22169211195929,0.9147582697201018,13.305640373197626,41.022455419820865,0.6826904489311099,101.41337115100305,3
fold_3,hist_gradient_boosting,local_hour,22,7860,26.579535553574328,1.0,5.6854724227574165,16.80045016996198,0.9467791656350912,112.18483103851567,3
fold_3,latest_available,local_hour,22,7860,33.05737913486005,0.6248091603053435,14.507506361323156,42.63598361990305,0.6572382002295065,70.52768705221385,3
fold_3,previous_day_24h,local_hour,23,7860,20.771628498727736,0.5641221374045802,10.379643765903309,36.743841982897244,0.6109624312862645,67.78060880648141,3
fold_3,previous_week_168h,local_hour,23,7860,20.795165394402037,0.561704834605598,5.569847328244275,17.751590259551467,0.9091976803976111,59.69706676944383,3
fold_3,zone_hour_average,local_hour,23,7860,20.18611092346146,0.9541984732824428,10.044620459816704,30.646732975851727,0.7293607497127861,109.8981717093897,3
fold_3,rolling_mean_24h,local_hour,23,7860,20.227465012722647,0.9145038167938931,12.375270356234097,37.562447453481724,0.5934348241450157,105.54125772132214,3
fold_3,hist_gradient_boosting,local_hour,23,7860,20.082294283344645,1.0,5.032910997030881,15.109246001384733,0.934217860035433,115.2099996581192,3
fold_3,latest_available,local_hour,23,7860,28.848600508905854,0.5800254452926209,15.13854961832061,44.8311832018446,0.42086099564089785,71.96051184251512,3
fold_3,previous_day_24h,weekend,0,138336,19.533837901919963,0.6063786722183668,5.507489012260004,19.65715239834476,0.883838469345398,60.32857911565257,3
fold_3,previous_week_168h,weekend,0,138336,19.772004395095998,0.6137014226231784,4.05568326393708,12.133798774191641,0.9557396653338905,56.685290027828955,3
fold_3,zone_hour_average,weekend,0,138336,19.94397934601141,0.958969465648855,5.329988298040968,16.760640869127545,0.9155494742224028,98.06473882633338,3
fold_3,rolling_mean_24h,weekend,0,138336,19.381557403712698,0.9134643187601202,12.042653695832369,35.25051990642753,0.626447050221863,100.07004936635545,3
fold_3,hist_gradient_boosting,weekend,0,138336,20.192541374585254,0.9999493985658108,3.6493941275839807,10.27419904482454,0.9682665663149832,103.86036422162607,3
fold_3,latest_available,weekend,0,138336,19.673801468887348,0.6122918112421929,12.860874971084895,39.771637703591274,0.5244807903803126,82.61439992138551,3
fold_3,previous_day_24h,weekend,1,50304,21.807212150127228,0.6185591603053435,8.590648854961833,28.899956031997686,0.7440060804111776,66.27750987873945,3
fold_3,previous_week_168h,weekend,1,50304,19.999224713740457,0.6026359732824428,4.9923862913486,15.17495705838796,0.9294186066494814,59.35560712143204,3
fold_3,zone_hour_average,weekend,1,50304,19.94397934601141,0.958969465648855,8.44545937360418,27.730174883041858,0.7643103546221262,103.23180031793683,3
fold_3,rolling_mean_24h,weekend,1,50304,22.312831318914334,0.9169449745547074,13.279091457273113,38.59064932865785,0.5435434345493153,102.1569228009619,3
fold_3,hist_gradient_boosting,weekend,1,50304,20.124499677517708,1.0,4.708840467504593,13.450943175923536,0.9445449933201723,106.40725622074301,3
fold_3,latest_available,weekend,1,50304,21.750039758269722,0.6026558524173028,14.473600508905852,44.338794677149174,0.3974361797560729,78.7746321786349,3
fold_3,previous_day_24h,rush_hour,0,154056,18.942423534299216,0.5900062315002337,6.349587163109518,23.40385035313028,0.8181583951301841,62.322889953318864,3
fold_3,previous_week_168h,rush_hour,0,154056,18.317384587422755,0.5878966090252895,4.139397361998235,13.034981405828649,0.9435921609343135,57.43284108014962,3
fold_3,zone_hour_average,rush_hour,0,154056,18.85197096302785,0.958184036973568,6.158851844396063,20.810763372800277,0.8562212667778379,103.8888150632411,3
fold_3,rolling_mean_24h,rush_hour,0,154056,20.368983248515693,0.9147323051357947,12.486044576863826,36.54821546983403,0.5565435419730607,104.28854475631232,3
fold_3,hist_gradient_boosting,rush_hour,0,154056,18.589676806629583,0.9999545619774627,3.84728060387274,11.360147281915157,0.9571563409514497,109.14133894276921,3
fold_3,latest_available,rush_hour,0,154056,21.605526561769747,0.6113945578231292,13.000863322428208,41.10706567954299,0.43901456663442406,79.12479400221186,3
fold_3,previous_day_24h,rush_hour,1,34584,25.4750462641684,0.6970275271801989,6.240920656951191,17.903298731862346,0.929938092477879,60.09782103962908,3
fold_3,previous_week_168h,rush_hour,1,34584,26.582176729123294,0.7125549386999769,5.045252139717789,12.922573884455584,0.9634982329990411,57.23938747636867,3
fold_3,zone_hour_average,rush_hour,1,34584,24.80838032475636,0.962468193384224,6.169372246914762,17.690612487623827,0.9315928370144115,79.63685230425853,3
fold_3,rolling_mean_24h,rush_hour,1,34584,19.246695244429024,0.9128787878787878,11.866003787878787,34.44276354120532,0.7406944447555366,84.3140221705206,3
fold_3,hist_gradient_boosting,rush_hour,1,34584,27.233604708834978,1.0,4.308912682182216,10.513432510300184,0.9758395564492609,84.04059246252221,3
fold_3,latest_available,rush_hour,1,34584,14.08882720333102,0.6022727272727273,14.583073097386075,40.73592016876873,0.6372805013541438,92.57389139006727,3
fold_3,previous_day_24h,zone_cohort,dense,123120,30.67487004548408,0.8179256010396361,9.47496751137102,27.83502434428455,0.8367595015908594,68.09385064414032,3
fold_3,previous_week_168h,zone_cohort,dense,123120,30.20546621182586,0.8198099415204678,6.381083495776478,16.092151831010877,0.9454401780710326,61.956687376076275,3
fold_3,zone_hour_average,zone_cohort,dense,123120,30.358479925868682,1.0,9.233636074801085,25.089259284338457,0.8673765318674977,73.16902534959664,3
fold_3,rolling_mean_24h,zone_cohort,dense,123120,30.710252869828892,1.0,18.726938488195795,44.76858183444817,0.5777288845504691,86.5839671095054,3
fold_3,hist_gradient_boosting,zone_cohort,dense,123120,30.637097455787078,0.9999512670565303,5.749180188466636,13.86164239735883,0.9595168700469237,68.85544107445223,3
fold_3,latest_available,zone_cohort,dense,123120,30.808398310591294,0.8181042884990254,20.108950617283952,50.791192227858026,0.45647250844039555,95.06330504168405,3
fold_3,previous_day_24h,zone_cohort,sparse,65520,0.3439102564102564,0.2182081807081807,0.41926129426129427,1.0758759954145076,-0.3704714806667406,50.30407945934778,3
fold_3,previous_week_168h,zone_cohort,sparse,65520,0.34072039072039073,0.2179029304029304,0.40514346764346765,1.0204188251666955,-0.23282800402857395,48.82987472807924,3
fold_3,zone_hour_average,zone_cohort,sparse,65520,0.37387386078510326,0.8818681318681318,0.38651367518422464,0.8068661294579089,0.2291878760970959,148.81388572086095,3
fold_3,rolling_mean_24h,zone_cohort,sparse,65520,0.3441004019129019,0.753525641025641,0.4313689204314204,0.8782797908992064,0.08670443984369336,127.01425768011951,3
fold_3,hist_gradient_boosting,zone_cohort,sparse,65520,0.5137178970691665,0.9999847374847375,0.5170487195786985,0.8480394603288051,0.1485136529673985,171.59426216124186,3
fold_3,latest_available,zone_cohort,sparse,65520,0.3446123321123321,0.21814713064713065,0.4790598290598291,1.1939765389571002,-0.6878628452030096,56.273360926536874,3
fold_3,previous_day_24h,target_cohort,positive,115045,32.72721978356295,0.8443304793776348,10.082211308618367,28.765766773807666,0.8343518596656307,70.4666711068106,3
fold_3,previous_week_168h,target_cohort,positive,115045,32.27037246294928,0.8503107479681864,6.810448085531749,16.641382649824866,0.9445612450469915,63.88665949781618,3
fold_3,zone_hour_average,target_cohort,positive,115045,32.315436923285475,0.9997218479725325,9.71504043231227,25.94030619080394,0.8652946481070606,48.51541738861443,3
fold_3,rolling_mean_24h,target_cohort,positive,115045,32.35418749185102,0.9978530140379851,19.579466006055604,46.06943162103966,0.5751257968679445,64.70157063517524,3
fold_3,hist_gradient_boosting,target_cohort,positive,115045,32.6593254251537,0.9999478464948498,6.026424052111255,14.325447700774934,0.9589180488714971,43.474622642367095,3
fold_3,latest_available,target_cohort,positive,115045,32.5944891129558,0.805797731322526,21.220618019036028,52.295677957004685,0.4525225324205383,94.99087074309038,3
fold_3,previous_day_24h,target_cohort,zero,73595,0.46361845234051224,0.242733881377811,0.46361845234051224,1.9210591095675875,,48.5467762755622,3
fold_3,previous_week_168h,target_cohort,zero,73595,0.3896460357361234,0.23626605068279094,0.3896460357361234,1.111942227527364,,47.25321013655819,3
fold_3,zone_hour_average,target_cohort,zero,73595,0.6046990011850677,0.8952646239554317,0.6046990011850677,1.3259751604970929,,179.05292479108635,3
fold_3,rolling_mean_24h,target_cohort,zero,73595,1.1061117150168716,0.7839255384197296,1.1061117150168716,5.989536270468926,,156.7851076839459,3
fold_3,hist_gradient_boosting,target_cohort,zero,73595,0.657736827714778,0.9999864121203886,0.657736827714778,1.1341902412012514,,199.99728242407772,3
fold_3,latest_available,target_cohort,zero,73595,0.8951151572797065,0.30321353352809294,0.8951151572797065,6.471523536983726,,60.642706705618586,3
fold_1,previous_day_24h,borough,Bronx,28896,1.1995431893687707,0.5133236434108527,1.0574127906976745,1.7195882255817079,0.0517391788313355,81.13008343758811,6
fold_1,previous_week_168h,borough,Bronx,28896,1.2190268549280177,0.5166112956810631,1.0474114064230344,1.709000018467795,0.06338088520860663,80.23373502230694,6
fold_1,zone_hour_average,borough,Bronx,28896,1.1981328139273875,0.9718992248062015,0.8841837766740869,1.3314959120753829,0.43146323142663945,120.25978483450722,6
fold_1,rolling_mean_24h,borough,Bronx,28896,1.1996772909745292,0.9553225359911407,1.0702130052602437,1.5853318518068378,0.19402930229258997,118.91560386493093,6
fold_1,hist_gradient_boosting,borough,Bronx,28896,1.3000793347903192,1.0,0.9622778003246705,1.3730443941631074,0.39542798451138994,124.89437193231056,6
fold_1,latest_available,borough,Bronx,28896,1.2015849944629013,0.5143964562569213,1.4375,2.273182527644164,-0.6570953569386191,102.17664091834656,6
fold_1,previous_day_24h,borough,Brooklyn,40992,3.6573965651834506,0.7080893832943014,2.4449404761904763,4.691193249714518,0.2690778990816869,79.72621097110043,6
fold_1,previous_week_168h,borough,Brooklyn,40992,3.74756049960968,0.7154810694769711,2.2249951209992194,3.7886732099307734,0.5232631303021469,76.93874315090795,6
fold_1,zone_hour_average,borough,Brooklyn,40992,3.46665286747254,0.9897540983606558,2.132247238189861,3.92280430129984,0.4889095899026574,95.40592784994287,6
fold_1,rolling_mean_24h,borough,Brooklyn,40992,3.65770658502472,0.9858996877439501,2.6718882139604476,4.593475750850404,0.2992109575717321,99.79505774529449,6
fold_1,hist_gradient_boosting,borough,Brooklyn,40992,3.747757196844383,1.0,1.984987367033481,3.292908230168244,0.6398663509213673,94.7761828030625,6
fold_1,latest_available,borough,Brooklyn,40992,3.649882903981265,0.7076502732240437,3.682499024199844,6.428924062233923,-0.37271708295448125,106.90816667337414,6
fold_1,previous_day_24h,borough,Manhattan,46368,62.90221704623878,0.8773076259489303,20.339415113871635,44.70428823746661,0.7347871589715516,47.619628646966085,6
fold_1,previous_week_168h,borough,Manhattan,46368,63.83531746031746,0.8800897170462388,15.174861973775018,30.153142450745236,0.8793405510845854,40.70826378404754,6
fold_1,zone_hour_average,borough,Manhattan,46368,65.39476955545796,0.9577294685990339,21.36867321710317,42.20705074107084,0.7635898102768701,55.970168662605836,6
fold_1,rolling_mean_24h,borough,Manhattan,46368,62.888515966471125,0.9553355762594893,39.123058107602944,66.16723936764477,0.41899187019905715,76.41074988700674,6
fold_1,hist_gradient_boosting,borough,Manhattan,46368,64.28363219948977,0.9998706004140787,13.915953290169181,26.72264786254857,0.9052334312598824,55.582046456196515,6
fold_1,latest_available,borough,Manhattan,46368,62.76143029675638,0.8771997929606625,58.99538474810214,99.55062527555326,-0.31517687180881104,95.55205544730897,6
fold_1,previous_day_24h,borough,Queens,46368,6.4644151138716355,0.5598257418909592,2.9990726363008973,13.561127519739104,0.8209172054671309,77.66159897621505,6
fold_1,previous_week_168h,borough,Queens,46368,6.6125992063492065,0.568301414768806,3.049646307798482,15.33261880592794,0.7710740947178158,76.08853488888728,6
fold_1,zone_hour_average,borough,Queens,46368,6.963032905544984,0.9752415458937198,2.574756275662073,11.630206031423326,0.8682844407989203,115.72869494522071,6
fold_1,rolling_mean_24h,borough,Queens,46368,6.464029610938578,0.9602527605244997,4.2141985492868645,19.205592444064038,0.640815422888078,116.07884862662021,6
fold_1,hist_gradient_boosting,borough,Queens,46368,6.649161378807497,0.9998921670117322,2.6313282699440834,12.19060594142339,0.855285233152571,118.63961054761167,6
fold_1,latest_available,borough,Queens,46368,6.464328847481021,0.5596100759144237,5.83658988957902,27.3774943243468,0.27012303346235333,94.313557383948,6
fold_1,previous_day_24h,borough,Staten Island,13440,0.03184523809523809,0.029389880952380952,0.056026785714285716,0.25631895123440396,-0.7827346254325762,10.287698412698415,6
fold_1,previous_week_168h,borough,Staten Island,13440,0.03563988095238095,0.03184523809523809,0.05892857142857143,0.26753949419175654,-0.9422318342764873,10.610119047619047,6
fold_1,zone_hour_average,borough,Staten Island,13440,0.03245510662177328,0.5333333333333333,0.057190606461439794,0.1873655459430448,0.04741282410878622,106.36708949269287,6
fold_1,rolling_mean_24h,borough,Staten Island,13440,0.03191034226190476,0.38839285714285715,0.05951450892857143,0.19195039440017725,0.00022267558510669083,78.62931581486777,6
fold_1,hist_gradient_boosting,borough,Staten Island,13440,0.2858179979195761,1.0,0.2953816880495812,0.3382025334331362,-2.1036945806191274,197.05003588385304,6
fold_1,latest_available,borough,Staten Island,13440,0.03169642857142857,0.02931547619047619,0.05900297619047619,0.2643219087184629,-0.8957959380307916,10.86061507936508,6
fold_1,previous_day_24h,local_hour,0,7336,13.745501635768811,0.5344874591057798,8.895992366412214,37.38052395872176,0.3865732659922413,69.88355691548028,6
fold_1,previous_week_168h,local_hour,0,7336,14.004907306434024,0.5505725190839694,4.491003271537623,15.655184040759615,0.8924059426074291,62.36207104597269,6
fold_1,zone_hour_average,local_hour,0,7336,14.979643765903306,0.9312977099236641,10.1153671392221,33.72386811474537,0.500717097153561,116.88460730463215,6
fold_1,rolling_mean_24h,local_hour,0,7336,19.34652739912759,0.9206652126499455,13.639557206470373,41.763815438935815,0.2342759884593998,116.52360031720086,6
fold_1,hist_gradient_boosting,local_hour,0,7336,14.73303483674562,1.0,4.604067499530517,14.23390616642152,0.9110552892378887,119.79386232702538,6
fold_1,latest_available,local_hour,0,7336,31.917529989094874,0.6982006543075245,24.389994547437297,69.76698930844492,-1.1368394562352284,94.38838591900705,6
fold_1,previous_day_24h,local_hour,1,7336,9.18784078516903,0.4326608505997819,7.185932388222464,37.127154112846895,0.23980895904738142,62.85120064768357,6
fold_1,previous_week_168h,local_hour,1,7336,9.221237731733915,0.43784078516902947,3.0396673936750274,11.328620831569674,0.9292227787626073,54.87571339855782,6
fold_1,zone_hour_average,local_hour,1,7336,9.920836867401752,0.9274809160305344,8.539071650712872,33.179883357577744,0.39285959585140906,134.69567221315546,6
fold_1,rolling_mean_24h,local_hour,1,7336,19.34396015085423,0.920937840785169,16.088269038531443,46.531115985867636,-0.19406058466050924,139.7733146839657,6
fold_1,hist_gradient_boosting,local_hour,1,7336,10.272596574148203,0.9998636859323882,3.5461326064852803,11.29603052609439,0.9296294184400667,137.24204566423754,6
fold_1,latest_available,local_hour,1,7336,35.08110687022901,0.7006543075245365,30.173255179934568,81.30530413765163,-2.6456685597871834,110.63339020862186,6
fold_1,previous_day_24h,local_hour,2,7336,6.273718647764449,0.38208833151581245,5.328516902944384,28.95497670725665,0.20253095475631433,58.592545164042974,6
fold_1,previous_week_168h,local_hour,2,7336,6.218375136314068,0.3914940021810251,2.0828789531079606,7.174108298600156,0.9510443015119636,51.476186894053825,6
fold_1,zone_hour_average,local_hour,2,7336,6.649561775515974,0.9198473282442748,6.316041641423322,25.788261296653562,0.3674257364249509,139.95222843792996,6
fold_1,rolling_mean_24h,local_hour,2,7336,19.339302753544168,0.9214830970556162,16.83176004180298,44.873908532833774,-0.9153810718494406,150.00773145019832,6
fold_1,hist_gradient_boosting,local_hour,2,7336,7.032434637454895,0.9997273718647764,2.613072815367317,7.905294731790153,0.9405566157066862,144.77213947617423,6
fold_1,latest_available,local_hour,2,7336,30.72396401308615,0.6653489640130862,26.977508178844058,71.9828100693101,-3.9286160603643436,110.67515469463206,6
fold_1,previous_day_24h,local_hour,3,7336,4.503544165757906,0.4048527808069793,4.091057797164668,20.27679239193324,0.16807995803204756,67.01935371449335,6
fold_1,previous_week_168h,local_hour,3,7336,4.386723009814613,0.41098691384950925,1.762131952017448,6.482959375799457,0.9149587415423976,58.494300100255515,6
fold_1,zone_hour_average,local_hour,3,7336,4.638394119310149,0.9427480916030534,4.580854436770467,17.76792742502273,0.36121218807436184,141.12073133074276,6
fold_1,rolling_mean_24h,local_hour,3,7336,19.33480438931298,0.9213467829880043,16.777029943656853,42.8507390983577,-2.715349828943315,147.6932759880753,6
fold_1,hist_gradient_boosting,local_hour,3,7336,5.100123969656263,0.9997273718647764,2.325143084904733,6.993464207779075,0.9010381532863295,142.83718075101217,6
fold_1,latest_available,local_hour,3,7336,27.587922573609596,0.6229552889858233,24.449972737186478,69.44101570355313,-8.756975334780384,104.92735032366262,6
fold_1,previous_day_24h,local_hour,4,7336,3.8035714285714284,0.5231733914940022,3.033124318429662,10.415305981649553,0.24229214985069658,70.83857884337321,6
fold_1,previous_week_168h,local_hour,4,7336,3.5826063249727373,0.5174482006543075,1.920937840785169,5.189011962524194,0.8119267349867346,65.77411902453221,6
fold_1,zone_hour_average,local_hour,4,7336,3.7308453491659597,0.916030534351145,2.9176057191324367,9.020073727002119,0.43169968733794095,113.0859543549881,6
fold_1,rolling_mean_24h,local_hour,4,7336,19.328778171573973,0.9210741548527808,16.245933296982916,41.56603895882933,-11.06799164903784,129.48503943918044,6
fold_1,hist_gradient_boosting,local_hour,4,7336,4.099836901922022,0.9997273718647764,2.066321546767496,4.996523436308203,0.8256212428630967,124.0030975951024,6
fold_1,latest_available,local_hour,4,7336,28.078789531079607,0.6083696837513631,25.119411123227916,72.03712654508375,-35.24686769342226,99.39991317895245,6
fold_1,previous_day_24h,local_hour,5,7336,4.2534078516902945,0.6164122137404581,2.3996728462377317,5.348666503875873,0.6288702757361209,72.81383282834315,6
fold_1,previous_week_168h,local_hour,5,7336,4.290757906215921,0.6252726281352236,2.0916030534351147,4.634956788092087,0.7213069886856681,69.46609085347899,6
fold_1,zone_hour_average,local_hour,5,7336,4.144048628781453,0.9351145038167938,1.942657215557979,4.208577092572461,0.7702236782186719,94.48337501182264,6
fold_1,rolling_mean_24h,local_hour,5,7336,19.321576245001815,0.9208015267175572,15.734903217011993,40.31051985744855,-20.080043225366154,114.6642832777692,6
fold_1,hist_gradient_boosting,local_hour,5,7336,4.582512220841643,0.9998636859323882,1.9896479110697518,4.201617616902807,0.7709829849859233,109.51603528537431,6
fold_1,latest_available,local_hour,5,7336,25.287077426390404,0.6094601962922573,22.231052344601963,64.23397181572656,-52.525933814218824,101.3063968123422,6
fold_1,previous_day_24h,local_hour,6,7336,8.347464558342422,0.7026990185387132,3.7587241003271536,8.873013624145063,0.7423833959216051,67.09832920161234,6
fold_1,previous_week_168h,local_hour,6,7336,8.45474372955289,0.7140130861504908,3.1669847328244276,7.335482030474283,0.8239285789382927,61.439269950219064,6
fold_1,zone_hour_average,local_hour,6,7336,8.026925746009715,0.9580152671755725,3.4740036680876374,7.758846704370845,0.8030182928122556,86.7902578384919,6
fold_1,rolling_mean_24h,local_hour,6,7336,19.319145310796074,0.920392584514722,13.245512995274447,34.541381170553294,-2.904010282335739,99.8604973737699,6
fold_1,hist_gradient_boosting,local_hour,6,7336,8.388462841435425,0.9998636859323882,2.9345487284252463,6.546519439593955,0.8597662725102397,96.16113170619758,6
fold_1,latest_available,local_hour,6,7336,19.289258451472193,0.6120501635768811,15.75068157033806,49.28718309729521,-6.948763026291854,95.19061661083003,6
fold_1,previous_day_24h,local_hour,7,7336,14.383724100327154,0.7287350054525628,6.449291166848419,17.963468624304095,0.7043054950389895,68.59656769904157,6
fold_1,previous_week_168h,local_hour,7,7336,14.597055616139585,0.7407306434023991,5.20324427480916,12.994887217058812,0.845258114773898,64.35908019566308,6
fold_1,zone_hour_average,local_hour,7,7336,14.046564885496181,0.9541984732824428,7.073557549320909,16.9628049496447,0.7363315349462866,86.0678957383425,6
fold_1,rolling_mean_24h,local_hour,7,7336,19.318003680479826,0.9198473282442748,11.665604552889858,29.24220410311812,0.21642050538643398,96.11428948773676,6
fold_1,hist_gradient_boosting,local_hour,7,7336,15.085426246648693,0.9998636859323882,4.753277706456686,11.323862528549816,0.8824961676604667,88.93637034473237,6
fold_1,latest_available,local_hour,7,7336,13.718102508178845,0.5338058887677208,16.632906215921484,51.15050786398635,-1.3975228477736228,105.48860935555912,6
fold_1,previous_day_24h,local_hour,8,7336,18.7904852780807,0.7435932388222465,7.440839694656488,20.556462658585158,0.7720898342476827,66.77139716783087,6
fold_1,previous_week_168h,local_hour,8,7336,19.020992366412212,0.7547709923664122,5.958969465648855,15.312293441065577,0.8735416776179549,62.22395652006175,6
fold_1,zone_hour_average,local_hour,8,7336,18.53435114503817,0.950381679389313,7.966905422821454,20.121834489693548,0.781625424131829,80.60477530239879,6
fold_1,rolling_mean_24h,local_hour,8,7336,19.316731415848786,0.9199836423118866,11.372790576154127,28.202758323158527,0.5710071031545151,91.11969663683495,6
fold_1,hist_gradient_boosting,local_hour,8,7336,19.259725745259086,0.9998636859323882,5.356923773481286,13.146499874272514,0.906784697594047,85.79265826605648,6
fold_1,latest_available,local_hour,8,7336,9.157306434023992,0.4323882224645583,19.320747001090513,56.81660768117845,-0.7410752005703194,117.8237490982945,6
fold_1,previous_day_24h,local_hour,9,7336,19.18879498364231,0.7141494002181025,6.242230098146129,17.082769670905996,0.8522117792162823,63.4378846482152,6
fold_1,previous_week_168h,local_hour,9,7336,19.582197382769902,0.7300981461286805,5.544302071973828,14.571538825036733,0.8924689006805503,61.87518112627693,6
fold_1,zone_hour_average,local_hour,9,7336,20.00673143650243,0.9465648854961832,6.087355011400813,16.82415610397988,0.8566525971691563,78.98079503321603,6
fold_1,rolling_mean_24h,local_hour,9,7336,19.315958969465644,0.9198473282442748,9.08847350963286,23.834659920846867,0.7122991337590219,84.47744400560414,6
fold_1,hist_gradient_boosting,local_hour,9,7336,20.00456369734388,1.0,5.074342390161524,13.063391402814018,0.913575847635914,88.20285271111825,6
fold_1,latest_available,local_hour,9,7336,6.255179934569248,0.3814067611777535,18.989094874591057,52.59839406100879,-0.40109705115648353,117.28428235209532,6
fold_1,previous_day_24h,local_hour,10,7336,19.222737186477644,0.6811613958560524,5.184432933478735,14.852340286824766,0.8923962859263272,65.0219021722844,6
fold_1,previous_week_168h,local_hour,10,7336,19.585741548527807,0.6947928026172301,5.290076335877862,14.99714622071612,0.8902878485650565,64.82036336957707,6
fold_1,zone_hour_average,local_hour,10,7336,20.97418459403192,0.9389312977099237,4.786574303559037,14.308394796034722,0.9001336196357091,80.66068637411932,6
fold_1,rolling_mean_24h,local_hour,10,7336,19.316833651399488,0.9201199563794984,7.325353280625228,19.94350926400681,0.8059826187382845,84.13663350268187,6
fold_1,hist_gradient_boosting,local_hour,10,7336,19.285299882201826,1.0,4.663821236890692,13.392871386491086,0.9125046693993756,94.69276122895894,6
fold_1,latest_available,local_hour,10,7336,4.52453653217012,0.4068974918211559,17.979689203925844,48.65765587719437,-0.15488793712501248,112.06841024945594,6
fold_1,previous_day_24h,local_hour,11,7336,20.589558342420936,0.6815703380588877,5.495229007633588,15.871970211225872,0.8964135544800286,63.22224690827868,6
fold_1,previous_week_168h,local_hour,11,7336,20.891221374045802,0.6898854961832062,5.646401308615049,16.75496150414714,0.8845674950657397,63.34257940154367,6
fold_1,zone_hour_average,local_hour,11,7336,22.599514226231786,0.950381679389313,4.993769207891345,15.0336247493409,0.9070672769149843,83.34030525723642,6
fold_1,rolling_mean_24h,local_hour,11,7336,19.318304707379138,0.9199836423118866,6.931740730643403,19.89260728144972,0.837286094499865,81.75593945705687,6
fold_1,hist_gradient_boosting,local_hour,11,7336,20.388884370183995,1.0,4.911134175743535,14.836626423353328,0.9094868718218746,94.010609002688,6
fold_1,latest_available,local_hour,11,7336,3.838876772082879,0.527535441657579,18.042529989094874,49.62832138540715,-0.012745736204622604,101.379448128656,6
fold_1,previous_day_24h,local_hour,12,7336,22.110687022900763,0.6793893129770993,5.84201199563795,16.531903824324246,0.9023637407188017,64.1413750672013,6
fold_1,previous_week_168h,local_hour,12,7336,22.337786259541986,0.6842966194111232,5.9276172300981465,17.672999849038707,0.8884201073179336,63.039475086423174,6
fold_1,zone_hour_average,local_hour,12,7336,24.484038861901457,0.9465648854961832,5.4767596906909874,16.000601543517337,0.9085385647015893,83.02480503722691,6
fold_1,rolling_mean_24h,local_hour,12,7336,19.319292984369323,0.9201199563794984,7.312659033078881,21.001559856878696,0.842431827953197,82.0193348040704,6
fold_1,hist_gradient_boosting,local_hour,12,7336,21.762168468383646,1.0,5.093466040612478,15.62881797197828,0.9127395078916343,94.6352693699025,6
fold_1,latest_available,local_hour,12,7336,4.277126499454743,0.6185932388222465,18.51690294438386,51.186803736628086,0.06398800282068229,92.41105591306102,6
fold_1,previous_day_24h,local_hour,13,7336,23.238276990185387,0.690567066521265,6.215648854961832,17.50668979470868,0.8995708448124465,64.5850184164464,6
fold_1,previous_week_168h,local_hour,13,7336,23.419847328244273,0.695474372955289,6.244002181025082,18.814032791510797,0.8840113403549767,62.49705610467169,6
fold_1,zone_hour_average,local_hour,13,7336,25.545523941707145,0.9427480916030534,5.843407356002777,16.778322734761936,0.9077537278921164,81.72020424835284,6
fold_1,rolling_mean_24h,local_hour,13,7336,19.319486095965104,0.9206652126499455,7.376079153035261,21.416792803218193,0.8496994372160765,80.09622887020026,6
fold_1,hist_gradient_boosting,local_hour,13,7336,23.000642219588002,1.0,5.300653793466169,16.226401515205026,0.9137227740429713,93.20613402873748,6
fold_1,latest_available,local_hour,13,7336,8.352099236641221,0.7001090512540894,16.87418211559433,46.785554246481794,0.28274217656560685,83.56910533949129,6
fold_1,previous_day_24h,local_hour,14,7336,24.62718102508179,0.6983369683751364,6.329607415485278,18.849335195054728,0.9005836565098446,63.9095470944191,6
fold_1,previous_week_168h,local_hour,14,7336,24.858914940021812,0.7071973827699018,6.432115594329335,19.71341150686056,0.8912600106373525,64.19635124844862,6
fold_1,zone_hour_average,local_hour,14,7336,27.203053435114505,0.9541984732824428,6.1683131753742435,18.339997232316957,0.9058838306677269,81.72259903481586,6
fold_1,rolling_mean_24h,local_hour,14,7336,19.318861323155215,0.920392584514722,8.527353689567429,26.079006400047223,0.8096960543903393,79.38680867536334,6
fold_1,hist_gradient_boosting,local_hour,14,7336,24.67351293305753,1.0,5.482686133721793,16.753902870582003,0.9214587701425087,91.00206860531065,6
fold_1,latest_available,local_hour,14,7336,14.368729552889858,0.7283260632497274,14.375408942202835,39.82866796306531,0.5561284856216513,81.2467299679071,6
fold_1,previous_day_24h,local_hour,15,7336,26.106052344601963,0.6928844056706652,6.710468920392585,20.16713831533567,0.9010064040964713,62.97194050643135,6
fold_1,previous_week_168h,local_hour,15,7336,26.54293893129771,0.70092693565976,6.815294438386042,20.86922136108826,0.8939938558922977,62.471722141731846,6
fold_1,zone_hour_average,local_hour,15,7336,29.081818181818182,0.9351145038167938,6.890358877763458,20.781676849680668,0.8948813630025052,79.4688835787232,6
fold_1,rolling_mean_24h,local_hour,15,7336,19.31711195928753,0.920392584514722,9.607790348964013,30.272861933906462,0.7769380437002569,80.47294317287843,6
fold_1,hist_gradient_boosting,local_hour,15,7336,26.51711251414494,1.0,5.748322410208591,17.028864463722076,0.9294186559730012,92.55079749926735,6
fold_1,latest_available,local_hour,15,7336,18.74850054525627,0.7425027262813523,12.743320610687023,35.01472077091595,0.701585527952247,77.05202750239911,6
fold_1,previous_day_24h,local_hour,16,7336,27.32129225736096,0.6922028353326063,7.193429661941113,21.01281285913428,0.898020487259823,62.59794267882649,6
fold_1,previous_week_168h,local_hour,16,7336,27.716057797164666,0.6961559432933478,7.1473555070883314,21.54034597928516,0.892835758001751,64.37876955293986,6
fold_1,zone_hour_average,local_hour,16,7336,29.86655100624567,0.9351145038167938,6.975696440963617,20.77394099052641,0.900325897346302,79.49348491529173,6
fold_1,rolling_mean_24h,local_hour,16,7336,19.3138574609233,0.9202562704471101,10.443776126862959,31.023995985763648,0.7776997156250225,80.75787598812055,6
fold_1,hist_gradient_boosting,local_hour,16,7336,28.397519074513824,1.0,6.462117600625592,18.69044877013147,0.9193166344645007,89.86684269257604,6
fold_1,latest_available,local_hour,16,7336,19.110687022900763,0.7134678298800436,12.109051254089422,34.27777591214309,0.7286250116807493,73.0789528101574,6
fold_1,previous_day_24h,local_hour,17,7336,31.917529989094874,0.6982006543075245,8.445610687022901,24.658786516243115,0.8939480673861753,62.66364057246253,6
fold_1,previous_week_168h,local_hour,17,7336,32.39013086150491,0.6938386041439476,8.632769901853871,24.813788512179148,0.8926106191198638,65.2034301141214,6
fold_1,zone_hour_average,local_hour,17,7336,32.36884108258154,0.9351145038167938,8.137097253891147,23.886926739708432,0.900483351631027,78.89949746644308,6
fold_1,rolling_mean_24h,local_hour,17,7336,19.30970556161396,0.9198473282442748,14.326426753907668,40.719142392165615,0.7108172184143746,83.60181417657385,6
fold_1,hist_gradient_boosting,local_hour,17,7336,32.58921978407267,1.0,7.339189743350564,20.451928921723372,0.9270469026748338,89.2042669042467,6
fold_1,latest_available,local_hour,17,7336,19.123091603053435,0.6812977099236641,14.414803707742639,39.198292490018524,0.7320156180740582,75.6334436728964,6
fold_1,previous_day_24h,local_hour,18,7336,35.08110687022901,0.7006543075245365,9.543484187568158,27.665352491200565,0.8851845353743386,62.81422687040789,6
fold_1,previous_week_168h,local_hour,18,7336,35.42052889858233,0.6946564885496184,8.74850054525627,23.988589503978833,0.9136748389717583,62.7736385815776,6
fold_1,zone_hour_average,local_hour,18,7336,33.682075204975966,0.9389312977099237,9.414733026374247,26.960482873948973,0.8909606373783787,81.40113771336932,6
fold_1,rolling_mean_24h,local_hour,18,7336,19.305826290439843,0.9202562704471101,17.27147514540167,46.96149544562711,0.6691647263062286,87.37752752585529,6
fold_1,hist_gradient_boosting,local_hour,18,7336,35.41738628332817,1.0,7.617025394841539,20.056907475081815,0.9396529682431366,89.17785671574589,6
fold_1,latest_available,local_hour,18,7336,20.496455834242095,0.6804798255179935,16.1608505997819,42.729941182975494,0.7260996661675807,77.08219361787417,6
fold_1,previous_day_24h,local_hour,19,7336,30.72396401308615,0.6653489640130862,10.060387131952018,29.798837099381302,0.8325653142690177,64.20045067020568,6
fold_1,previous_week_168h,local_hour,19,7336,31.048391494002182,0.6556706652126499,7.437431842966194,21.053920882218634,0.9164179974216831,62.90705223384353,6
fold_1,zone_hour_average,local_hour,19,7336,29.964942041277915,0.9427480916030534,9.619562583303043,27.332327388013255,0.8591359964803544,90.63805335468874,6
fold_1,rolling_mean_24h,local_hour,19,7336,19.300277171937473,0.920392584514722,14.061159578335152,39.22949773785021,0.7098167804421575,90.29188018366975,6
fold_1,hist_gradient_boosting,local_hour,19,7336,30.910172118225915,1.0,6.659450601588717,18.527091685573065,0.9352766033614367,96.25494756403633,6
fold_1,latest_available,local_hour,19,7336,21.977508178844058,0.679525627044711,13.273854961832061,36.91956648327519,0.7429841038192141,75.34820368339015,6
fold_1,previous_day_24h,local_hour,20,7336,27.587922573609596,0.6229552889858233,9.352371864776446,30.018081156067545,0.8153082047658472,65.83142627533749,6
fold_1,previous_week_168h,local_hour,20,7336,28.21264994547437,0.6142311886586695,6.790076335877862,20.844369305256393,0.9109448035420563,62.69567240090439,6
fold_1,zone_hour_average,local_hour,20,7336,27.49681933842239,0.9274809160305344,9.296740579183327,29.15148741737753,0.8258180349161258,93.8242425803599,6
fold_1,rolling_mean_24h,local_hour,20,7336,19.294165757906217,0.9205288985823337,12.084446564885496,38.341130723617766,0.6986913628940394,93.86086629623973,6
fold_1,hist_gradient_boosting,local_hour,20,7336,28.26772803081929,1.0,6.3104262372231705,18.84288454375952,0.9272259538165541,103.08713539661095,6
fold_1,latest_available,local_hour,20,7336,23.091603053435115,0.6889312977099237,12.245910577971646,35.731791238691194,0.7383074712328177,76.42508715118272,6
fold_1,previous_day_24h,local_hour,21,7336,28.078789531079607,0.6083696837513631,9.773854961832061,31.168022245356262,0.8148803606598368,65.21135524181861,6
fold_1,previous_week_168h,local_hour,21,7336,29.023582333696837,0.6064612868047983,7.614776444929117,23.67918760948414,0.8931517036186307,64.60109099439083,6
fold_1,zone_hour_average,local_hour,21,7336,27.700664404862877,0.9351145038167938,9.500459428894544,30.354199222826608,0.8244214065677585,96.84633070656162,6
fold_1,rolling_mean_24h,local_hour,21,7336,19.289360687022906,0.9205288985823337,13.0613413304253,41.869772289159926,0.6659317491984573,96.06851382371947,6
fold_1,hist_gradient_boosting,local_hour,21,7336,28.952768825315395,1.0,6.905128084373543,20.959914286938012,0.9162831247563364,105.97773443296839,6
fold_1,latest_available,local_hour,21,7336,24.511859323882224,0.6980643402399127,13.584787350054526,40.266746213218944,0.6910223397139197,78.43439549641347,6
fold_1,previous_day_24h,local_hour,22,7336,25.287077426390404,0.6094601962922573,10.400081788440566,32.76837227226958,0.7542498973471373,68.99494715337256,6
fold_1,previous_week_168h,local_hour,22,7336,26.34446564885496,0.6181842966194111,8.067611777535442,26.370928029692454,0.8408396823903723,63.66604698241421,6
fold_1,zone_hour_average,local_hour,22,7336,25.432357930449534,0.950381679389313,10.20304232804233,29.938527965545507,0.7948625956753826,101.13586047331194,6
fold_1,rolling_mean_24h,local_hour,22,7336,19.28433978553253,0.9208015267175572,12.477349145765178,37.88360096843775,0.6715369833838434,97.5718455381809,6
fold_1,hist_gradient_boosting,local_hour,22,7336,26.14640542276137,1.0,7.019698129144818,21.854101833882755,0.8906925167483661,106.64674312011344,6
fold_1,latest_available,local_hour,22,7336,25.985550708833152,0.6911123227917121,15.01376772082879,45.00925477351492,0.5363528284374653,77.57759223355386,6
fold_1,previous_day_24h,local_hour,23,7336,19.289258451472193,0.6120501635768811,10.071019629225736,34.45278128823699,0.6006348616811704,71.69114251706709,6
fold_1,previous_week_168h,local_hour,23,7336,19.92952562704471,0.6209105779716467,5.800708833151581,18.830508726204854,0.8806985606825152,64.67868443859678,6
fold_1,zone_hour_average,local_hour,23,7336,20.416949392140232,0.9389312977099237,10.51922028353326,31.20525553013923,0.6723749776883143,102.07325567309617,6
fold_1,rolling_mean_24h,local_hour,23,7336,19.280619547437297,0.9205288985823337,11.67561227735369,35.9865596922407,0.5642852747760563,99.62198348315529,6
fold_1,hist_gradient_boosting,local_hour,23,7336,20.057260929983876,1.0,5.235515596335443,16.107210270580367,0.912710454252143,106.16382832090517,6
fold_1,latest_available,local_hour,23,7336,27.232006543075244,0.6941112322791713,16.75531624863686,50.147159395322156,0.15391450129341955,81.38619088647316,6
fold_1,previous_day_24h,weekend,0,125760,18.189472010178118,0.6243718193384223,6.254476781170483,22.157085244379903,0.8337396127123854,65.30460290135237,6
fold_1,previous_week_168h,weekend,0,125760,19.690314885496182,0.6351065521628498,5.035233778625954,15.834372789637781,0.9150887446975731,62.000006442876376,6
fold_1,zone_hour_average,weekend,0,125760,20.062301556703588,0.9397264631043257,6.303414863220842,19.72636472118037,0.8682175286270111,95.20942458738575,6
fold_1,rolling_mean_24h,weekend,0,125760,18.010494857930446,0.9205470737913486,11.987977099236641,34.82282145164505,0.5893314518245378,100.92283226344296,6
fold_1,hist_gradient_boosting,weekend,0,125760,19.88473159864988,0.9999522900763359,4.612501584782718,13.609602191336457,0.9372730180110893,103.70762021678178,6
fold_1,latest_available,weekend,0,125760,18.13017652671756,0.6275763358778625,17.511736641221376,51.411472028204656,0.10487516125758944,94.85483256262121,6
fold_1,previous_day_24h,weekend,1,50304,22.143328562340965,0.6434875954198473,8.490915235368957,28.35361530378737,0.7240949248225443,66.53688572209268,6
fold_1,previous_week_168h,weekend,1,50304,19.473580629770993,0.6355955788804071,6.640982824427481,21.008129939071104,0.8485331499296407,64.27759456617979,6
fold_1,zone_hour_average,weekend,1,50304,20.062301556703595,0.9397264631043257,8.57217279881084,28.416019402524803,0.7228790971635031,95.4849692160194,6
fold_1,rolling_mean_24h,weekend,1,50304,22.57813411127015,0.9202647900763359,12.784365226092026,36.91356712616552,0.5323565733712217,95.75907719778242,6
fold_1,hist_gradient_boosting,weekend,1,50304,19.54803745538058,0.9999006043256997,5.970512552323109,18.496078651266387,0.8825907994339343,102.94221160520578,6
fold_1,latest_available,weekend,1,50304,22.15672709923664,0.6354166666666666,19.822220896946565,57.049101762670034,-0.11696721417693245,86.58531018612122,6
fold_1,previous_day_24h,rush_hour,0,144624,18.266712302245825,0.6116481358557363,6.83970157097024,24.728008324050286,0.7718664327640617,66.2382875616177,6
fold_1,previous_week_168h,rush_hour,0,144624,18.036909503263637,0.6131969797543976,5.218165726297157,17.265226984862075,0.888787014457282,62.80354206413414,6
fold_1,zone_hour_average,rush_hour,0,144624,19.043051360304375,0.9389312977099237,6.895615133709779,22.97501744466065,0.803065132786071,99.2428707056499,6
fold_1,rolling_mean_24h,rush_hour,0,144624,19.612993290647932,0.9205526053767009,12.205783906313382,35.548381343936235,0.5285337862675168,102.35960896909441,6
fold_1,hist_gradient_boosting,rush_hour,0,144624,18.17045347000486,0.999923940701405,4.779148718349401,15.070872860063409,0.9152601429388609,107.5577039294235,6
fold_1,latest_available,rush_hour,0,144624,20.768399435778296,0.6451626286093595,18.679174964044694,55.089377451242655,-0.1322612489395263,91.21451458139957,6
fold_1,previous_day_24h,rush_hour,1,31440,24.160337150127226,0.7134860050890586,7.14074427480916,20.910463583511333,0.89306445478408,62.98130597731628,6
fold_1,previous_week_168h,rush_hour,1,31440,26.9492048346056,0.7366730279898219,6.7629452926208655,18.380718026382823,0.9173734325893866,61.947883582376136,6
fold_1,zone_hour_average,rush_hour,1,31440,24.750852460139992,0.943384223918575,7.209306315915731,20.5025255046363,0.8971961244334032,77.09644384918448,6
fold_1,rolling_mean_24h,rush_hour,1,31440,17.947224872773536,0.9200699745547074,12.26028678965225,34.89601355136834,0.702185115612119,86.05165131238944,6
fold_1,hist_gradient_boosting,rush_hour,1,31440,27.231700361186096,1.0,6.018742318440603,15.602865367250693,0.9404607324249393,84.77258136010828,6
fold_1,latest_available,rush_hour,1,31440,12.436832061068703,0.5592239185750636,15.838295165394403,42.657427335344885,0.5549753319217656,98.36905947384075,6
fold_1,previous_day_24h,zone_cohort,dense,114912,29.3973649401281,0.8380586883876358,10.31598962684489,29.81018412831182,0.7892200818986929,71.7825590019105,6
fold_1,previous_week_168h,zone_cohort,dense,114912,29.864122110832636,0.8441764132553606,8.171844541910332,21.611114802322543,0.889221812501436,67.38157981785552,6
fold_1,zone_hour_average,zone_cohort,dense,114912,30.542137587702886,0.9997563352826511,10.433504554971416,27.91098648187771,0.8152219893366165,73.23169886400025,6
fold_1,rolling_mean_24h,zone_cohort,dense,114912,29.391403856864383,1.0,18.473064170843777,43.85464420977448,0.5438254017449284,84.81334470833795,6
fold_1,hist_gradient_boosting,zone_cohort,dense,114912,30.020272744646032,0.9999042745753272,7.3710735882674925,18.764262643533545,0.9164853009160039,68.97852461359801,6
fold_1,latest_available,zone_cohort,dense,114912,29.337788916736287,0.8379977722082985,27.54905492898914,65.70127792397783,-0.023876436207213914,108.06910419245682,6
fold_1,previous_day_24h,zone_cohort,sparse,61152,0.38095238095238093,0.23855311355311357,0.4621108058608059,1.0287675967798542,-0.33297212825594413,54.14542353824379,6
fold_1,previous_week_168h,zone_cohort,sparse,61152,0.3942144165358451,0.2426412872841444,0.4620617477760335,1.0244907862006092,-0.3219122553727465,53.76093712852936,6
fold_1,zone_hour_average,zone_cohort,sparse,61152,0.3694228610895277,0.8269230769230769,0.4087709028185219,0.7756420120296973,0.24227927938850424,136.73489252505684,6
fold_1,rolling_mean_24h,zone_cohort,sparse,61152,0.3817584325396825,0.7710132129774987,0.45682820403802543,0.8368958354296447,0.11787662877840355,126.94677095897605,6
fold_1,hist_gradient_boosting,zone_cohort,sparse,61152,0.5618579992299186,1.0,0.545919259539217,0.8330653103164322,0.12593321753230557,168.33815918781025,6
fold_1,latest_available,zone_cohort,sparse,61152,0.3819826007326007,0.23861852433281006,0.5510204081632653,1.177738633506604,-0.7469656195504659,63.22106040218285,6
fold_1,previous_day_24h,target_cohort,positive,110922,30.33352265555976,0.8452606335983844,10.610510088170065,30.269238494087002,0.7880685457370764,73.3234016717894,6
fold_1,previous_week_168h,target_cohort,positive,110922,30.829429689331242,0.8540055173905988,8.394259028867133,21.722409095744485,0.8908538541172769,68.58279626506231,6
fold_1,zone_hour_average,target_cohort,positive,110922,31.448979299130755,0.999197634373704,10.638706967136855,28.27937578404212,0.8150168946622963,52.766927458504824,6
fold_1,rolling_mean_24h,target_cohort,positive,110922,29.974543673332008,0.9977461639710787,18.70484439516056,44.419919385490104,0.543597557554274,65.19283825397876,6
fold_1,hist_gradient_boosting,target_cohort,positive,110922,30.93678348534631,0.9999278772470745,7.464077806875518,18.973358426814652,0.9167314791760707,46.815558059273606,6
fold_1,latest_available,target_cohort,positive,110922,29.867321180649466,0.7967941436324625,28.107435855826616,66.65505332846448,-0.027681617564442984,106.23078547698279,6
fold_1,previous_day_24h,target_cohort,zero,65142,0.5641675109760216,0.2630100396057843,0.5641675109760216,2.9089342758943677,,52.602007921156854,6
fold_1,previous_week_168h,target_cohort,zero,65142,0.5555709066347364,0.26274907125970953,0.5555709066347364,4.623829695178427,,52.54981425194191,6
fold_1,zone_hour_average,target_cohort,zero,65142,0.6733809134088523,0.8384605937797427,0.6733809134088523,3.610166312322546,,167.69211875594854,6
fold_1,rolling_mean_24h,target_cohort,zero,65142,1.165668206891611,0.7888766080255442,1.165668206891611,5.7870127733262695,,157.77532160510884,6
fold_1,hist_gradient_boosting,target_cohort,zero,65142,0.8056004457967225,0.9999539467624574,0.8056004457967225,2.963368129996174,,199.99078935249148,6
fold_1,latest_available,target_cohort,zero,65142,1.2538761474931688,0.3454913880445795,1.2538761474931688,7.123618437252002,,69.09827760891591,6
fold_2,previous_day_24h,borough,Bronx,31949,1.2531534633321857,0.5222698676014899,1.0625058687282858,1.7266119337018242,0.09962497152662564,79.54933797769179,6
fold_2,previous_week_168h,borough,Bronx,31949,1.2483019812826692,0.5221446680647281,1.0436946383298382,1.682384387545325,0.14516081042963735,79.14494673255656,6
fold_2,zone_hour_average,borough,Bronx,31949,1.200728682090829,0.9768067858148924,0.8637570629733895,1.295355534032248,0.49322878963256356,119.96756346218162,6
fold_2,rolling_mean_24h,borough,Bronx,31949,1.2568716287416404,0.9616576418667251,1.1269249428777113,1.6549530435712134,0.17280992132924533,119.36679151453299,6
fold_2,hist_gradient_boosting,borough,Bronx,31949,1.2423724775843612,1.0,0.9438165089739796,1.3699598844530374,0.43317412722717397,125.1836684473772,6
fold_2,latest_available,borough,Bronx,31949,1.2605089361169364,0.5223950671382516,1.5459325800494539,2.431798433159831,-0.7860314974341913,104.90651169930902,6
fold_2,previous_day_24h,borough,Brooklyn,45323,3.592282064294067,0.693202126955409,2.45294883392538,5.130684108655454,0.20912267126494177,79.50995459213856,6
fold_2,previous_week_168h,borough,Brooklyn,45323,3.6148092579926305,0.6961586832292654,2.0859166427641593,3.6678682811497523,0.595809561497963,75.57893293382277,6
fold_2,zone_hour_average,borough,Brooklyn,45323,3.5312947061685147,0.9938662489243871,2.0995904448384586,4.215061429287169,0.4662149696650997,97.45796482523872,6
fold_2,rolling_mean_24h,borough,Brooklyn,45323,3.585062587795748,0.984665622310968,2.726140701189242,5.027329507480724,0.24066524882239193,102.51479456083796,6
fold_2,hist_gradient_boosting,borough,Brooklyn,45323,3.5160234655170597,1.0,1.8931832726706554,3.2931430480302724,0.6741784798224013,97.39173596108941,6
fold_2,latest_available,borough,Brooklyn,45323,3.578712794828233,0.693157999249829,3.851422015312314,7.230429291390185,-0.57067647914511,108.56297060393602,6
fold_2,previous_day_24h,borough,Manhattan,51267,66.55021748883297,0.8814246981489067,20.94366746640139,46.63596716690627,0.7386153623373639,44.972986442065405,6
fold_2,previous_week_168h,borough,Manhattan,51267,64.47964577603527,0.8769773928648058,15.467552226578501,31.569335047251915,0.8802242353258405,39.52095241419793,6
fold_2,zone_hour_average,borough,Manhattan,51267,64.56019558424207,0.9583357715489497,20.51663372331428,41.71977668824691,0.7908190968495136,52.21400012678777,6
fold_2,rolling_mean_24h,borough,Manhattan,51267,66.46437198067632,0.9557415101332241,40.841877653591325,69.36621925317566,0.4217253797473265,74.69579597428442,6
fold_2,hist_gradient_boosting,borough,Manhattan,51267,64.3573964304251,0.9999414828252092,12.950778197933873,25.185243368723157,0.9237692158407508,51.8890587140976,6
fold_2,latest_available,borough,Manhattan,51267,66.41010786665886,0.8809955722004408,62.22341857335128,105.32503344382867,-0.3332183879859052,95.5614896271749,6
fold_2,previous_day_24h,borough,Queens,51267,6.900228216981684,0.5534554391713968,2.9511771704995415,12.863700433799274,0.8647780241132029,76.02826316807403,6
fold_2,previous_week_168h,borough,Queens,51267,6.794175590535822,0.5586244562779176,3.0015604579944215,14.271640953386193,0.8335578702106146,75.72256339699442,6
fold_2,zone_hour_average,borough,Queens,51267,6.801695996129258,0.9867556127723487,2.409019237419471,10.173729620500916,0.9154184138617116,117.44511934914235,6
fold_2,rolling_mean_24h,borough,Queens,51267,6.901744787095011,0.9520939395712642,4.278406837406779,20.20488730209636,0.6663982602528358,115.03970666266369,6
fold_2,hist_gradient_boosting,borough,Queens,51267,6.75321593736777,0.9999804942750697,2.438449730701413,10.502551643330941,0.9098625861446524,120.43323950291911,6
fold_2,latest_available,borough,Queens,51267,6.9044219478416915,0.554060116644235,6.061228470556109,29.571665668016518,0.2853934097553047,91.79391907186749,6
fold_2,previous_day_24h,borough,Staten Island,14860,0.03371467025572005,0.027321668909825035,0.05969044414535666,0.3033017056165014,-0.606012738289502,9.779529577645325,6
fold_2,previous_week_168h,borough,Staten Island,14860,0.034320323014804845,0.029071332436069987,0.06244952893674294,0.3200353277941971,-0.7881136705754368,10.207267833109018,6
fold_2,zone_hour_average,borough,Staten Island,14860,0.032254959502521136,0.6147375504710633,0.06003624187192917,0.23595982660195727,0.027979516020804285,122.70797853789685,6
fold_2,rolling_mean_24h,borough,Staten Island,14860,0.03355484522207268,0.3968371467025572,0.06294021982951996,0.23965945452321674,-0.0027401706019662964,80.35673375376444,6
fold_2,hist_gradient_boosting,borough,Staten Island,14860,0.26243274425236085,1.0,0.2788581601834639,0.3360703333727942,-0.9717853431698307,197.73150173326056,6
fold_2,latest_available,borough,Staten Island,14860,0.033781965006729475,0.026985195154777927,0.06567967698519515,0.33882863695690285,-1.004285099869708,10.412741139524451,6
fold_2,previous_day_24h,local_hour,0,8122,15.759911351883773,0.5139128293523763,9.841910859394238,40.77761141498058,0.39596768258189075,68.83444002023678,6
fold_2,previous_week_168h,local_hour,0,8122,15.525609455799064,0.5313962078305836,4.699458261511943,15.436356059701119,0.9134422050341673,62.05320548210093,6
fold_2,zone_hour_average,local_hour,0,8122,14.548873580338856,0.9427480916030534,10.556861520351228,36.098595736135955,0.5266338214425931,124.61961708766275,6
fold_2,rolling_mean_24h,local_hour,0,8122,20.529749445949275,0.9202166953952229,14.866848272182551,44.969520766456014,0.2653962720320038,122.8280512844564,6
fold_2,hist_gradient_boosting,local_hour,0,8122,15.156904735806298,1.0,4.712977935528082,14.954350567629616,0.9187634027267254,125.68528424790486,6
fold_2,latest_available,local_hour,0,8122,32.3308298448658,0.6808667815808914,25.1606747106624,73.89469786672504,-0.9835500566749871,95.34528622713513,6
fold_2,previous_day_24h,local_hour,1,8122,10.616227530164984,0.4296971189362226,8.117458754001477,40.26540245445226,0.1942755532378838,62.43003402515735,6
fold_2,previous_week_168h,local_hour,1,8122,10.51699088894361,0.4397931543954691,3.3814331445456784,11.792394846372618,0.9308922939930019,54.47378349858703,6
fold_2,zone_hour_average,local_hour,1,8122,9.660119158443491,0.9427480916030534,8.841045999723724,34.64585895880126,0.403479849759805,139.3593646224035,6
fold_2,rolling_mean_24h,local_hour,1,8122,20.51784761552984,0.9204629401625215,17.082774152507596,48.61995473396409,-0.17476649790939058,140.72955654688536,6
fold_2,hist_gradient_boosting,local_hour,1,8122,10.448564221749242,0.9998768776163507,3.465309986988798,11.042564782874127,0.9394014316494179,138.53092980074115,6
fold_2,latest_available,local_hour,1,8122,34.582122629894116,0.6607978330460478,29.651933021423293,82.08806404439689,-2.3487480930517157,104.11767793502602,6
fold_2,previous_day_24h,local_hour,2,7860,7.11412213740458,0.38282442748091605,6.181933842239186,33.473136850095806,-0.07026800673766775,56.86506938967392,6
fold_2,previous_week_168h,local_hour,2,7860,6.708142493638677,0.38091603053435114,2.393765903307888,10.287638027419419,0.898904676238932,50.04472052341103,6
fold_2,zone_hour_average,local_hour,2,7860,6.514894805436604,0.9236641221374046,6.405148017129026,26.077234864892944,0.3504347336293593,142.2095645104314,6
fold_2,rolling_mean_24h,local_hour,2,7860,20.483391645462255,0.9207379134860051,17.905560856658184,47.06296887420794,-1.1157208104517808,151.94867494150745,6
fold_2,hist_gradient_boosting,local_hour,2,7860,6.935803407894285,0.9998727735368956,2.568312577467131,8.140783952731386,0.9366958508967251,146.06818077797732,6
fold_2,latest_available,local_hour,2,7860,31.67201017811705,0.6410941475826972,28.007251908396945,75.5684606114598,-4.454825574668906,106.62426654541864,6
fold_2,previous_day_24h,local_hour,3,8122,5.508249199704506,0.40888943609948286,4.709800541738488,24.019509533235432,0.08804752676011274,64.86253143536133,6
fold_2,previous_week_168h,local_hour,3,8122,5.32824427480916,0.3974390544200936,2.123984240334893,10.895312321526175,0.8123609162691346,57.94383206876777,6
fold_2,zone_hour_average,local_hour,3,8122,4.599515918823311,0.9618320610687023,4.96799718920607,20.598110331402296,0.3293457278051797,144.85138162981173,6
fold_2,rolling_mean_24h,local_hour,3,8122,20.465443650989084,0.9204629401625215,17.860030370187964,45.76163234830164,-2.310144483814221,147.5166432562595,6
fold_2,hist_gradient_boosting,local_hour,3,8122,5.570451268102284,0.9997537552327013,2.3146761493747787,7.69688774033057,0.906357232531808,141.82609705777327,6
fold_2,latest_available,local_hour,3,8122,30.004555528195027,0.6172125092341788,26.659689731593204,74.90397036972396,-7.868570290472494,101.94908182272113,6
fold_2,previous_day_24h,local_hour,4,8122,4.688992858901749,0.5466633834031027,3.439793154395469,12.55153376100926,0.19132445489524763,71.1300797092889,6
fold_2,previous_week_168h,local_hour,4,8122,4.468850036936715,0.5129278502831814,2.1433144545678404,7.3752449364373796,0.7207883025319655,66.30484736108713,6
fold_2,zone_hour_average,local_hour,4,8122,3.7677341277229566,0.9351145038167938,3.2711515246154677,10.962573769449886,0.3831127837376249,114.75645203213725,6
fold_2,rolling_mean_24h,local_hour,4,8122,20.44923766724124,0.9207091849298202,17.162660059098744,43.94781451294368,-8.91414527556384,126.95208155124672,6
fold_2,hist_gradient_boosting,local_hour,4,8122,4.862729978917241,1.0,2.18426751098088,6.343228056743609,0.7934613355806606,121.44479692285061,6
fold_2,latest_available,local_hour,4,8122,30.424279734055652,0.5863087909381925,27.202905688254123,78.90610000235645,-30.959639352988752,97.08579026243834,6
fold_2,previous_day_24h,local_hour,5,8122,4.704752524008865,0.637158335385373,2.3959615858163015,5.344704900670607,0.635858018577789,67.1006847493198,6
fold_2,previous_week_168h,local_hour,5,8122,4.505786752031519,0.6143806944102438,2.4863334154149226,6.2127788492190135,0.5079660410155497,69.45029978284295,6
fold_2,zone_hour_average,local_hour,5,8122,4.1894898529137965,0.9465648854961832,1.9928213644362494,4.6507282097958,0.7242819437071042,93.8444344240138,6
fold_2,rolling_mean_24h,local_hour,5,8122,20.430092136583767,0.9202166953952229,16.696395592218664,42.647969061498365,-22.185688525224606,112.00592267239094,6
fold_2,hist_gradient_boosting,local_hour,5,8122,4.684184833003156,1.0,2.1044694087360436,4.8067098741896634,0.7054770732829994,107.79109594680551,6
fold_2,latest_available,local_hour,5,8122,26.830706722482148,0.5863087909381925,23.698965771977345,68.99946379101381,-59.68966215476603,98.9213605803997,6
fold_2,previous_day_24h,local_hour,6,8122,8.3677665599606,0.706229992612657,3.4919970450627926,7.600690749983031,0.79628971053075,63.42483641211379,6
fold_2,previous_week_168h,local_hour,6,8122,7.593326766806205,0.6933021423294755,3.4257572026594434,8.069661003545308,0.7703759236756811,63.89031901273555,6
fold_2,zone_hour_average,local_hour,6,8122,8.13662282718661,0.9656488549618321,3.108056950777748,6.57814112176627,0.8474145183450087,84.36712026723549,6
fold_2,rolling_mean_24h,local_hour,6,8122,20.39977324961011,0.9196010834769761,14.049346425346796,36.58526459822656,-3.7197526740784213,98.41237297682905,6
fold_2,hist_gradient_boosting,local_hour,6,8122,7.830517201675425,1.0,2.938382062375835,6.4253083128883555,0.8544223233461046,93.81410599200927,6
fold_2,latest_available,local_hour,6,8122,20.49987687761635,0.569441024378232,17.303250430928344,54.31280188100662,-9.401866026365926,98.56293395207943,6
fold_2,previous_day_24h,local_hour,7,8122,14.966633834031027,0.7395961585816302,6.439670032011819,17.350050579453043,0.7445104484864546,65.69748672802558,6
fold_2,previous_week_168h,local_hour,7,8122,13.610810145284413,0.7242058606254617,5.487934006402364,15.532258256295542,0.7952420091188082,61.233823544054054,6
fold_2,zone_hour_average,local_hour,7,8122,14.155246941966338,0.9580152671755725,6.632484135013336,16.30683144314175,0.7743107788683785,80.87225036978538,6
fold_2,rolling_mean_24h,local_hour,7,8122,20.364898834441433,0.9193548387096774,12.142170442419765,30.14594272975518,0.22868923444202505,94.06323713728007,6
fold_2,hist_gradient_boosting,local_hour,7,8122,14.320112726915623,1.0,4.718494675622915,11.83680577495735,0.8810838893078603,86.45891596611683,6
fold_2,latest_available,local_hour,7,8122,15.027948781088401,0.5098497906919478,18.478576705245015,55.10804569498104,-1.57751780060152,110.82480213306562,6
fold_2,previous_day_24h,local_hour,8,8122,19.902979561684315,0.7456291553804482,8.007633587786259,22.10809891033611,0.7802838996889578,64.7227217744909,6
fold_2,previous_week_168h,local_hour,8,8122,18.718295986210293,0.7414429943363704,6.184191085939424,17.319157412940537,0.8651619064713086,59.70719119729798,6
fold_2,zone_hour_average,local_hour,8,8122,18.606594316196084,0.9618320610687023,8.288481678499274,21.40100348834787,0.7941137421710751,78.97497297472142,6
fold_2,rolling_mean_24h,local_hour,8,8122,20.332727981613722,0.9192317163260281,12.011193876713453,30.244661017477256,0.5887967609225019,89.3751593492906,6
fold_2,hist_gradient_boosting,local_hour,8,8122,18.839864363651355,1.0,5.37064268127343,14.442490963827797,0.9062344525994546,83.01436201500876,6
fold_2,latest_available,local_hour,8,8122,10.015636542723467,0.42563408027579414,21.46404826397439,61.45499130795579,-0.6977487037503292,121.44348044650665,6
fold_2,previous_day_24h,local_hour,9,8122,20.33969465648855,0.7270376754493967,6.314454567840434,16.465906513789545,0.8815353439389982,60.61444109634636,6
fold_2,previous_week_168h,local_hour,9,8122,20.072519083969464,0.7266683082984486,5.5518345235163755,15.344609160487158,0.8971204231409442,60.58700968184047,6
fold_2,zone_hour_average,local_hour,9,8122,19.704451393359697,0.9580152671755725,5.90850078471977,15.96807995942766,0.8885903257246912,77.03588719865897,6
fold_2,rolling_mean_24h,local_hour,9,8122,20.307180087006486,0.9193548387096774,9.54876672412378,25.285278632740216,0.7206472219215168,82.59150521874265,6
fold_2,hist_gradient_boosting,local_hour,9,8122,19.760601921593487,1.0,4.5743952602468365,12.016839082883601,0.9369045563564745,85.49856740502977,6
fold_2,latest_available,local_hour,9,8122,6.9247722235902485,0.37897069687269147,20.818763851268162,57.14580211041446,-0.42687580242859924,120.44424464858717,6
fold_2,previous_day_24h,local_hour,10,8122,20.301403595173603,0.7013050972666831,4.869367150948042,12.865599072630108,0.9287570106454509,61.320764263917816,6
fold_2,previous_week_168h,local_hour,10,8122,19.76003447426742,0.6926865304112287,5.4360994828859885,15.84269197275545,0.8919710726312834,62.21415032574529,6
fold_2,zone_hour_average,local_hour,10,8122,20.34971948864159,0.9465648854961832,4.048774264751693,11.183654509246038,0.9461668749572266,76.68301988773702,6
fold_2,rolling_mean_24h,local_hour,10,8122,20.28772162029057,0.9193548387096774,7.652040753508988,21.166810021151456,0.8071618612814568,81.14207998961481,6
fold_2,hist_gradient_boosting,local_hour,10,8122,19.47609132561449,1.0,4.291911454345278,11.537593136987246,0.9427055510247222,90.69439523846837,6
fold_2,latest_available,local_hour,10,8122,5.041245998522531,0.40802757941393747,19.604038414183698,52.72249904864619,-0.1963936038062768,114.81721325196712,6
fold_2,previous_day_24h,local_hour,11,8122,21.62078305836001,0.6956414676188131,4.819995075104654,12.61969044975055,0.9405696332703499,60.96515398682928,6
fold_2,previous_week_168h,local_hour,11,8122,20.55257325781827,0.686037921694164,5.185422309775917,15.48962048510925,0.9104650572753732,62.45709526829676,6
fold_2,zone_hour_average,local_hour,11,8122,21.890048744596708,0.9580152671755725,3.893780984563717,10.419060997509618,0.9594894474349527,80.30283497506687,6
fold_2,rolling_mean_24h,local_hour,11,8122,20.274732208815564,0.9192317163260281,7.391123902158745,21.02270356791567,0.835074374846013,79.13773568985769,6
fold_2,hist_gradient_boosting,local_hour,11,8122,20.542672557400458,1.0,4.139658509969302,11.485384595125218,0.950773144984365,90.67458580680105,6
fold_2,latest_available,local_hour,11,8122,4.377246983501601,0.5438315685791677,19.296724944594928,52.39759304309855,-0.02455123436553608,100.53959726264253,6
fold_2,previous_day_24h,local_hour,12,8122,23.32233440039399,0.6930558975621768,5.144915045555282,13.4360918571215,0.9422201943809774,62.582835006158334,6
fold_2,previous_week_168h,local_hour,12,8122,21.994951982270376,0.6824673725683329,5.34326520561438,15.882649558737473,0.9192623591810547,60.542223731480824,6
fold_2,zone_hour_average,local_hour,12,8122,23.638462245930288,0.950381679389313,4.2617923058894025,11.200083769369247,0.9598511888597239,78.35313234357054,6
fold_2,rolling_mean_24h,local_hour,12,8122,20.268873635393582,0.9187392267914307,7.921565911516048,22.81263122006714,0.8334360897667037,79.0993115924913,6
fold_2,hist_gradient_boosting,local_hour,12,8122,22.050651586226554,1.0,4.348551889608146,11.91312767641077,0.9545763801640624,90.45393490806397,6
fold_2,latest_available,local_hour,12,8122,4.56414676188131,0.6353114996306328,19.92969711893622,54.33722690773476,0.055014621357788895,92.825404076944,6
fold_2,previous_day_24h,local_hour,13,8122,24.02277764097513,0.6937946318640729,5.436961339571534,14.42264475072155,0.9368954916200304,59.97697966443246,6
fold_2,previous_week_168h,local_hour,13,8122,22.778256587047526,0.6852991873922679,5.4832553558236885,16.289628813906518,0.919500542882795,59.95630273848159,6
fold_2,zone_hour_average,local_hour,13,8122,24.71769520831417,0.9541984732824428,4.4598116672550825,11.786074843702544,0.9578585995411211,79.16128188935879,6
fold_2,rolling_mean_24h,local_hour,13,8122,20.27402425510958,0.9186161044077813,7.601478494623655,22.146303948587075,0.8512102249523968,77.86376719359471,6
fold_2,hist_gradient_boosting,local_hour,13,8122,22.961835679380975,1.0,4.4002301426072705,12.088084859928015,0.955671240798611,90.03368693808825,6
fold_2,latest_available,local_hour,13,8122,8.491381433144547,0.7121398670278256,17.84548140852007,49.10225699957791,0.26856879440619985,85.11080056355539,6
fold_2,previous_day_24h,local_hour,14,8122,26.034720512189114,0.7045062792415662,6.008618566855454,16.763906597001984,0.9296438364968583,61.86646926079812,6
fold_2,previous_week_168h,local_hour,14,8122,24.676680620536814,0.6971189362226052,6.129770992366412,18.537854680189046,0.9139658977283444,62.99603371920118,6
fold_2,zone_hour_average,local_hour,14,8122,26.295180722891565,0.9656488549618321,5.286654126973295,14.516553062385958,0.9472431694786351,80.59662380077624,6
fold_2,rolling_mean_24h,local_hour,14,8122,20.29003529508331,0.9193548387096774,8.805651317409506,26.999700877135414,0.8174971755150362,77.9968206083092,6
fold_2,hist_gradient_boosting,local_hour,14,8122,25.1170992604119,1.0,4.906617811746749,13.80619784178094,0.9522800621178269,89.54204199747207,6
fold_2,latest_available,local_hour,14,8122,15.35089879340064,0.7446441763112533,15.683575474021177,42.71449631010362,0.5432250658128281,81.36986084037855,6
fold_2,previous_day_24h,local_hour,15,8122,27.211893622260526,0.6942871213986703,6.625461708938685,19.182831885644987,0.9195572560195097,62.261826373823396,6
fold_2,previous_week_168h,local_hour,15,8122,26.009603545924648,0.6908396946564885,6.459615858163014,20.427929300193906,0.9087757866256948,61.09020053554831,6
fold_2,zone_hour_average,local_hour,15,8122,28.03729421502805,0.950381679389313,6.189813180325339,17.38562537572333,0.933924254862421,80.09805920268332,6
fold_2,rolling_mean_24h,local_hour,15,8122,20.312074201756545,0.9204629401625215,9.861713042764507,31.23291360297838,0.7867512792435767,79.98173514475754,6
fold_2,hist_gradient_boosting,local_hour,15,8122,26.489646865605255,1.0,5.133223398686422,15.10270332465844,0.9501378710618511,90.8838686076846,6
fold_2,latest_available,local_hour,15,8122,20.43191332184191,0.7519083969465649,13.686407288845112,37.22098201408824,0.6971433674963121,78.367841483316,6
fold_2,previous_day_24h,local_hour,16,8122,28.20155134203398,0.6792661905934498,7.097143560699335,20.100948755021662,0.9158891543721408,63.06193099398475,6
fold_2,previous_week_168h,local_hour,16,8122,27.367150948042354,0.6848066978576706,6.929081507017976,21.061845354140825,0.9076553529342806,61.450242139547264,6
fold_2,zone_hour_average,local_hour,16,8122,28.977789018670098,0.9465648854961832,6.254817348685558,17.840047837510937,0.9337461811902944,81.79439599409326,6
fold_2,rolling_mean_24h,local_hour,16,8122,20.32806985143232,0.9203398177788722,10.565162521546418,31.899760139079927,0.788166948906647,82.76654743544194,6
fold_2,hist_gradient_boosting,local_hour,16,8122,27.901983392629145,1.0,5.4458407770352135,15.717708258539009,0.9485722725813646,90.44156224920941,6
fold_2,latest_available,local_hour,16,8122,20.723590248707215,0.7271607978330461,12.510834769761143,35.575008935672926,0.7365434974408246,73.79774576299891,6
fold_2,previous_day_24h,local_hour,17,8122,32.2360256094558,0.6795124353607486,8.516498399409013,25.636057832990804,0.8962881762406112,63.11564796897619,6
fold_2,previous_week_168h,local_hour,17,8122,30.949642945087415,0.6936715094804236,7.910243782319625,24.527725795040205,0.9050619404608097,62.62777356506971,6
fold_2,zone_hour_average,local_hour,17,8122,32.1964959072933,0.9465648854961832,7.8453034002545525,23.589393101779514,0.9121868974910563,81.97485882923816,6
fold_2,rolling_mean_24h,local_hour,17,8122,20.336642247393907,0.9203398177788722,14.120490642698844,42.97175603200452,0.7085983618707816,84.03416901604825,6
fold_2,hist_gradient_boosting,local_hour,17,8122,31.33455994866194,1.0,6.029424867936464,17.893289063549208,0.9494750209677971,90.48025726663202,6
fold_2,latest_available,local_hour,17,8122,20.50714109825166,0.7019207091849298,14.056020684560453,41.26741907216414,0.7312549940226218,72.39398961476876,6
fold_2,previous_day_24h,local_hour,18,8122,34.41886234917508,0.6596897315932037,9.078921447919232,25.755448784349124,0.9026912359874095,62.7546411376534,6
fold_2,previous_week_168h,local_hour,18,8122,33.64676188131002,0.6804974144299434,7.779857178034967,22.712912299544858,0.9243237922648562,62.94860394168935,6
fold_2,zone_hour_average,local_hour,18,8122,34.159793334574566,0.950381679389313,8.769846727647282,24.966597312558044,0.9085607982964431,86.94948036809514,6
fold_2,rolling_mean_24h,local_hour,18,8122,20.341987810884017,0.9198473282442748,15.791907781334647,45.52710392193399,0.6959438708887506,88.86302460899527,6
fold_2,hist_gradient_boosting,local_hour,18,8122,33.51894246438106,1.0,6.273134364651964,17.787701576595662,0.9535855314473133,94.07882207979496,6
fold_2,latest_available,local_hour,18,8122,21.74907658212263,0.6967495690716572,14.866412213740459,41.735755738541805,0.7444768358576506,73.79077016162388,6
fold_2,previous_day_24h,local_hour,19,8122,31.795124353607484,0.6441763112533858,9.677788721989657,27.84128735273872,0.8639935592226402,65.82583578356119,6
fold_2,previous_week_168h,local_hour,19,8122,32.66055158827875,0.6766806205368135,7.9219404087663134,23.759480799257446,0.9009499401895218,63.335956722922674,6
fold_2,zone_hour_average,local_hour,19,8122,30.2241202755539,0.9541984732824428,8.94147032149957,25.910942412532453,0.8821994635458563,92.98662038988915,6
fold_2,rolling_mean_24h,local_hour,19,8122,20.347830994008042,0.9198473282442748,13.21264261676106,38.72692836504238,0.7368478307564853,90.79602776558974,6
fold_2,hist_gradient_boosting,local_hour,19,8122,31.404171609511746,1.0,6.196896133288229,17.856697359063283,0.9440521855003172,99.07547631101724,6
fold_2,latest_available,local_hour,19,8122,23.4625707953706,0.6967495690716572,12.577690224082739,36.07041527913504,0.7717119729496698,73.43823770720786,6
fold_2,previous_day_24h,local_hour,20,8122,30.004555528195027,0.6172125092341788,9.833292292538783,30.158470885739035,0.837428641922338,65.81212085226053,6
fold_2,previous_week_168h,local_hour,20,8122,30.40581137650825,0.6500861856685546,7.655872937700074,23.074777001341957,0.9048299224465235,63.948396674446336,6
fold_2,zone_hour_average,local_hour,20,8122,27.527927760193634,0.9465648854961832,9.11040474231386,28.858964869492613,0.8511369554377054,97.63805343426858,6
fold_2,rolling_mean_24h,local_hour,20,8122,20.351488754822288,0.9194779610933268,12.51461565295904,40.34559255336626,0.7090505138020942,94.70979735087539,6
fold_2,hist_gradient_boosting,local_hour,20,8122,29.503193424264975,1.0,6.370545829070828,19.28823426882499,0.9335017307018969,105.64697777642814,6
fold_2,latest_available,local_hour,20,8122,24.110563900517114,0.695272100467865,12.767421817286383,37.793160095608734,0.7446994135731112,75.89851389194234,6
fold_2,previous_day_24h,local_hour,21,8122,30.424279734055652,0.5863087909381925,10.780472789953214,33.86105312144001,0.819643311184519,65.53715148529452,6
fold_2,previous_week_168h,local_hour,21,8122,29.706476237379956,0.6044077813346467,8.211154887958632,26.177159112425514,0.8922105249563985,63.828340183431195,6
fold_2,zone_hour_average,local_hour,21,8122,27.829780301619806,0.950381679389313,10.092532477282418,31.839196268605924,0.8405386180603698,102.57868757826165,6
fold_2,rolling_mean_24h,local_hour,21,8122,20.354453952228514,0.9199704506279242,14.373332717721416,46.18241436039068,0.6645061229960751,99.92225393731101,6
fold_2,hist_gradient_boosting,local_hour,21,8122,29.271888283803577,1.0,7.01202189686936,21.271179428648807,0.9288271309055058,110.44561121940262,6
fold_2,latest_available,local_hour,21,8122,26.10588524993844,0.7046294016252155,14.621891159812854,43.03561200351535,0.7086685985276927,79.22675659886688,6
fold_2,previous_day_24h,local_hour,22,8122,26.830706722482148,0.5863087909381925,10.919231716326028,34.77366930348834,0.7546402548628004,66.9250083744702,6
fold_2,previous_week_168h,local_hour,22,8122,26.907904457030288,0.5940655011081014,7.682713617335631,23.506790397236518,0.887878488905399,64.46334652858654,6
fold_2,zone_hour_average,local_hour,22,8122,25.382749953453732,0.9580152671755725,10.064184299193398,29.698909517359102,0.8210287468876089,104.75741918070477,6
fold_2,rolling_mean_24h,local_hour,22,8122,20.358681154067142,0.9198473282442748,13.21927583518017,40.316899297337,0.6701803547122411,100.8049095543378,6
fold_2,hist_gradient_boosting,local_hour,22,8122,26.00240648251743,1.0,6.510083208298682,19.336262882327997,0.9241339704044493,111.42302000007956,6
fold_2,latest_available,local_hour,22,8122,27.31334646638759,0.6958877123861118,15.585323811868998,46.9249165807392,0.5532039849784356,81.17557237298027,6
fold_2,previous_day_24h,local_hour,23,8122,20.49987687761635,0.569441024378232,11.254001477468604,39.42149849023952,0.5325987245469499,72.41780944573372,6
fold_2,previous_week_168h,local_hour,23,8122,20.784782073380942,0.5847081999507511,6.5098497906919475,21.546645710962654,0.8603686370636673,63.25098711974162,6
fold_2,zone_hour_average,local_hour,23,8122,20.031884192887727,0.9465648854961832,10.948088900366965,32.96773584986461,0.6731098161166855,110.98732743969829,6
fold_2,rolling_mean_24h,local_hour,23,8122,20.360286875153903,0.9199704506279242,12.785972256422884,38.693538353214265,0.5497014717272275,107.61957135650108,6
fold_2,hist_gradient_boosting,local_hour,23,8122,20.084807900576113,1.0,5.9986753093782355,18.13248926533562,0.9011131611439326,116.09264952153211,6
fold_2,latest_available,local_hour,23,8122,28.240088648116227,0.6804974144299434,18.13974390544201,53.972243589270875,0.12387801314480029,85.50378883667818,6
fold_2,previous_day_24h,weekend,0,138336,19.858713566967385,0.6220795743696507,6.572143187601203,23.71569713129507,0.8355680837959663,63.29565051815505,6
fold_2,previous_week_168h,weekend,0,138336,19.93484703909322,0.6242771223687255,5.711513994910941,18.710096717454398,0.8976550561630182,61.69404371917114,6
fold_2,zone_hour_average,weekend,0,138336,19.797603512168205,0.9508587786259542,5.959385044876448,18.758269665020926,0.89712736198132,95.65824866642643,6
fold_2,rolling_mean_24h,weekend,0,138336,19.571423321960058,0.91830759888966,12.801947793777469,37.07764537645757,0.5980809235232276,100.49576892749786,6
fold_2,hist_gradient_boosting,weekend,0,138336,19.94512342525472,0.9999710848947491,4.685765523509422,14.232309604584053,0.9407804514407873,104.2881388750774,6
fold_2,latest_available,weekend,0,138336,19.629727619708536,0.6245301295396716,18.958282731899143,55.4863104609219,0.09990982299685136,95.09417319115808,6
fold_2,previous_day_24h,weekend,1,56330,21.68933072962897,0.6393751109533109,8.199201136161903,27.779362303663934,0.7369178611565497,66.35503700046335,6
fold_2,previous_week_168h,weekend,1,56330,19.536907509320077,0.6374045801526718,5.069430143795491,15.658027175178876,0.9164164322455073,61.76864856515603,6
fold_2,zone_hour_average,weekend,1,56330,19.859383552664628,0.9509852654003196,8.424995765320007,28.799782797946637,0.7172352653709764,98.31894508351544,6
fold_2,rolling_mean_24h,weekend,1,56330,22.31437067282088,0.9235398544292561,12.474838747854902,37.369883829746705,0.5239086229336516,97.26639522268218,6
fold_2,hist_gradient_boosting,weekend,1,56330,19.340461752124316,1.0,4.630783954019772,13.785799437232278,0.9352095894622452,102.24590930614326,6
fold_2,latest_available,weekend,1,56330,22.12124977809338,0.6334635185513936,19.582123202556364,58.11042717833802,-0.15121106734474377,86.57896658083635,6
fold_2,previous_day_24h,rush_hour,0,160082,19.21249734511063,0.6093377144213591,6.93261578441049,25.612450975198755,0.7785672409030067,64.75286986306129,6
fold_2,previous_week_168h,rush_hour,0,160082,18.341499981259606,0.6060144176109744,5.095725940455517,16.889144823033895,0.9037158256262242,61.892802301366984,6
fold_2,zone_hour_average,rush_hour,0,160082,18.774621862818965,0.9503192114041553,6.632595182274403,22.643504919281416,0.8269279679020974,100.82713149712694,6
fold_2,rolling_mean_24h,rush_hour,0,160082,20.55304416903004,0.9202096425581889,12.710416640638341,37.28753630951032,0.5306822609597353,102.80696024632356,6
fold_2,hist_gradient_boosting,rush_hour,0,160082,18.292112470617642,0.9999750128059369,4.3905392863432535,13.520158547691285,0.9382974432361036,107.79273288410926,6
fold_2,latest_available,rush_hour,0,160082,21.790207518646692,0.6421271598305868,19.592533826413963,58.24237813235404,-0.14503243894076578,90.99570777301777,6
fold_2,previous_day_24h,rush_hour,1,34584,25.831598427018275,0.7092297015961138,7.553724265556327,21.683804322166957,0.8994121974422389,61.53358289662915,6
fold_2,previous_week_168h,rush_hour,1,34584,26.661953504510755,0.7301931529030765,7.516047883414296,21.892388829046197,0.8974677075231309,60.89554787193694,6
fold_2,zone_hour_average,rush_hour,1,34584,24.633395152010014,0.9535623409669212,6.859194976279587,19.625023677425716,0.9176061606367412,76.06629654609404,6
fold_2,rolling_mean_24h,rush_hour,1,34584,19.495388040712466,0.9180256766134629,12.692834836918806,36.57785673975864,0.7137728205622207,84.53778981887761,6
fold_2,hist_gradient_boosting,rush_hour,1,34584,26.611694891620004,1.0,5.962751837662866,16.542824026180117,0.9414544808259673,84.73975783841603,6
fold_2,latest_available,rush_hour,1,34584,13.687485542447375,0.5576278047652093,17.03857275040481,45.97164565781417,0.5478792255830884,100.19563492801076,6
fold_2,previous_day_24h,zone_cohort,dense,127053,31.039424492141077,0.8370286415905174,10.550990531510472,30.884566974755675,0.7971210696508491,70.10670020639206,6
fold_2,previous_week_168h,zone_cohort,dense,127053,30.16125553902702,0.8360998953192762,8.226779375536193,22.116019371262965,0.8959677870925111,66.68058029729734,6
fold_2,zone_hour_average,zone_cohort,dense,127053,30.16159141895009,0.9997560073355214,10.012647861299742,27.39425872433401,0.8403852509085635,71.69677188017184,6
fold_2,rolling_mean_24h,zone_cohort,dense,127053,31.003307346802774,1.0,19.227096500410592,45.994639317098645,0.5500457602424391,84.69351891804142,6
fold_2,hist_gradient_boosting,zone_cohort,dense,127053,30.022078165090683,0.9999685170755511,6.879717088941769,17.44586751408621,0.9352650147414803,68.2359040235187,6
fold_2,latest_available,zone_cohort,dense,127053,30.980094921017212,0.8364462074882136,29.03201813416448,69.62982088464419,-0.031203715875235627,108.64873716736899,6
fold_2,previous_day_24h,zone_cohort,sparse,67613,0.37393696478487864,0.23257361749959327,0.450948782038957,1.1149325345813963,-0.246822139256496,53.04571255517235,6
fold_2,previous_week_168h,zone_cohort,sparse,67613,0.3866564122284176,0.23717332465650096,0.45009095883927647,1.1769607329611276,-0.3894127351366292,52.38589379406296,6
fold_2,zone_hour_average,zone_cohort,sparse,67613,0.3738878681471493,0.8590803543697217,0.3969732493276164,0.876710828592382,0.22906090565219506,142.90144951979235,6
fold_2,rolling_mean_24h,zone_cohort,sparse,67613,0.37474610405296815,0.7691568189549347,0.4557943738630145,0.9535664482243031,0.08796973265491304,127.49963874039189,6
fold_2,hist_gradient_boosting,zone_cohort,sparse,67613,0.5055493402738123,1.0,0.5172588746071712,0.9176539935592517,0.15537244477250722,170.3332160492455,6
fold_2,latest_available,zone_cohort,sparse,67613,0.37676186532175765,0.23375682191294572,0.5482525549820301,1.3491688032105524,-0.8257441122300915,62.529287662798914,6
fold_2,previous_day_24h,target_cohort,positive,121824,32.27111242448122,0.8484781323877069,10.946004071447334,31.509455627354626,0.795205624900799,71.84500873650184,6
fold_2,previous_week_168h,target_cohort,positive,121824,31.40363146834778,0.8507108615707907,8.562877593905963,22.58399958016819,0.8947946227744429,68.03532313510061,6
fold_2,zone_hour_average,target_cohort,positive,121824,31.31476465646553,0.9994910690832677,10.313789036288922,27.965171782615347,0.8386863170652616,50.09099737386058,6
fold_2,rolling_mean_24h,target_cohort,positive,121824,31.88951752801856,0.9980463619648017,19.65282360892216,46.80744625333019,0.5480752584044035,64.73928563540872,6
fold_2,hist_gradient_boosting,target_cohort,positive,121824,31.190768782506986,0.9999671657473076,7.061576791905248,17.808482202929415,0.9345830883677744,46.11501880284473,6
fold_2,latest_available,target_cohort,positive,121824,31.767894667717364,0.7956478198056213,29.831379695298136,70.86510991679779,-0.035860216924422206,106.72889356834908,6
fold_2,previous_day_24h,target_cohort,zero,72842,0.5153482880755608,0.2568161225666511,0.5153482880755608,2.1022730333776622,,51.36322451333022,6
fold_2,previous_week_168h,target_cohort,zero,72842,0.44623980670492297,0.2557315834271437,0.44623980670492297,1.1882997228372696,,51.14631668542874,6
fold_2,zone_hour_average,target_cohort,zero,72842,0.5835982739579181,0.8696219214189616,0.5835982739579181,1.3138969663903795,,173.9243842837923,6
fold_2,rolling_mean_24h,target_cohort,zero,72842,1.0912980606426694,0.7889953598198841,1.0912980606426694,5.15307396423877,,157.79907196397681,6
fold_2,hist_gradient_boosting,target_cohort,zero,72842,0.669841416944461,1.0,0.669841416944461,1.1180721265081985,,200.0,6
fold_2,latest_available,target_cohort,zero,72842,1.2560885203591334,0.34525411163888964,1.2560885203591334,7.711859483598233,,69.05082232777794,6
fold_3,previous_day_24h,borough,Bronx,30960,1.1548772609819122,0.4908268733850129,1.0036175710594315,1.7159760031570526,0.07207354528635979,77.125156720119,6
fold_3,previous_week_168h,borough,Bronx,30960,1.160109819121447,0.49334625322997416,0.9628552971576227,1.656480500512702,0.13530331950294894,75.23216920340201,6
fold_3,zone_hour_average,borough,Bronx,30960,1.215564970170504,0.9806201550387597,0.842669111323047,1.3008557432693426,0.46672722374454045,123.83837380782713,6
fold_3,rolling_mean_24h,borough,Bronx,30960,1.1557749246339364,0.963501291989664,1.0850169573643411,1.6306744157856512,0.1620354410232575,125.00302235620747,6
fold_3,hist_gradient_boosting,borough,Bronx,30960,1.1686662057628763,1.0,0.906878076703461,1.3701845877801337,0.4083712199861135,129.74303948627238,6
fold_3,latest_available,borough,Bronx,30960,1.156686046511628,0.49050387596899225,1.4635012919896642,2.3690238288815895,-0.7686015210524251,104.01513525225057,6
fold_3,previous_day_24h,borough,Brooklyn,43920,3.18023679417122,0.6691256830601093,2.1924635701275044,4.668522757348777,0.21776143369381595,77.76338617229126,6
fold_3,previous_week_168h,borough,Brooklyn,43920,3.1583105646630236,0.6704918032786885,1.7662568306010928,3.0765802579794186,0.6602834058427562,72.87588919962663,6
fold_3,zone_hour_average,borough,Brooklyn,43920,3.5411444020537224,0.9938524590163934,2.0165979304638637,3.887221424049229,0.45767600157956123,100.2631030030525,6
fold_3,rolling_mean_24h,borough,Brooklyn,43920,3.1829140103217965,0.9866575591985428,2.4933306769884642,4.609274146765243,0.23749035294440568,106.03479543888973,6
fold_3,hist_gradient_boosting,borough,Brooklyn,43920,3.1095752325212707,1.0,1.6875781885249392,2.9202055865403524,0.6939396162056206,100.11201128518486,6
fold_3,latest_available,borough,Brooklyn,43920,3.1901411657559198,0.6697632058287796,3.456648451730419,6.4999579653958195,-0.5163566486219142,108.06721526715643,6
fold_3,previous_day_24h,borough,Manhattan,49680,66.17894524959742,0.8807971014492754,18.874376006441224,42.005588971360915,0.7885314223013181,42.24122676724721,6
fold_3,previous_week_168h,borough,Manhattan,49680,65.07502012882448,0.8813003220611916,11.911674718196457,23.43267414085094,0.9341924997954975,32.7761685741658,6
fold_3,zone_hour_average,borough,Manhattan,49680,65.00960731990348,0.9589371980676329,18.749127117602605,38.149453506482004,0.8255751615176165,50.162782385054,6
fold_3,rolling_mean_24h,borough,Manhattan,49680,66.17733410493827,0.9565418679549115,40.104016539184116,67.78791686704636,0.4492731331405242,74.04112446866705,6
fold_3,hist_gradient_boosting,borough,Manhattan,49680,66.16400807351515,1.0,10.94165136781297,20.487921782081266,0.9496931062404615,48.96215415674548,6
fold_3,latest_available,borough,Manhattan,49680,66.38220611916265,0.881219806763285,61.493256843800324,103.62660920082519,-0.2869873044850737,95.62434849076531,6
fold_3,previous_day_24h,borough,Queens,49680,6.75787037037037,0.5312600644122383,2.5854066022544284,11.664866148157396,0.8919157024231529,74.03780043500268,6
fold_3,previous_week_168h,borough,Queens,49680,6.709782608695652,0.5320048309178744,2.2638486312399357,9.162660521163433,0.9333122173736573,71.84830263640858,6
fold_3,zone_hour_average,borough,Queens,49680,6.822144686436335,0.9927536231884058,2.322034284385579,9.542082568665633,0.927674836263644,121.71768290464412,6
fold_3,rolling_mean_24h,borough,Queens,49680,6.7571667002147064,0.9521537842190017,4.189404690016103,20.229696391414326,0.6749263146664527,118.2787106357131,6
fold_3,hist_gradient_boosting,borough,Queens,49680,6.702621963823021,1.0,2.0523911602244658,8.243892057090784,0.9460156746494653,123.37880739883995,6
fold_3,latest_available,borough,Queens,49680,6.775644122383253,0.5310587761674718,5.98743961352657,30.01283005306032,0.2844878989112878,90.82488286684993,6
fold_3,previous_day_24h,borough,Staten Island,14400,0.02020833333333333,0.01840277777777778,0.03756944444444445,0.2119682890329484,-1.0320422670375033,6.9259259259259265,6
fold_3,previous_week_168h,borough,Staten Island,14400,0.02236111111111111,0.01923611111111111,0.03888888888888889,0.22484562605386735,-1.286440139726897,6.930555555555555,6
fold_3,zone_hour_average,borough,Staten Island,14400,0.03262989874668234,0.6895833333333333,0.04835654751893254,0.1499695822867935,-0.017178828520926226,137.6557736733716,6
fold_3,rolling_mean_24h,borough,Staten Island,14400,0.02030960648148148,0.31381944444444443,0.03869502314814814,0.15113901715876035,-0.033104221120257904,64.32972432847782,6
fold_3,hist_gradient_boosting,borough,Staten Island,14400,0.2873495767808693,1.0,0.29437975867511573,0.32449477005941546,-3.7621859760643748,198.22386556911755,6
fold_3,latest_available,borough,Staten Island,14400,0.020069444444444445,0.018680555555555554,0.03868055555555556,0.21065374432940895,-1.0069165512163285,7.212962962962964,6
fold_3,previous_day_24h,local_hour,0,7860,13.793384223918576,0.48982188295165396,8.468956743002545,37.41461186036249,0.41413563448413704,62.62255173785426,6
fold_3,previous_week_168h,local_hour,0,7860,14.195928753180661,0.49287531806615775,4.0539440203562345,14.961069072304277,0.9063215166410805,53.53312049735248,6
fold_3,zone_hour_average,local_hour,0,7860,14.658717827467406,0.9541984732824428,9.529302618838525,33.31762347285541,0.5354177353205554,126.1262173618486,6
fold_3,rolling_mean_24h,local_hour,0,7860,20.023250636132314,0.9151399491094148,14.292090754877016,43.540979054961575,0.2065656917152464,122.38603590920816,6
fold_3,hist_gradient_boosting,local_hour,0,7860,13.974472894438374,1.0,3.791497603990134,11.953292140209598,0.9402015864012225,126.20117305519688,6
fold_3,latest_available,local_hour,0,7860,32.484605597964375,0.6587786259541984,24.979262086513994,72.8245993097871,-1.2195799981411928,92.82868071735201,6
fold_3,previous_day_24h,local_hour,1,7860,8.848473282442749,0.41475826972010177,6.576590330788804,35.32306010333212,0.2641528523573158,57.03293645891686,6
fold_3,previous_week_168h,local_hour,1,7860,9.160178117048346,0.421882951653944,2.801526717557252,12.289675842572969,0.9109258214339774,49.9304444579895,6
fold_3,zone_hour_average,local_hour,1,7860,9.71738836722286,0.9465648854961832,7.905542795379315,31.673584988858433,0.4083492571518559,139.0337695531194,6
fold_3,rolling_mean_24h,local_hour,1,7860,20.03514631043257,0.9153944020356234,16.75590542832909,47.75120380232277,-0.34474401275794775,140.72054234113114,6
fold_3,hist_gradient_boosting,local_hour,1,7860,9.30358066591225,1.0,2.8487064438518117,9.359651699816625,0.9483357242664596,138.57676384744394,6
fold_3,latest_available,local_hour,1,7860,32.79338422391857,0.6250636132315521,28.462468193384225,80.57584339887609,-2.8289587729901915,98.83091504431926,6
fold_3,previous_day_24h,local_hour,2,7860,5.744783715012723,0.3555979643765903,4.764758269720102,26.451080681348277,0.20071734124312568,52.05064671527005,6
fold_3,previous_week_168h,local_hour,2,7860,5.96882951653944,0.3642493638676845,1.9923664122137406,9.241652584556437,0.9024307813986698,45.78243028535233,6
fold_3,zone_hour_average,local_hour,2,7860,6.454368865866957,0.9351145038167938,5.819924572882588,23.564731362261,0.36563598883273984,145.49957925573497,6
fold_3,rolling_mean_24h,local_hour,2,7860,20.04967663273961,0.9152671755725191,17.555719889737063,46.46161568152469,-1.4660516389324472,152.7165181550676,6
fold_3,hist_gradient_boosting,local_hour,2,7860,6.296315782152292,1.0,2.30786371614016,7.795166230868864,0.9305832443612583,148.24527761781957,6
fold_3,latest_available,local_hour,2,7860,28.71005089058524,0.5810432569974555,25.497201017811705,70.14866438146785,-4.62150191972486,97.63077413845042,6
fold_3,previous_day_24h,local_hour,3,7860,3.9922391857506363,0.37302798982188295,3.395038167938931,16.96207789493949,0.2044887628376617,57.40841013268188,6
fold_3,previous_week_168h,local_hour,3,7860,4.2180661577608145,0.38702290076335877,1.615267175572519,6.708298760835794,0.8755734657974665,51.68967183437907,6
fold_3,zone_hour_average,local_hour,3,7860,4.720698507059381,0.9618320610687023,4.1461280371095945,15.136529514288606,0.3665084354668501,147.74928345681576,6
fold_3,rolling_mean_24h,local_hour,3,7860,20.07457591178965,0.9148854961832061,17.625031806615777,45.19284831518602,-4.647128108312806,152.07953154377583,6
fold_3,hist_gradient_boosting,local_hour,3,7860,4.558535116358428,1.0,1.945627803708643,6.0690096105679645,0.8981587168438468,146.8713682242686,6
fold_3,latest_available,local_hour,3,7860,27.5235368956743,0.565648854961832,24.665521628498727,69.06558357536406,-12.188991358639754,98.13055573234833,6
fold_3,previous_day_24h,local_hour,4,7860,3.3071246819338422,0.4910941475826972,2.5389312977099237,8.795702165849569,0.25820001413839155,67.03406366619127,6
fold_3,previous_week_168h,local_hour,4,7860,3.505089058524173,0.5,1.5834605597964377,4.315986025111381,0.8213899672907994,61.18880900813418,6
fold_3,zone_hour_average,local_hour,4,7860,3.934945619131257,0.950381679389313,2.7781846022202705,7.7946162263548295,0.417447239038398,123.33299290301478,6
fold_3,rolling_mean_24h,local_hour,4,7860,20.10284669211196,0.9145038167938931,17.444598176420694,44.83670219789299,-18.275831208155832,134.98194841921244,6
fold_3,hist_gradient_boosting,local_hour,4,7860,3.8024992444983297,1.0,1.790264334559757,4.361824865333347,0.8175758890923964,129.3309099772765,6
fold_3,latest_available,local_hour,4,7860,29.20737913486005,0.5631043256997456,26.683460559796437,76.86531130116457,-55.65086835606023,96.11612053616719,6
fold_3,previous_day_24h,local_hour,5,7860,4.035114503816794,0.6027989821882952,2.061323155216285,4.408383177445644,0.7283859100952632,67.69560980181839,6
fold_3,previous_week_168h,local_hour,5,7860,3.95559796437659,0.6057251908396947,1.6535623409669211,3.295864476326421,0.8481788372493857,61.326003278968784,6
fold_3,zone_hour_average,local_hour,5,7860,4.2922718367898405,0.9541984732824428,1.7961088968452341,3.6855857258457307,0.8101517244338781,99.0655477617526,6
fold_3,rolling_mean_24h,local_hour,5,7860,20.126473706530955,0.9147582697201018,16.74628922815946,43.13524703808983,-25.00508043720537,116.35865606064056,6
fold_3,hist_gradient_boosting,local_hour,5,7860,4.1525299434583145,1.0,1.617793443401393,3.046357176190837,0.8702954337690825,111.3845964208069,6
fold_3,latest_available,local_hour,5,7860,27.290839694656487,0.5725190839694656,24.465394402035624,70.71754553729463,-68.89530104889354,99.7139804716235,6
fold_3,previous_day_24h,local_hour,6,7860,8.228753180661577,0.6909669211195929,3.2782442748091603,7.2289441544243696,0.8227396160165729,63.08345544999731,6
fold_3,previous_week_168h,local_hour,6,7860,8.078498727735369,0.6909669211195929,2.48676844783715,4.818380837286502,0.9212475284888879,56.107059385317605,6
fold_3,zone_hour_average,local_hour,6,7860,8.233092272666399,0.9694656488549618,3.0859492879782153,6.675053518334286,0.848862772736427,87.72803539913681,6
fold_3,rolling_mean_24h,local_hour,6,7860,20.140071034775236,0.9145038167938931,13.925620229007633,36.702051329157264,-3.5692258259599976,100.09073177428253,6
fold_3,hist_gradient_boosting,local_hour,6,7860,8.092418134395189,1.0,2.3775205109287847,4.448430481202007,0.9328763503152535,94.52886381307654,6
fold_3,latest_available,local_hour,6,7860,20.771628498727736,0.5641221374045802,17.313740458015268,53.46722617463113,-8.696996841845747,97.5548927442604,6
fold_3,previous_day_24h,local_hour,7,7860,14.934605597964376,0.7295165394402036,5.529007633587787,15.490216891264705,0.8039165370890522,62.895918552309666,6
fold_3,previous_week_168h,local_hour,7,7860,14.59236641221374,0.7311704834605598,3.7910941475826974,8.295312757241767,0.9437669680390021,56.65279971832353,6
fold_3,zone_hour_average,local_hour,7,7860,14.480380340163384,0.9618320610687023,6.308675951966429,15.956796977729358,0.7919261947710585,82.33415161118661,6
fold_3,rolling_mean_24h,local_hour,7,7860,20.142350508905853,0.9146310432569974,11.544704198473282,29.27332470781272,0.2997226641211035,93.88986261560203,6
fold_3,hist_gradient_boosting,local_hour,7,7860,15.172820302802585,1.0,3.4262940643541966,7.132169466644587,0.9584310285896124,84.9314341708728,6
fold_3,latest_available,local_hour,7,7860,13.848091603053435,0.4902035623409669,16.725954198473282,52.082145431745964,-1.2166835711287782,105.38000254074811,6
fold_3,previous_day_24h,local_hour,8,7860,19.97519083969466,0.7321882951653944,6.948854961832061,19.558400835881177,0.8338060367562401,62.401786226685026,6
fold_3,previous_week_168h,local_hour,8,7860,19.717430025445292,0.733969465648855,4.564885496183206,10.777981513074849,0.9495311477311976,55.88187765439954,6
fold_3,zone_hour_average,local_hour,8,7860,19.102952993169946,0.9694656488549618,7.639022811481631,20.771275418866097,0.8125545562740393,81.8518674358266,6
fold_3,rolling_mean_24h,local_hour,8,7860,20.143548558100083,0.9146310432569974,11.218400127226463,29.04840137019437,0.6333995167121003,88.36410040386876,6
fold_3,hist_gradient_boosting,local_hour,8,7860,19.826100933637928,1.0,4.068114261699544,9.683432807602061,0.9592612924754647,83.96887022213917,6
fold_3,latest_available,local_hour,8,7860,8.877226463104325,0.41564885496183207,20.368956743002546,59.43729563127252,-0.5348524851834142,116.81843619281327,6
fold_3,previous_day_24h,local_hour,9,7860,21.031424936386767,0.7269720101781171,5.286259541984733,13.615961296787804,0.9221794999412914,57.31091934228313,6
fold_3,previous_week_168h,local_hour,9,7860,20.701908396946564,0.7264631043256997,4.088040712468193,9.237218664262501,0.9641837717187938,55.441343758307674,6
fold_3,zone_hour_average,local_hour,9,7860,19.981585643498057,0.9694656488549618,5.33236462657917,14.792332007983127,0.9081517909754441,77.39580650822974,6
fold_3,rolling_mean_24h,local_hour,9,7860,20.143638676844784,0.9143765903307888,8.736015691263782,23.189430049713046,0.7742760975659952,81.30590442893453,6
fold_3,hist_gradient_boosting,local_hour,9,7860,20.97896443742556,1.0,3.5718734446209144,7.7842210693736895,0.9745652353658518,82.62816432633858,6
fold_3,latest_available,local_hour,9,7860,5.746946564885496,0.3559796437659033,20.651908396946563,55.27834034177832,-0.2826477141991821,123.29303013081724,6
fold_3,previous_day_24h,local_hour,10,7860,21.0676844783715,0.7022900763358778,4.593384223918575,11.420585404976682,0.9473480050273266,59.6028406161831,6
fold_3,previous_week_168h,local_hour,10,7860,20.793256997455472,0.700381679389313,3.9400763358778628,9.45131491854797,0.9639402619386599,58.2529971587777,6
fold_3,zone_hour_average,local_hour,10,7860,20.39252711932503,0.9656488549618321,4.035002901656176,10.781267450805418,0.9530778677933884,79.80051769021196,6
fold_3,rolling_mean_24h,local_hour,10,7860,20.143675784563193,0.9143765903307888,7.09781064461408,19.349540607887512,0.8488600004690806,79.78358543408534,6
fold_3,hist_gradient_boosting,local_hour,10,7860,20.781095320290852,1.0,3.4450461613341212,8.051285442826222,0.9738321195273958,89.02469140709717,6
fold_3,latest_available,local_hour,10,7860,3.9931297709923665,0.3702290076335878,19.93765903307888,52.687491454093646,-0.12060651348747764,117.69836389817306,6
fold_3,previous_day_24h,local_hour,11,7860,22.94796437659033,0.7055979643765903,4.6970737913486005,11.688302366628802,0.9540905168753274,60.250179022191745,6
fold_3,previous_week_168h,local_hour,11,7860,22.433715012722647,0.7005089058524173,4.056361323155216,9.990141450883035,0.9664615643001918,58.66276090873668,6
fold_3,zone_hour_average,local_hour,11,7860,21.851714209187087,0.9694656488549618,3.9799272353912767,10.713514695240228,0.9614287719170085,80.59624022206272,6
fold_3,rolling_mean_24h,local_hour,11,7860,20.144343723494487,0.9142493638676845,6.918113867684477,19.543200213223646,0.8716514726750253,77.47333384557822,6
fold_3,hist_gradient_boosting,local_hour,11,7860,22.4538874470542,1.0,3.5794930371541516,8.76655870845718,0.9741739600456262,88.32741359691933,6
fold_3,latest_available,local_hour,11,7860,3.323155216284987,0.49236641221374045,20.7735368956743,55.72462053108422,-0.04350315606150401,108.43610246750303,6
fold_3,previous_day_24h,local_hour,12,7860,24.895419847328245,0.7053435114503817,5.524045801526718,14.618050642276236,0.9388665520177247,59.259795411851016,6
fold_3,previous_week_168h,local_hour,12,7860,24.406361323155217,0.7013994910941476,4.704961832061069,12.56868660408294,0.9548061061059656,58.15866469634318,6
fold_3,zone_hour_average,local_hour,12,7860,23.590632114637742,0.9541984732824428,4.382386947011295,11.784321722714816,0.9602708614663897,77.95677575490201,6
fold_3,rolling_mean_24h,local_hour,12,7860,20.146177905004237,0.9145038167938931,7.789032018659881,22.908766657253786,0.8498575894732251,77.50045804489761,6
fold_3,hist_gradient_boosting,local_hour,12,7860,24.295607270156527,1.0,4.262474002936054,11.408900641585788,0.9627618958074596,88.31064759562514,6
fold_3,latest_available,local_hour,12,7860,4.079134860050891,0.6036895674300254,21.55,58.40500540611694,0.02411171670514245,97.99718665600783,6
fold_3,previous_day_24h,local_hour,13,7860,25.702798982188295,0.7019083969465649,5.7,14.774849684721223,0.9412300793248458,61.19146652145423,6
fold_3,previous_week_168h,local_hour,13,7860,25.27480916030534,0.6978371501272265,4.802544529262087,12.223428886382823,0.9597750917104434,58.86690305989465,6
fold_3,zone_hour_average,local_hour,13,7860,24.55259809829918,0.9580152671755725,4.733436007321102,12.517565207943312,0.9578159097889376,79.49698851150191,6
fold_3,rolling_mean_24h,local_hour,13,7860,20.150010602205256,0.9138676844783715,7.883460559796439,22.990525775362823,0.8576993876742564,77.51506357158776,6
fold_3,hist_gradient_boosting,local_hour,13,7860,25.30520988444488,1.0,4.361424092011269,11.278471034401873,0.9657540341553892,88.86896439945436,6
fold_3,latest_available,local_hour,13,7860,8.320737913486004,0.6912213740458015,19.313358778625954,53.322322734303036,0.23453192865974737,85.63997097398259,6
fold_3,previous_day_24h,local_hour,14,7860,28.18944020356234,0.7086513994910941,6.257124681933842,17.003012006782768,0.9382429270105468,62.4606385699876,6
fold_3,previous_week_168h,local_hour,14,7860,27.535368956743003,0.7090330788804071,5.534351145038168,14.920228937659196,0.9524461202446961,60.41192659474357,6
fold_3,zone_hour_average,local_hour,14,7860,26.243705638141158,0.9656488549618321,5.451665104236418,15.63110054818007,0.947806779559434,79.7596243229497,6
fold_3,rolling_mean_24h,local_hour,14,7860,20.156955046649706,0.9139949109414758,9.822784139100934,29.924013166719114,0.8087177570940016,77.78357239027402,6
fold_3,hist_gradient_boosting,local_hour,14,7860,27.72211934896186,1.0,5.046312700360256,13.445089195654683,0.9613844382856161,88.53238459683551,6
fold_3,latest_available,local_hour,14,7860,15.101272264631044,0.7302798982188295,17.057506361323156,47.855715078231306,0.5107818047050133,80.14444221029208,6
fold_3,previous_day_24h,local_hour,15,7860,28.690712468193386,0.6904580152671755,6.2211195928753185,17.023535571636657,0.9432874698648734,62.15929982612135,6
fold_3,previous_week_168h,local_hour,15,7860,27.93473282442748,0.6914758269720102,5.2676844783715016,14.295224206514,0.9600090758463599,59.9254531575343,6
fold_3,zone_hour_average,local_hour,15,7860,27.840431230748624,0.9541984732824428,5.579813401187447,16.231004364113733,0.9484450598547292,80.61326936361097,6
fold_3,rolling_mean_24h,local_hour,15,7860,20.165383799830366,0.9145038167938931,10.58717133163698,33.185908522912165,0.7844803260375526,80.47095817231718,6
fold_3,hist_gradient_boosting,local_hour,15,7860,28.336742064955907,1.0,4.700772856602309,12.774165800855547,0.9680666415894139,91.57601564672999,6
fold_3,latest_available,local_hour,15,7860,20.177480916030536,0.73206106870229,14.391094147582697,40.93264187031495,0.6721168872345487,77.9209043944248,6
fold_3,previous_day_24h,local_hour,16,7860,29.195165394402036,0.6797709923664123,6.87735368956743,19.73865506605741,0.926408605635191,62.915237411759676,6
fold_3,previous_week_168h,local_hour,16,7860,28.558778625954197,0.6767175572519084,5.4931297709923665,15.01956315455578,0.9573904920664216,60.74673129390216,6
fold_3,zone_hour_average,local_hour,16,7860,28.777186286326504,0.9541984732824428,5.961642337395651,16.878462284590892,0.9461906592361298,82.92167442184177,6
fold_3,rolling_mean_24h,local_hour,16,7860,20.170091178965226,0.9148854961832061,11.214938507209498,34.09166777975566,0.780472762957598,82.66292972598526,6
fold_3,hist_gradient_boosting,local_hour,16,7860,29.442465046970494,1.0,5.029886734758413,13.657307690508512,0.9647692325322019,89.94334143710351,6
fold_3,latest_available,local_hour,16,7860,21.14440203562341,0.7279898218829517,13.022010178117048,38.356827074278534,0.7221072187626969,73.56871393866557,6
fold_3,previous_day_24h,local_hour,17,7860,32.484605597964375,0.6587786259541984,7.870483460559797,22.76839356535884,0.9198186466557904,63.09603467636926,6
fold_3,previous_week_168h,local_hour,17,7860,31.698346055979645,0.655852417302799,5.764631043256998,14.97793967289172,0.9653013357522363,60.9309293904772,6
fold_3,zone_hour_average,local_hour,17,7860,32.232523101647246,0.9541984732824428,7.308359001830276,21.14815852153677,0.9308242754328232,87.20057729862604,6
fold_3,rolling_mean_24h,local_hour,17,7860,20.176123833757423,0.9145038167938931,14.443066157760814,42.31858882182454,0.7230056206433715,87.02718797357112,6
fold_3,hist_gradient_boosting,local_hour,17,7860,32.54349977078418,1.0,5.149263227524356,13.396273646579271,0.9722427380980683,93.08265540092802,6
fold_3,latest_available,local_hour,17,7860,21.212468193384225,0.7038167938931298,14.068066157760814,40.66103129101443,0.7442795961904791,72.50465479500784,6
fold_3,previous_day_24h,local_hour,18,7860,32.79338422391857,0.6250636132315521,8.326335877862595,24.594779540820806,0.9091306937808804,64.13260782806645,6
fold_3,previous_week_168h,local_hour,18,7860,32.13053435114504,0.6243002544529263,5.760687022900763,16.312684928221657,0.9600255736349507,60.36300853060208,6
fold_3,zone_hour_average,local_hour,18,7860,34.27565358373303,0.9656488549618321,8.209346078497601,23.445146254218777,0.9174271571875215,97.11571007221531,6
fold_3,rolling_mean_24h,local_hour,18,7860,20.180168575063615,0.9136132315521629,14.919015055131469,43.53157026647847,0.715331108183257,91.35523926543048,6
fold_3,hist_gradient_boosting,local_hour,18,7860,33.14968643794076,1.0,5.084115392345466,13.58890015297198,0.9722604150092352,97.68365159389863,6
fold_3,latest_available,local_hour,18,7860,23.04503816793893,0.7064885496183206,12.997582697201018,37.18261960940638,0.7923120443270399,72.22717036910454,6
fold_3,previous_day_24h,local_hour,19,7860,28.71005089058524,0.5810432569974555,8.160178117048346,24.573903181164606,0.8802141057587848,64.05776363709101,6
fold_3,previous_week_168h,local_hour,19,7860,28.294020356234096,0.5857506361323155,5.486895674300254,15.648016889368908,0.9514291161972073,58.384608885632446,6
fold_3,zone_hour_average,local_hour,19,7860,30.65763696547997,0.9656488549618321,7.655702672881624,21.3612764498531,0.9094868259421875,104.66897282490073,6
fold_3,rolling_mean_24h,local_hour,19,7860,20.182442748091603,0.9138676844783715,11.266231976251062,32.96109236469852,0.784493394580736,96.08642692379772,6
fold_3,hist_gradient_boosting,local_hour,19,7860,28.94012992395013,1.0,5.060746166787444,14.038924391318504,0.9609046537512056,106.79021221902447,6
fold_3,latest_available,local_hour,19,7860,24.95,0.7053435114503817,10.786641221374046,30.573956137424048,0.8145782523849887,74.86806203198682,6
fold_3,previous_day_24h,local_hour,20,7860,27.5235368956743,0.565648854961832,8.224554707379134,25.872232061758922,0.8619892026269718,63.45071793278575,6
fold_3,previous_week_168h,local_hour,20,7860,26.75559796437659,0.565267175572519,5.428880407124682,15.928462050929086,0.9476890075723443,58.506599379879624,6
fold_3,zone_hour_average,local_hour,20,7860,28.14709856110248,0.9580152671755725,7.481981129951135,23.496058327824866,0.8861756202761296,103.97752976625047,6
fold_3,rolling_mean_24h,local_hour,20,7860,20.185093299406272,0.9139949109414758,10.812075911789654,33.53406914834144,0.7681442984176681,98.74022420076452,6
fold_3,hist_gradient_boosting,local_hour,20,7860,27.620812730843188,1.0,5.112075101957117,14.574893436345947,0.9562018218950423,112.30768624701594,6
fold_3,latest_available,local_hour,20,7860,25.76641221374046,0.7015267175572519,10.824173027989822,30.716064043604103,0.8054745637581409,77.04882482997478,6
fold_3,previous_day_24h,local_hour,21,7860,29.20737913486005,0.5631043256997456,9.620737913486005,30.67677051718234,0.8420163410818524,62.282038268515514,6
fold_3,previous_week_168h,local_hour,21,7860,28.362595419847327,0.5603053435114503,6.4189567430025445,20.148661867816763,0.9318469478171223,58.97545004268816,6
fold_3,zone_hour_average,local_hour,21,7860,28.527055326622982,0.9618320610687023,8.932553086086154,28.541594267263253,0.8632430680514602,106.37879206336123,6
fold_3,rolling_mean_24h,local_hour,21,7860,20.188194444444445,0.9142493638676845,13.465622349448685,42.999873916273884,0.6895960371556527,101.52758453592381,6
fold_3,hist_gradient_boosting,local_hour,21,7860,29.025983129895906,1.0,5.854811739817275,17.465343884485225,0.9487908962386976,113.2958600908483,6
fold_3,latest_available,local_hour,21,7860,28.26386768447837,0.7087786259541985,13.889949109414758,41.02147857933214,0.7175019119079096,79.2346160583095,6
fold_3,previous_day_24h,local_hour,22,7860,27.290839694656487,0.5725190839694656,10.611959287531807,34.62494063525468,0.7739430227275019,63.78352904655179,6
fold_3,previous_week_168h,local_hour,22,7860,26.915139949109413,0.5731552162849872,6.471374045801527,19.4307768516476,0.928809807108414,58.12033031977423,6
fold_3,zone_hour_average,local_hour,22,7860,25.80422887252584,0.9618320610687023,9.761093472043953,29.42284464633127,0.8367665504309988,106.12083010977258,6
fold_3,rolling_mean_24h,local_hour,22,7860,20.19464058524173,0.9143765903307888,13.609886556403731,41.789801247354575,0.6707085515253436,101.67624137924304,6
fold_3,hist_gradient_boosting,local_hour,22,7860,26.76325836969429,1.0,5.998514350781923,17.617981270708665,0.941473557155782,112.77024705578644,6
fold_3,latest_available,local_hour,22,7860,28.845419847328245,0.6914758269720102,15.418447837150127,47.15958640966637,0.5806469398771028,78.8083723098189,6
fold_3,previous_day_24h,local_hour,23,7860,20.771628498727736,0.5641221374045802,10.379643765903309,36.743841982897244,0.6109624312862645,67.78060880648141,6
fold_3,previous_week_168h,local_hour,23,7860,20.795165394402037,0.561704834605598,5.569847328244275,17.751590259551467,0.9091976803976111,59.69706676944383,6
fold_3,zone_hour_average,local_hour,23,7860,20.18611092346146,0.9541984732824428,10.044620459816704,30.646732975851727,0.7293607497127861,109.8981717093897,6
fold_3,rolling_mean_24h,local_hour,23,7860,20.200874681933843,0.9143765903307888,12.564784775233248,38.28669352586184,0.577605614599672,105.81624152857437,6
fold_3,hist_gradient_boosting,local_hour,23,7860,20.52824596479922,1.0,5.241071227277295,15.424509599352993,0.9314440515924758,115.73059742134718,6
fold_3,latest_available,local_hour,23,7860,29.344783715012724,0.6778625954198473,17.825826972010177,53.63000067136097,0.17122237473484314,82.85779201583631,6
fold_3,previous_day_24h,weekend,0,138336,19.533837901919963,0.6063786722183668,5.507489012260004,19.65715239834476,0.883838469345398,60.32857911565257,6
fold_3,previous_week_168h,weekend,0,138336,19.772004395095998,0.6137014226231784,4.05568326393708,12.133798774191641,0.9557396653338905,56.685290027828955,6
fold_3,zone_hour_average,weekend,0,138336,19.94397934601141,0.958969465648855,5.329988298040968,16.760640869127545,0.9155494742224028,98.06473882633338,6
fold_3,rolling_mean_24h,weekend,0,138336,19.37230185924127,0.9135944367337497,12.115486930372427,35.45518946412382,0.6220966536149745,100.32545999597185,6
fold_3,hist_gradient_boosting,weekend,0,138336,20.148258597285423,1.0,3.6743542854636613,10.367821629661988,0.9676855959860673,104.30118996036123,6
fold_3,latest_available,weekend,0,138336,19.41514862364099,0.6113954429794124,18.197179331482765,53.873733590720555,0.12748025177870814,93.43859277590448,6
fold_3,previous_day_24h,weekend,1,50304,21.807212150127228,0.6185591603053435,8.590648854961833,28.899956031997686,0.7440060804111776,66.27750987873945,6
fold_3,previous_week_168h,weekend,1,50304,19.999224713740457,0.6026359732824428,4.9923862913486,15.17495705838796,0.9294186066494814,59.35560712143204,6
fold_3,zone_hour_average,weekend,1,50304,19.94397934601141,0.958969465648855,8.44545937360418,27.730174883041858,0.7643103546221262,103.23180031793683,6
fold_3,rolling_mean_24h,weekend,1,50304,22.25206908662002,0.9169052162849872,13.282156157230705,38.80222685953213,0.5385245660430376,101.96637229916392,6
fold_3,hist_gradient_boosting,weekend,1,50304,20.071504508374726,1.0,4.8442073429284935,13.953333396723338,0.940325164781198,107.37669485648371,6
fold_3,latest_available,weekend,1,50304,22.361621342239186,0.6054190521628499,20.5311506043257,59.61271601314921,-0.08921372270437722,87.61458317844819,6
fold_3,previous_day_24h,rush_hour,0,154056,18.942423534299216,0.5900062315002337,6.349587163109518,23.40385035313028,0.8181583951301841,62.322889953318864,6
fold_3,previous_week_168h,rush_hour,0,154056,18.317384587422755,0.5878966090252895,4.139397361998235,13.034981405828649,0.9435921609343135,57.43284108014962,6
fold_3,zone_hour_average,rush_hour,0,154056,18.85197096302785,0.958184036973568,6.158851844396063,20.810763372800277,0.8562212667778379,103.8888150632411,6
fold_3,rolling_mean_24h,rush_hour,0,154056,20.31793903948348,0.9147647608661785,12.544229587509303,36.77030696535011,0.5511376885809806,104.40443099389564,6
fold_3,hist_gradient_boosting,rush_hour,0,154056,18.5715499829913,1.0,3.9045768446860465,11.57229291709872,0.9555412276231713,109.80938225712518,6
fold_3,latest_available,rush_hour,0,154056,21.63588565197071,0.6205211092070416,19.42487147530768,57.59706332614556,-0.10133467316473932,90.50377908726499,6
fold_3,previous_day_24h,rush_hour,1,34584,25.4750462641684,0.6970275271801989,6.240920656951191,17.903298731862346,0.929938092477879,60.09782103962908,6
fold_3,previous_week_168h,rush_hour,1,34584,26.582176729123294,0.7125549386999769,5.045252139717789,12.922573884455584,0.9634982329990411,57.23938747636867,6
fold_3,zone_hour_average,rush_hour,1,34584,24.80838032475636,0.962468193384224,6.169372246914762,17.690612487623827,0.9315928370144115,79.63685230425853,6
fold_3,rolling_mean_24h,rush_hour,1,34584,19.34867038707688,0.9131968540365487,11.902606696738376,34.57559168412967,0.7386905701254121,84.54227980986352,6
fold_3,hist_gradient_boosting,rush_hour,1,34584,27.06013647708915,1.0,4.350421877967337,10.79892215430333,0.9745095993423438,84.23815866913633,6
fold_3,latest_available,rush_hour,1,34584,13.808553088133241,0.5620518158686097,16.12323617857969,44.73135427252746,0.5626391200988772,98.0405670653622,6
fold_3,previous_day_24h,zone_cohort,dense,123120,30.67487004548408,0.8179256010396361,9.47496751137102,27.83502434428455,0.8367595015908594,68.09385064414032,6
fold_3,previous_week_168h,zone_cohort,dense,123120,30.20546621182586,0.8198099415204678,6.381083495776478,16.092151831010877,0.9454401780710326,61.956687376076275,6
fold_3,zone_hour_average,zone_cohort,dense,123120,30.358479925868682,1.0,9.233636074801085,25.089259284338457,0.8673765318674977,73.16902534959664,6
fold_3,rolling_mean_24h,zone_cohort,dense,123120,30.675096789040502,1.0,18.809860298895387,45.02416267767592,0.5728936867425551,86.76562723268373,6
fold_3,hist_gradient_boosting,zone_cohort,dense,123120,30.57617223798905,1.0,5.838451905076432,14.140048092534457,0.957874363659229,69.51512916967239,6
fold_3,latest_available,zone_cohort,dense,123120,30.76764132553606,0.8181286549707603,28.562784275503574,68.64559412367696,0.007181096832900136,108.79510956227546,6
fold_3,previous_day_24h,zone_cohort,sparse,65520,0.3439102564102564,0.2182081807081807,0.41926129426129427,1.0758759954145076,-0.3704714806667406,50.30407945934778,6
fold_3,previous_week_168h,zone_cohort,sparse,65520,0.34072039072039073,0.2179029304029304,0.40514346764346765,1.0204188251666955,-0.23282800402857395,48.82987472807924,6
fold_3,zone_hour_average,zone_cohort,sparse,65520,0.37387386078510326,0.8818681318681318,0.38651367518422464,0.8068661294579089,0.2291878760970959,148.81388572086095,6
fold_3,rolling_mean_24h,zone_cohort,sparse,65520,0.3439700345950346,0.7537698412698413,0.4316786223036223,0.8790762563291827,0.08504725002193647,127.06586082496776,6
fold_3,hist_gradient_boosting,zone_cohort,sparse,65520,0.4940192027189613,1.0,0.5059261608602824,0.8488248240632547,0.14693581094417052,172.02966985725,6
fold_3,latest_available,zone_cohort,sparse,65520,0.34464285714285714,0.21833028083028083,0.5108974358974359,1.2317532696186022,-0.7963585040891266,60.1103674168014,6
fold_3,previous_day_24h,target_cohort,positive,115045,32.72721978356295,0.8443304793776348,10.082211308618367,28.765766773807666,0.8343518596656307,70.4666711068106,6
fold_3,previous_week_168h,target_cohort,positive,115045,32.27037246294928,0.8503107479681864,6.810448085531749,16.641382649824866,0.9445612450469915,63.88665949781618,6
fold_3,zone_hour_average,target_cohort,positive,115045,32.315436923285475,0.9997218479725325,9.71504043231227,25.94030619080394,0.8652946481070606,48.51541738861443,6
fold_3,rolling_mean_24h,target_cohort,positive,115045,32.310922899734884,0.9979138597939936,19.66281781042201,46.32866124923353,0.5703308665639586,64.90972424824987,6
fold_3,hist_gradient_boosting,target_cohort,positive,115045,32.596385490034194,1.0,6.1291076118927466,14.615282203073447,0.9572388806058507,44.42684751546862,6
fold_3,latest_available,target_cohort,positive,115045,32.337155026294056,0.7854230953105307,30.07222391238211,70.70808437304767,-0.0008587667299320145,107.77074329572064,6
fold_3,previous_day_24h,target_cohort,zero,73595,0.46361845234051224,0.242733881377811,0.46361845234051224,1.9210591095675875,,48.5467762755622,6
fold_3,previous_week_168h,target_cohort,zero,73595,0.3896460357361234,0.23626605068279094,0.3896460357361234,1.111942227527364,,47.25321013655819,6
fold_3,zone_hour_average,target_cohort,zero,73595,0.6046990011850677,0.8952646239554317,0.6046990011850677,1.3259751604970929,,179.05292479108635,6
fold_3,rolling_mean_24h,target_cohort,zero,73595,1.1148136195846639,0.7840478293362321,1.1148136195846639,6.0684349054908795,,156.80956586724642,6
fold_3,hist_gradient_boosting,target_cohort,zero,73595,0.636664113083427,1.0,0.636664113083427,1.1032788108242135,,200.0,6
fold_3,latest_available,target_cohort,zero,73595,1.2292275290440926,0.335267341531354,1.2292275290440926,8.312168970823706,,67.0534683062708,6
